id,進貨日期,商品ID,數量,單位成本,進貨來源,備註,訂單狀態,建立時間,金額,user_id
"3250d13f-5b7f-4bb4-a4a9-556a8eb15e08","2026-04-25T00:00:00+00:00","cc399e5e-c57f-4782-88cf-d8e280b9d776","1","157","","","待入庫","2026-04-25T14:33:33.988652+00:00","157","6bd05ea5-44eb-46de-a7f2-cd540b4ca715"
"42bf9b90-2d71-4bc2-8db4-126546fc9259","2026-04-30T00:00:00+00:00","42687ef1-23ac-4ac9-8a31-fec0072b8a69","1","697","","","待入庫","2026-04-30T16:14:07.097982+00:00","697","6bd05ea5-44eb-46de-a7f2-cd540b4ca715"
"63f3835d-f444-4f3d-b9c8-b49da20bff73","2026-05-08T00:00:00+00:00","a0dafa15-4f32-496b-9872-abdabf489346","3","185","","","待入庫","2026-05-08T11:24:22.794414+00:00","555","6bd05ea5-44eb-46de-a7f2-cd540b4ca715"
"be8791ec-c2d1-4ec6-b578-dc1d3cb642c7","2026-05-08T00:00:00+00:00","e31e1bdc-6fc8-4a6f-955f-1a149d692117","1","176","","","待入庫","2026-05-08T11:24:22.794414+00:00","176","6bd05ea5-44eb-46de-a7f2-cd540b4ca715"
"eb3fd38b-8c34-4459-bc52-79b3ff09b012","2026-05-11T00:00:00+00:00","4b8194a3-5e26-471d-90e1-a65ccc52ddeb","1","785","","","待入庫","2026-05-11T14:11:12.71341+00:00","785","6bd05ea5-44eb-46de-a7f2-cd540b4ca715"
"1b0b87e0-c8c5-41d7-9a49-ee0c16f2a1ab","2026-05-17T00:00:00+00:00","3708dc12-ce62-4bb4-8ec8-92efbc962737","1","251","","","待入庫","2026-05-17T08:32:13.466945+00:00","251","6bd05ea5-44eb-46de-a7f2-cd540b4ca715"
"67df0bd3-604b-4710-a09f-f75ab136ad11","2026-05-21T00:00:00+00:00","e793066e-97dc-4948-830f-f4dfd1e3d767","1","0","","","待入庫","2026-05-21T06:08:15.343476+00:00","0","6bd05ea5-44eb-46de-a7f2-cd540b4ca715"
"24292bdc-5913-49f1-92f7-aef880815219","2025-05-01T00:00:00+00:00","5b03f140-fb75-4a42-9e7c-a6515abbab08","5","358","蝦皮","","已入庫","2026-04-21T14:34:51.335999+00:00","1790","6bd05ea5-44eb-46de-a7f2-cd540b4ca715"
"6ad8e7f3-03fb-4c20-928c-805132a8c6df","2025-05-01T00:00:00+00:00","b452eb6d-32f7-40fc-b60d-97b1ae53b09d","1","792","蝦皮","","已入庫","2026-04-21T14:34:51.335999+00:00","792","6bd05ea5-44eb-46de-a7f2-cd540b4ca715"
"5e0396c1-1ee9-4967-8a09-e92756c94ae5","2025-05-01T00:00:00+00:00","13a5ef17-86ea-4659-96d4-0d4b67389437","1","1370","蝦皮","努力","已入庫","2026-04-21T14:34:51.335999+00:00","1370","6bd05ea5-44eb-46de-a7f2-cd540b4ca715"
"b32fcd83-b10b-42af-9d0f-01208ac52ef7","2025-05-01T00:00:00+00:00","b452eb6d-32f7-40fc-b60d-97b1ae53b09d","1","727","蝦皮","","已入庫","2026-04-21T14:34:51.335999+00:00","727","6bd05ea5-44eb-46de-a7f2-cd540b4ca715"
"fa5c9edf-da01-49e1-a8ea-deb6c67cd34c","2025-05-01T00:00:00+00:00","937c135a-fd34-418a-a3f0-c61e3b52e910","1","553.5","蝦皮","","已入庫","2026-04-21T14:34:51.335999+00:00","553.5","6bd05ea5-44eb-46de-a7f2-cd540b4ca715"
"e1f026ac-e0ab-4151-99e4-29d3454eb3f8","2025-05-01T00:00:00+00:00","eaa5abbf-07ef-422c-822a-bd49f4c9db9e","1","553.5","蝦皮","","已入庫","2026-04-21T14:34:51.335999+00:00","553.5","6bd05ea5-44eb-46de-a7f2-cd540b4ca715"
"c66368ec-e0c7-4a9e-b8fe-02f3d0bfa8cd","2025-05-01T00:00:00+00:00","937c135a-fd34-418a-a3f0-c61e3b52e910","3","594","蝦皮","","已入庫","2026-04-21T14:34:51.335999+00:00","1782","6bd05ea5-44eb-46de-a7f2-cd540b4ca715"
"44ad5a12-b9fc-4723-85df-3a07d4052582","2025-05-02T00:00:00+00:00","13a5ef17-86ea-4659-96d4-0d4b67389437","1","1370","蝦皮","白白","已入庫","2026-04-21T14:34:51.335999+00:00","1370","6bd05ea5-44eb-46de-a7f2-cd540b4ca715"
"5f819fc5-9930-4665-a9cf-c20b3d9463e1","2025-05-02T00:00:00+00:00","39749fa7-2bb1-4c7a-abe5-1c35b0a3bb5b","1","963","蝦皮","","已入庫","2026-04-21T14:34:51.335999+00:00","963","6bd05ea5-44eb-46de-a7f2-cd540b4ca715"
"95bb971d-f46d-41c0-af22-6ec38e1ade51","2026-04-24T00:00:00+00:00","bebae2c8-6114-4d9b-9129-f6910d2aae1a","2","324.5","","","待入庫","2026-04-25T14:23:15.031935+00:00","649","6bd05ea5-44eb-46de-a7f2-cd540b4ca715"
"c8acd6ec-8f57-4f38-8679-34d137caa346","2026-04-24T00:00:00+00:00","42687ef1-23ac-4ac9-8a31-fec0072b8a69","1","764","","","待入庫","2026-04-25T14:25:38.144768+00:00","764","6bd05ea5-44eb-46de-a7f2-cd540b4ca715"
"6485651c-9fee-439d-bd7e-44eb36ba6ee6","2026-05-01T00:00:00+00:00","3b260f15-3255-45c4-9467-7002ec0de157","1","302","","","待入庫","2026-05-01T14:03:20.543339+00:00","302","6bd05ea5-44eb-46de-a7f2-cd540b4ca715"
"3bf62eca-6e35-4c5a-b904-00d02cc5c4e0","2026-05-01T00:00:00+00:00","3b260f15-3255-45c4-9467-7002ec0de157","1","306","","","待入庫","2026-05-01T14:03:20.543339+00:00","306","6bd05ea5-44eb-46de-a7f2-cd540b4ca715"
"6bfcd25f-ddd6-468f-9231-7a552f668984","2026-05-08T00:00:00+00:00","5caa41f6-5c34-4c85-a435-7ef99413fde7","2","184","","","待入庫","2026-05-08T11:32:20.811327+00:00","368","6bd05ea5-44eb-46de-a7f2-cd540b4ca715"
"3867b7ec-339d-4446-a36c-a2221d26c4e7","2026-05-08T00:00:00+00:00","9d623512-b92a-45ef-8b9b-90e38dcaae52","2","92","","","待入庫","2026-05-08T11:32:20.811327+00:00","184","6bd05ea5-44eb-46de-a7f2-cd540b4ca715"
"4b536b32-ef0c-4cc7-a4d1-7d48c231bd3f","2026-05-08T00:00:00+00:00","eebdba3c-2f18-4a2e-8adc-10a407ba53c1","1","119","","","待入庫","2026-05-08T11:32:20.811327+00:00","119","6bd05ea5-44eb-46de-a7f2-cd540b4ca715"
"cb13a41d-a93c-4557-b675-7723a0863933","2026-05-11T00:00:00+00:00","42687ef1-23ac-4ac9-8a31-fec0072b8a69","1","832","","","待入庫","2026-05-11T16:40:33.386323+00:00","832","6bd05ea5-44eb-46de-a7f2-cd540b4ca715"
"bbeaffd4-406e-449d-86e6-e65bf2f49b2c","2026-05-17T00:00:00+00:00","42687ef1-23ac-4ac9-8a31-fec0072b8a69","1","791","","","待入庫","2026-05-17T09:42:26.258136+00:00","791","6bd05ea5-44eb-46de-a7f2-cd540b4ca715"
"cccda496-03bc-4109-bf19-ac87735deb24","2026-05-21T00:00:00+00:00","e31e1bdc-6fc8-4a6f-955f-1a149d692117","4","140","","","待入庫","2026-05-21T06:23:46.696857+00:00","560","6bd05ea5-44eb-46de-a7f2-cd540b4ca715"
"b743c1b4-85fb-40d3-a825-9b394f111d3a","2026-05-21T00:00:00+00:00","9c090370-efb7-47c7-a3c1-0c406f0bebd0","3","140","","","待入庫","2026-05-21T06:23:46.696857+00:00","420","6bd05ea5-44eb-46de-a7f2-cd540b4ca715"
"e1b21530-1202-4412-9fa2-936890e1ccb2","2026-05-21T00:00:00+00:00","74bde7af-4f81-42ed-8948-902920eca0d6","2","140","","","待入庫","2026-05-21T06:23:46.696857+00:00","280","6bd05ea5-44eb-46de-a7f2-cd540b4ca715"
"ef99ae17-7f49-46ba-b6b9-2e905f96c462","2026-05-21T00:00:00+00:00","8c39dc33-8ade-40c9-9aea-ec9003281c80","3","140","","","待入庫","2026-05-21T06:23:46.696857+00:00","420","6bd05ea5-44eb-46de-a7f2-cd540b4ca715"
"5a597638-4fe3-43cc-b31d-1ade16d2c241","2026-05-21T00:00:00+00:00","f65ce37d-f24e-44f0-8854-f06b7c95ec00","1","232","","","待入庫","2026-05-21T06:23:46.696857+00:00","232","6bd05ea5-44eb-46de-a7f2-cd540b4ca715"
"f198a51c-5cf7-4865-b7ac-5b4897151cb7","2025-08-01T00:00:00+00:00","ec22c4d3-700e-4b48-b8b2-5fb448e5c713","1","367","蝦皮","","已入庫","2026-04-21T15:59:14.301859+00:00","367","6bd05ea5-44eb-46de-a7f2-cd540b4ca715"
"6fec0428-ac9a-4813-9287-0592159e17cd","2025-08-01T00:00:00+00:00","ec22c4d3-700e-4b48-b8b2-5fb448e5c713","1","338","蝦皮","","已入庫","2026-04-21T15:59:14.301859+00:00","338","6bd05ea5-44eb-46de-a7f2-cd540b4ca715"
"110ab456-b3a6-4ba8-8f31-2beccb082778","2025-08-01T00:00:00+00:00","ec22c4d3-700e-4b48-b8b2-5fb448e5c713","1","355","蝦皮","","已入庫","2026-04-21T15:59:14.301859+00:00","355","6bd05ea5-44eb-46de-a7f2-cd540b4ca715"
"8043ad7b-e4c6-4255-a669-f9cdfeb944bb","2025-08-01T00:00:00+00:00","ec22c4d3-700e-4b48-b8b2-5fb448e5c713","1","355","蝦皮","","已入庫","2026-04-21T15:59:14.301859+00:00","355","6bd05ea5-44eb-46de-a7f2-cd540b4ca715"
"efbc084c-390e-4e09-908a-973d47945802","2025-08-01T00:00:00+00:00","ec22c4d3-700e-4b48-b8b2-5fb448e5c713","1","351","蝦皮","","已入庫","2026-04-21T15:59:14.301859+00:00","351","6bd05ea5-44eb-46de-a7f2-cd540b4ca715"
"3554fe19-074c-4cbe-a35c-8b71b292177f","2025-08-02T00:00:00+00:00","ec22c4d3-700e-4b48-b8b2-5fb448e5c713","1","374","蝦皮","","已入庫","2026-04-21T15:59:14.301859+00:00","374","6bd05ea5-44eb-46de-a7f2-cd540b4ca715"
"94a43d72-c046-450f-af5e-c8d8c421a0ef","2025-08-02T00:00:00+00:00","ec22c4d3-700e-4b48-b8b2-5fb448e5c713","1","353","蝦皮","","已入庫","2026-04-21T15:59:14.301859+00:00","353","6bd05ea5-44eb-46de-a7f2-cd540b4ca715"
"8f1e9df9-ac82-4d98-a7f5-a4ae05990f94","2025-08-02T00:00:00+00:00","ec22c4d3-700e-4b48-b8b2-5fb448e5c713","1","366","蝦皮","","已入庫","2026-04-21T15:59:14.301859+00:00","366","6bd05ea5-44eb-46de-a7f2-cd540b4ca715"
"c0fff2d4-2e9d-4213-aa07-ced2c532b947","2025-08-02T00:00:00+00:00","ec22c4d3-700e-4b48-b8b2-5fb448e5c713","1","324","蝦皮","","已入庫","2026-04-21T15:59:14.301859+00:00","324","6bd05ea5-44eb-46de-a7f2-cd540b4ca715"
"266e5248-dbd2-417f-a0d0-33bc43ddb10a","2025-08-02T00:00:00+00:00","ec22c4d3-700e-4b48-b8b2-5fb448e5c713","1","333","蝦皮","","已入庫","2026-04-21T15:59:14.301859+00:00","333","6bd05ea5-44eb-46de-a7f2-cd540b4ca715"
"1c5f20c4-f97d-4d08-afa9-30a75091f388","2025-08-02T00:00:00+00:00","3c5abc2e-97ab-426f-8d4c-a155553252bc","1","728","蝦皮","","已入庫","2026-04-21T15:59:14.301859+00:00","728","6bd05ea5-44eb-46de-a7f2-cd540b4ca715"
"938782c0-371f-423e-b005-c3cebd95e06a","2025-08-03T00:00:00+00:00","ec22c4d3-700e-4b48-b8b2-5fb448e5c713","1","366","蝦皮","","已入庫","2026-04-21T15:59:14.301859+00:00","366","6bd05ea5-44eb-46de-a7f2-cd540b4ca715"
"079f7590-2c39-4348-a223-1bafc8259e71","2025-08-03T00:00:00+00:00","ec22c4d3-700e-4b48-b8b2-5fb448e5c713","2","366","蝦皮","","已入庫","2026-04-21T15:59:14.301859+00:00","732","6bd05ea5-44eb-46de-a7f2-cd540b4ca715"
"c2e3738f-b5fa-447f-bf21-03c14cbf5e5e","2025-08-03T00:00:00+00:00","ec22c4d3-700e-4b48-b8b2-5fb448e5c713","1","333","蝦皮","","已入庫","2026-04-21T15:59:14.301859+00:00","333","6bd05ea5-44eb-46de-a7f2-cd540b4ca715"
"3a9f9d0f-1164-483a-bb99-f7fbb2a60f29","2025-08-03T00:00:00+00:00","ec22c4d3-700e-4b48-b8b2-5fb448e5c713","1","333","蝦皮","","已入庫","2026-04-21T15:59:14.301859+00:00","333","6bd05ea5-44eb-46de-a7f2-cd540b4ca715"
"e29040f5-728f-4c88-9ce0-da483e77947a","2025-08-03T00:00:00+00:00","86f1293c-6bd7-45e5-b6a6-ec8a286c1c43","1","478","蝦皮","","已入庫","2026-04-21T15:59:14.301859+00:00","478","6bd05ea5-44eb-46de-a7f2-cd540b4ca715"
"ca2dda14-97bc-4b56-a613-cf7ff460ea0d","2025-08-05T00:00:00+00:00","ec22c4d3-700e-4b48-b8b2-5fb448e5c713","1","352","蝦皮","","已入庫","2026-04-21T15:59:14.301859+00:00","352","6bd05ea5-44eb-46de-a7f2-cd540b4ca715"
"241b57de-15b4-444e-a559-1ae1fc920c00","2025-08-05T00:00:00+00:00","ec22c4d3-700e-4b48-b8b2-5fb448e5c713","1","382","蝦皮","","已入庫","2026-04-21T15:59:14.301859+00:00","382","6bd05ea5-44eb-46de-a7f2-cd540b4ca715"
"d0573d9d-add1-48fc-af7e-8dbcd69e1322","2025-08-05T00:00:00+00:00","ec22c4d3-700e-4b48-b8b2-5fb448e5c713","1","368","蝦皮","","已入庫","2026-04-21T15:59:14.301859+00:00","368","6bd05ea5-44eb-46de-a7f2-cd540b4ca715"
"76f920f3-9f00-4356-a655-ac2eaa1ffc75","2025-08-05T00:00:00+00:00","ec22c4d3-700e-4b48-b8b2-5fb448e5c713","1","376","蝦皮","","已入庫","2026-04-21T15:59:14.301859+00:00","376","6bd05ea5-44eb-46de-a7f2-cd540b4ca715"
"2d460e76-abfa-4dbe-ac5a-ca3e7a83594d","2026-04-24T00:00:00+00:00","f4525808-8392-4881-8085-77ba4d5fbac5","1","649","","","待入庫","2026-04-25T14:23:30.504229+00:00","649","6bd05ea5-44eb-46de-a7f2-cd540b4ca715"
"af998614-afd9-4ea8-8884-b0db049d9856","2026-04-25T00:00:00+00:00","caa4240a-d932-4641-b05a-72ddbf2379e4","1","1867","","","待入庫","2026-04-25T14:26:25.927363+00:00","1867","6bd05ea5-44eb-46de-a7f2-cd540b4ca715"
"b110d39f-4c29-48b1-b89a-c42048b6c444","2026-04-25T00:00:00+00:00","42687ef1-23ac-4ac9-8a31-fec0072b8a69","1","762","","","待入庫","2026-04-25T14:34:09.076537+00:00","762","6bd05ea5-44eb-46de-a7f2-cd540b4ca715"
"7fc01497-027a-49ea-bf2c-e886a64b1061","2026-04-25T00:00:00+00:00","cc399e5e-c57f-4782-88cf-d8e280b9d776","1","121","","","待入庫","2026-04-25T14:34:34.208062+00:00","121","6bd05ea5-44eb-46de-a7f2-cd540b4ca715"
"6c907763-6721-4803-824d-913fa8d84af2","2026-05-01T00:00:00+00:00","3708dc12-ce62-4bb4-8ec8-92efbc962737","1","241","","","待入庫","2026-05-01T15:09:20.939073+00:00","241","6bd05ea5-44eb-46de-a7f2-cd540b4ca715"
"19fc1364-5d12-4ccb-af97-b70b8b0ad7a6","2026-05-08T00:00:00+00:00","f65ce37d-f24e-44f0-8854-f06b7c95ec00","2","227","","","待入庫","2026-05-08T14:15:27.61052+00:00","454","6bd05ea5-44eb-46de-a7f2-cd540b4ca715"
"105be914-8f4a-44fb-a533-3fe525711e2b","2026-05-12T00:00:00+00:00","42687ef1-23ac-4ac9-8a31-fec0072b8a69","1","902","","","待入庫","2026-05-12T16:32:21.043591+00:00","902","6bd05ea5-44eb-46de-a7f2-cd540b4ca715"
"35be3403-4736-4d32-a97a-ab39a9864ba6","2026-05-12T00:00:00+00:00","caa4240a-d932-4641-b05a-72ddbf2379e4","1","1929","","","待入庫","2026-05-12T16:32:21.043591+00:00","1929","6bd05ea5-44eb-46de-a7f2-cd540b4ca715"
"f4940233-4bf2-4fad-bfe4-3d444ff533cb","2026-05-12T00:00:00+00:00","f4525808-8392-4881-8085-77ba4d5fbac5","1","653","","","待入庫","2026-05-12T16:32:21.043591+00:00","653","6bd05ea5-44eb-46de-a7f2-cd540b4ca715"
"e5db64b3-11a6-4b8f-9d17-b02bb360763f","2026-05-17T00:00:00+00:00","f4525808-8392-4881-8085-77ba4d5fbac5","1","605","","","待入庫","2026-05-17T13:01:51.531377+00:00","605","6bd05ea5-44eb-46de-a7f2-cd540b4ca715"
"3bd944b9-965a-4331-99a8-c05d6a4b6398","2026-05-21T00:00:00+00:00","b100d2c8-bdcd-48a6-921e-5bad550afe36","1","93","","補","待入庫","2026-05-21T06:51:33.346328+00:00","93","6bd05ea5-44eb-46de-a7f2-cd540b4ca715"
"c66a3bc0-5017-49b4-8959-2210505a28cc","2026-05-21T00:00:00+00:00","d0268e9b-5218-4eec-894d-41a21db20291","2","93","","","待入庫","2026-05-21T06:51:33.346328+00:00","186","6bd05ea5-44eb-46de-a7f2-cd540b4ca715"
"6357bf8a-8a74-4602-a773-c3b506174fc7","2026-05-21T00:00:00+00:00","bd25ab84-0abf-4b20-9de1-813ecb8aeb07","2","93","","","待入庫","2026-05-21T06:51:33.346328+00:00","186","6bd05ea5-44eb-46de-a7f2-cd540b4ca715"
"4ebda045-86dd-404c-899d-cc5e7739605e","2026-05-21T00:00:00+00:00","a1c0c779-53eb-4dc9-80da-721ad7130d4b","2","93","","","待入庫","2026-05-21T06:51:33.346328+00:00","186","6bd05ea5-44eb-46de-a7f2-cd540b4ca715"
"7434baf7-ff5a-4d45-be3b-cab985481156","2026-05-21T00:00:00+00:00","47895700-d4d2-4dad-87fa-910b4b216b01","2","93","","","待入庫","2026-05-21T06:51:33.346328+00:00","186","6bd05ea5-44eb-46de-a7f2-cd540b4ca715"
"2a5a36f4-4997-40d4-9d36-ea26bb0e83fd","2026-05-21T00:00:00+00:00","c9312678-b872-45eb-963c-50ecf4053558","2","93","","","待入庫","2026-05-21T06:51:33.346328+00:00","186","6bd05ea5-44eb-46de-a7f2-cd540b4ca715"
"8857330e-3b07-435d-931b-f151746e8b13","2026-05-21T00:00:00+00:00","e4c49e83-c66c-43d3-ab5c-c70933d260b0","1","93","","","待入庫","2026-05-21T06:51:33.346328+00:00","93","6bd05ea5-44eb-46de-a7f2-cd540b4ca715"
"b37a4d37-a4c9-4670-b013-48a97d006f1b","2026-05-21T00:00:00+00:00","18b00cf0-705b-4b4b-b61f-2dd5be5440b1","1","93","","","待入庫","2026-05-21T06:51:33.346328+00:00","93","6bd05ea5-44eb-46de-a7f2-cd540b4ca715"
"f1bfe505-b9c1-4dc0-bf5b-bb8308e89926","2026-05-21T00:00:00+00:00","cc399e5e-c57f-4782-88cf-d8e280b9d776","3","93","","","待入庫","2026-05-21T06:51:33.346328+00:00","279","6bd05ea5-44eb-46de-a7f2-cd540b4ca715"
"61bf9afc-b97b-455e-ad57-78bca5ed9408","2026-04-24T00:00:00+00:00","eebdba3c-2f18-4a2e-8adc-10a407ba53c1","1","139","","","待入庫","2026-04-25T14:23:56.324725+00:00","139","6bd05ea5-44eb-46de-a7f2-cd540b4ca715"
"a1586687-d1f6-40d8-b6b0-b3da5e9cd12b","2026-04-24T00:00:00+00:00","cc399e5e-c57f-4782-88cf-d8e280b9d776","1","139","","","待入庫","2026-04-25T14:24:29.303874+00:00","139","6bd05ea5-44eb-46de-a7f2-cd540b4ca715"
"085d3f85-3eb5-40b1-805e-48aceeef0bb2","2026-05-01T00:00:00+00:00","42687ef1-23ac-4ac9-8a31-fec0072b8a69","1","771","","","待入庫","2026-05-01T15:38:06.12574+00:00","771","6bd05ea5-44eb-46de-a7f2-cd540b4ca715"
"cdb723dd-d812-4d5d-8bb2-fe64a9623f3c","2026-05-08T00:00:00+00:00","c9312678-b872-45eb-963c-50ecf4053558","1","69.5","","","待入庫","2026-05-08T18:27:44.343526+00:00","69.5","6bd05ea5-44eb-46de-a7f2-cd540b4ca715"
"4861c2a2-e602-4642-b54b-12213ba4c94e","2026-05-08T00:00:00+00:00","e4c49e83-c66c-43d3-ab5c-c70933d260b0","1","69.5","","","待入庫","2026-05-08T18:27:44.343526+00:00","69.5","6bd05ea5-44eb-46de-a7f2-cd540b4ca715"
"bb34540e-cd1d-4d00-b409-c46c405bc2f7","2026-05-13T00:00:00+00:00","42687ef1-23ac-4ac9-8a31-fec0072b8a69","1","932","","","待入庫","2026-05-13T02:03:12.297691+00:00","932","6bd05ea5-44eb-46de-a7f2-cd540b4ca715"
"8988c98d-09b8-4b12-af26-d48f62348908","2026-05-17T00:00:00+00:00","4580ae23-9c31-4547-b940-2c6bc1ef8a77","1","200","","","待入庫","2026-05-17T18:20:53.127131+00:00","200","6bd05ea5-44eb-46de-a7f2-cd540b4ca715"
"257b4d82-be85-4a1b-9fe8-dedab9ca61a3","2026-05-17T00:00:00+00:00","663d9ec7-b548-4c6c-9c73-150008d5b512","1","149","","","待入庫","2026-05-17T18:20:53.127131+00:00","149","6bd05ea5-44eb-46de-a7f2-cd540b4ca715"
"3bb1ce6c-a814-4660-a7a7-cb8197f343cf","2026-05-21T00:00:00+00:00","fbebbc51-5e15-47ef-978e-601234d0353e","2","80","","","待入庫","2026-05-21T08:09:37.389602+00:00","160","6bd05ea5-44eb-46de-a7f2-cd540b4ca715"
"918aff9d-882b-473d-a0dd-393024e85cab","2026-05-21T00:00:00+00:00","ef09d7e9-d241-46df-94ab-924b7d06afbd","1","50","","","待入庫","2026-05-21T08:09:37.389602+00:00","50","6bd05ea5-44eb-46de-a7f2-cd540b4ca715"
"47bb7c92-907c-4bc4-a486-cac06c4b929a","2026-05-21T00:00:00+00:00","476b6f8e-14d4-4c71-99b2-9145028d625a","7","0","","","待入庫","2026-05-21T08:09:37.389602+00:00","0","6bd05ea5-44eb-46de-a7f2-cd540b4ca715"
"2de043a7-74c8-4003-9d78-63cd209aab2e","2026-05-21T00:00:00+00:00","551cfb11-ba72-4876-ad1a-38540875fea0","4","0","","","待入庫","2026-05-21T08:09:37.389602+00:00","0","6bd05ea5-44eb-46de-a7f2-cd540b4ca715"
"3bd6fa30-cb97-430b-bf82-dca97b13473b","2026-05-21T00:00:00+00:00","24039aa7-a987-410b-9cd2-fd74f299fd85","2","336","","補","待入庫","2026-05-21T08:09:37.389602+00:00","672","6bd05ea5-44eb-46de-a7f2-cd540b4ca715"
"a0cce33a-6b4b-4e83-bebb-16d85ad18fa3","2026-04-24T00:00:00+00:00","bebae2c8-6114-4d9b-9129-f6910d2aae1a","1","347","","","待入庫","2026-04-25T14:24:10.491256+00:00","347","6bd05ea5-44eb-46de-a7f2-cd540b4ca715"
"0fad826b-d63c-4e6f-9de0-930e85708b4c","2026-04-24T00:00:00+00:00","ad7e0321-79ee-4ff6-a917-1564a6d6faa0","1","139","","","待入庫","2026-04-25T14:26:05.180618+00:00","139","6bd05ea5-44eb-46de-a7f2-cd540b4ca715"
"2a5e24a5-1cec-4657-a1c6-27fba350bb64","2026-04-27T00:00:00+00:00","3e3e5d56-a723-4816-9e19-4a284d6514ac","1","185","","","待入庫","2026-04-27T16:30:49.814338+00:00","185","6bd05ea5-44eb-46de-a7f2-cd540b4ca715"
"33dae53c-68f7-40ea-9fac-8e60d9448917","2026-05-02T00:00:00+00:00","3fdbf8de-0d66-4443-8b67-e4595bb19951","1","1887","","","待入庫","2026-05-02T07:18:24.573625+00:00","1887","6bd05ea5-44eb-46de-a7f2-cd540b4ca715"
"fe34cb44-71e3-4a08-9e8c-236d1f3b0bcf","2026-05-09T00:00:00+00:00","bd25ab84-0abf-4b20-9de1-813ecb8aeb07","1","69.5","","","待入庫","2026-05-09T10:00:40.482364+00:00","69.5","6bd05ea5-44eb-46de-a7f2-cd540b4ca715"
"1d96eb51-e926-4a9d-8184-760657ef5dee","2026-05-13T00:00:00+00:00","caa4240a-d932-4641-b05a-72ddbf2379e4","1","1968","","","待入庫","2026-05-13T03:01:51.43121+00:00","1968","6bd05ea5-44eb-46de-a7f2-cd540b4ca715"
"f33304c9-7de5-4334-9779-417676c40a40","2026-05-18T00:00:00+00:00","4580ae23-9c31-4547-b940-2c6bc1ef8a77","1","200","","","待入庫","2026-05-18T04:45:49.911856+00:00","200","6bd05ea5-44eb-46de-a7f2-cd540b4ca715"
"7332c95e-0a1d-4b95-96a5-ea6cf2c7ce9b","2026-05-18T00:00:00+00:00","baae2e81-583f-4416-934a-25a731f85f5d","1","172","","","待入庫","2026-05-18T04:45:49.911856+00:00","172","6bd05ea5-44eb-46de-a7f2-cd540b4ca715"
"1a16347a-fc06-4c46-a9d8-e9dc143570e1","2026-05-21T00:00:00+00:00","6cbc22a9-8bbf-4f20-b344-6cfb89174684","1","63","","","待入庫","2026-05-21T08:12:04.916028+00:00","63","6bd05ea5-44eb-46de-a7f2-cd540b4ca715"
"c7d49aad-ee89-4257-bd95-c48e8c4bd38f","2026-04-24T00:00:00+00:00","42687ef1-23ac-4ac9-8a31-fec0072b8a69","1","764","","","待入庫","2026-04-25T14:24:40.748502+00:00","764","6bd05ea5-44eb-46de-a7f2-cd540b4ca715"
"d3a16c7b-5921-4156-8167-48d86970b090","2026-04-24T00:00:00+00:00","caa4240a-d932-4641-b05a-72ddbf2379e4","1","1861","","","待入庫","2026-04-25T14:25:06.367599+00:00","1861","6bd05ea5-44eb-46de-a7f2-cd540b4ca715"
"386cf432-d52d-49ee-8c2a-3708579a86f5","2026-04-27T00:00:00+00:00","3f4ea6f8-463d-4b22-8770-f1e6edaad26c","1","185","","","待入庫","2026-04-27T16:31:16.077773+00:00","185","6bd05ea5-44eb-46de-a7f2-cd540b4ca715"
"33f761b3-0369-41b7-9354-5cb12b86ab99","2026-05-02T00:00:00+00:00","3fdbf8de-0d66-4443-8b67-e4595bb19951","1","1839","","","待入庫","2026-05-02T08:56:36.834924+00:00","1839","6bd05ea5-44eb-46de-a7f2-cd540b4ca715"
"ebf9a8e5-a609-4702-8572-06d532f2cbb0","2026-05-09T00:00:00+00:00","44ddd95c-e45f-448b-a1eb-fd57f46db195","1","175","","","待入庫","2026-05-09T13:21:54.671153+00:00","175","6bd05ea5-44eb-46de-a7f2-cd540b4ca715"
"ac7274b0-8d5b-48a7-bbe5-b25c9bbb168b","2026-05-09T00:00:00+00:00","bd25ab84-0abf-4b20-9de1-813ecb8aeb07","1","83","","","待入庫","2026-05-09T13:21:54.671153+00:00","83","6bd05ea5-44eb-46de-a7f2-cd540b4ca715"
"03d6f9ef-1d8b-4b5a-8d05-98146e572a9c","2026-05-09T00:00:00+00:00","18b00cf0-705b-4b4b-b61f-2dd5be5440b1","1","83","","","待入庫","2026-05-09T13:21:54.671153+00:00","83","6bd05ea5-44eb-46de-a7f2-cd540b4ca715"
"0c863a5f-f8d8-402e-92fb-39f9de45d099","2026-05-09T00:00:00+00:00","d42b6451-613f-4d9b-88a7-bc7090a2fb0d","1","115","","","待入庫","2026-05-09T13:21:54.671153+00:00","115","6bd05ea5-44eb-46de-a7f2-cd540b4ca715"
"305c2e5d-432b-4b6e-865a-17779be97484","2026-05-09T00:00:00+00:00","9d623512-b92a-45ef-8b9b-90e38dcaae52","1","121","","","待入庫","2026-05-09T13:21:54.671153+00:00","121","6bd05ea5-44eb-46de-a7f2-cd540b4ca715"
"c7bdf9a0-29d0-455b-8aad-8ee07320a799","2026-05-13T00:00:00+00:00","42687ef1-23ac-4ac9-8a31-fec0072b8a69","1","932","","","待入庫","2026-05-13T03:08:56.429116+00:00","932","6bd05ea5-44eb-46de-a7f2-cd540b4ca715"
"2c9e7c08-f22f-47ac-b227-9bf10a8dbb01","2026-05-13T00:00:00+00:00","42687ef1-23ac-4ac9-8a31-fec0072b8a69","1","886","","","待入庫","2026-05-13T03:08:56.429116+00:00","886","6bd05ea5-44eb-46de-a7f2-cd540b4ca715"
"ccce26a9-a04e-4324-a82d-2690d36e58ce","2026-05-18T00:00:00+00:00","1047bac0-fec4-43f0-8205-00f485f3b3f6","1","182","","","待入庫","2026-05-18T04:46:43.496209+00:00","182","6bd05ea5-44eb-46de-a7f2-cd540b4ca715"
"47e88885-a861-4ebb-931f-dfc3398021fe","2026-05-21T00:00:00+00:00","bd25ab84-0abf-4b20-9de1-813ecb8aeb07","2","100","","","待入庫","2026-05-21T11:11:18.236933+00:00","200","6bd05ea5-44eb-46de-a7f2-cd540b4ca715"
"3b6a5152-fba4-476c-a33c-e1c85c059bcc","2026-05-21T00:00:00+00:00","df0d8565-0eb9-4c00-8e7d-8b42d0d04fd3","1","96","","","待入庫","2026-05-21T11:11:18.236933+00:00","96","6bd05ea5-44eb-46de-a7f2-cd540b4ca715"
"cf91cf95-ce4f-4598-9536-8389734afe55","2026-04-24T00:00:00+00:00","42687ef1-23ac-4ac9-8a31-fec0072b8a69","1","764","","","待入庫","2026-04-25T14:24:51.622722+00:00","764","6bd05ea5-44eb-46de-a7f2-cd540b4ca715"
"e10587f8-63d8-49d3-8f44-aaed5b20f057","2026-04-24T00:00:00+00:00","caa4240a-d932-4641-b05a-72ddbf2379e4","1","764","","","待入庫","2026-04-25T14:25:24.891314+00:00","764","6bd05ea5-44eb-46de-a7f2-cd540b4ca715"
"ca7af928-9e56-4eb3-b216-6522b2ee5115","2026-04-27T00:00:00+00:00","3f4ea6f8-463d-4b22-8770-f1e6edaad26c","1","226","","","待入庫","2026-04-27T16:31:37.80134+00:00","226","6bd05ea5-44eb-46de-a7f2-cd540b4ca715"
"00266ff5-ba8c-4059-96a2-dd8b772e1cc6","2026-05-02T00:00:00+00:00","42687ef1-23ac-4ac9-8a31-fec0072b8a69","1","788","","","待入庫","2026-05-02T10:28:49.114785+00:00","788","6bd05ea5-44eb-46de-a7f2-cd540b4ca715"
"1864fb51-a731-4d0d-b189-d36332dc82b4","2026-05-09T00:00:00+00:00","8c39dc33-8ade-40c9-9aea-ec9003281c80","1","163","","","待入庫","2026-05-09T15:51:29.49805+00:00","163","6bd05ea5-44eb-46de-a7f2-cd540b4ca715"
"ca7271e8-c878-4248-ae8c-16871065ca1e","2026-05-09T00:00:00+00:00","bebae2c8-6114-4d9b-9129-f6910d2aae1a","1","163","","","待入庫","2026-05-09T15:51:29.49805+00:00","163","6bd05ea5-44eb-46de-a7f2-cd540b4ca715"
"1d6e7256-4ef6-4c0a-97f7-8bcb5b2d787a","2026-05-09T00:00:00+00:00","5caa41f6-5c34-4c85-a435-7ef99413fde7","1","163","","","待入庫","2026-05-09T15:51:29.49805+00:00","163","6bd05ea5-44eb-46de-a7f2-cd540b4ca715"
"4d1b4e2a-08b6-444f-9de1-c5ca56e38f05","2026-05-09T00:00:00+00:00","74bde7af-4f81-42ed-8948-902920eca0d6","1","163","","","待入庫","2026-05-09T15:51:29.49805+00:00","163","6bd05ea5-44eb-46de-a7f2-cd540b4ca715"
"c822679e-e08d-4f01-901d-2bd11a5a81b3","2026-05-09T00:00:00+00:00","9c090370-efb7-47c7-a3c1-0c406f0bebd0","1","163","","","待入庫","2026-05-09T15:51:29.49805+00:00","163","6bd05ea5-44eb-46de-a7f2-cd540b4ca715"
"3d06f52c-929c-4957-b78c-631d0b361341","2026-05-09T00:00:00+00:00","f65ce37d-f24e-44f0-8854-f06b7c95ec00","1","163","","","待入庫","2026-05-09T15:51:29.49805+00:00","163","6bd05ea5-44eb-46de-a7f2-cd540b4ca715"
"35334811-a5fe-4aeb-87a8-e810048e4b91","2026-05-09T00:00:00+00:00","ad7e0321-79ee-4ff6-a917-1564a6d6faa0","1","163","","","待入庫","2026-05-09T15:51:29.49805+00:00","163","6bd05ea5-44eb-46de-a7f2-cd540b4ca715"
"e1ef88ee-81ee-44eb-bc5a-2eff59cf3d57","2026-05-09T00:00:00+00:00","e31e1bdc-6fc8-4a6f-955f-1a149d692117","1","168","","","待入庫","2026-05-09T15:51:29.49805+00:00","168","6bd05ea5-44eb-46de-a7f2-cd540b4ca715"
"0413377b-2ae4-4b8c-a2c8-8637f221ac59","2026-05-13T00:00:00+00:00","42687ef1-23ac-4ac9-8a31-fec0072b8a69","1","932","","","待入庫","2026-05-13T05:47:05.933543+00:00","932","6bd05ea5-44eb-46de-a7f2-cd540b4ca715"
"f56e0ae5-710a-4b61-985f-02064a334ba5","2026-05-13T00:00:00+00:00","caa4240a-d932-4641-b05a-72ddbf2379e4","1","1920","","","待入庫","2026-05-13T05:47:05.933543+00:00","1920","6bd05ea5-44eb-46de-a7f2-cd540b4ca715"
"409da971-1ebd-4942-88a6-97b45854a7fb","2026-05-18T00:00:00+00:00","4580ae23-9c31-4547-b940-2c6bc1ef8a77","1","179","","","待入庫","2026-05-18T04:59:17.533038+00:00","179","6bd05ea5-44eb-46de-a7f2-cd540b4ca715"
"b1702fef-5b5f-4517-866c-158c336ec538","2026-05-18T00:00:00+00:00","663d9ec7-b548-4c6c-9c73-150008d5b512","1","100","","","待入庫","2026-05-18T04:59:17.533038+00:00","100","6bd05ea5-44eb-46de-a7f2-cd540b4ca715"
"87e4a814-5583-4f4d-90f5-6ebfaf82751a","2026-05-21T00:00:00+00:00","00d452f9-a0b8-417f-a358-23091ba36053","1","47","","","待入庫","2026-05-21T11:18:21.094407+00:00","47","6bd05ea5-44eb-46de-a7f2-cd540b4ca715"
"9062b1af-be86-4968-9019-30963a346dcb","2026-04-25T00:00:00+00:00","42687ef1-23ac-4ac9-8a31-fec0072b8a69","1","755","","","待入庫","2026-04-25T14:26:14.799978+00:00","755","6bd05ea5-44eb-46de-a7f2-cd540b4ca715"
"3808a3c6-9359-4426-93a6-5c2475772957","2026-04-24T00:00:00+00:00","1ad1960c-56b7-4ec7-ae65-69128f53fc30","1","83","","","待入庫","2026-04-25T14:26:42.450763+00:00","83","6bd05ea5-44eb-46de-a7f2-cd540b4ca715"
"a7284db4-e0b2-4dc5-ac98-6dc2e9d6077a","2026-04-27T00:00:00+00:00","42687ef1-23ac-4ac9-8a31-fec0072b8a69","1","762","","","待入庫","2026-04-27T16:31:58.720996+00:00","762","6bd05ea5-44eb-46de-a7f2-cd540b4ca715"
"ec44d6d6-7822-4b38-87d8-f8127c1f95a1","2026-04-27T00:00:00+00:00","5caa41f6-5c34-4c85-a435-7ef99413fde7","1","207","","","待入庫","2026-04-27T16:32:13.441323+00:00","207","6bd05ea5-44eb-46de-a7f2-cd540b4ca715"
"0bf30bc8-4ed1-42a6-9061-26b377c3b0e4","2026-05-03T00:00:00+00:00","3fdbf8de-0d66-4443-8b67-e4595bb19951","1","1911","","","待入庫","2026-05-03T02:48:55.139782+00:00","1911","6bd05ea5-44eb-46de-a7f2-cd540b4ca715"
"7cfab3cc-3e7b-4ba9-bf3c-778c488f5d6f","2026-05-03T00:00:00+00:00","3fdbf8de-0d66-4443-8b67-e4595bb19951","1","1911","","","待入庫","2026-05-03T02:48:55.139782+00:00","1911","6bd05ea5-44eb-46de-a7f2-cd540b4ca715"
"6ab41c65-a7d7-42b5-a3b6-28f8d31a5347","2026-05-10T00:00:00+00:00","c9312678-b872-45eb-963c-50ecf4053558","1","69.5","","","待入庫","2026-05-10T03:24:13.3328+00:00","69.5","6bd05ea5-44eb-46de-a7f2-cd540b4ca715"
"bb948f2d-18d4-4914-a0c0-2a819f7494f2","2026-05-10T00:00:00+00:00","e4c49e83-c66c-43d3-ab5c-c70933d260b0","1","69.5","","","待入庫","2026-05-10T03:24:13.3328+00:00","69.5","6bd05ea5-44eb-46de-a7f2-cd540b4ca715"
"a78a2c8f-33cd-43f2-9e15-e23a7da01dbd","2026-05-13T00:00:00+00:00","f4525808-8392-4881-8085-77ba4d5fbac5","1","676","","","待入庫","2026-05-13T05:56:07.608332+00:00","676","6bd05ea5-44eb-46de-a7f2-cd540b4ca715"
"ab0f714a-f4ea-4719-8b61-ce9d9543c435","2026-05-18T00:00:00+00:00","4580ae23-9c31-4547-b940-2c6bc1ef8a77","1","223","","","待入庫","2026-05-18T08:36:12.782426+00:00","223","6bd05ea5-44eb-46de-a7f2-cd540b4ca715"
"061b871f-3efb-4b4b-b8a6-a6ca019faaf8","2026-05-21T00:00:00+00:00","2764835b-156a-46a8-aef0-1fd7740ba799","1","121","","","待入庫","2026-05-21T13:35:38.278897+00:00","121","6bd05ea5-44eb-46de-a7f2-cd540b4ca715"
"dec56b54-1eb4-47be-abb4-df7b227db9b3","2026-05-21T00:00:00+00:00","00d452f9-a0b8-417f-a358-23091ba36053","1","121","","","待入庫","2026-05-21T13:35:38.278897+00:00","121","6bd05ea5-44eb-46de-a7f2-cd540b4ca715"
"4964b0de-7b09-4fc9-8086-e9d9053fcdb7","2026-04-28T00:00:00+00:00","d42b6451-613f-4d9b-88a7-bc7090a2fb0d","1","133","","","待入庫","2026-04-27T16:33:27.346538+00:00","133","6bd05ea5-44eb-46de-a7f2-cd540b4ca715"
"cdef660b-3ff3-47a5-ae29-880aeeee560f","2026-04-28T00:00:00+00:00","e31e1bdc-6fc8-4a6f-955f-1a149d692117","1","200","","","待入庫","2026-04-27T16:33:27.346538+00:00","200","6bd05ea5-44eb-46de-a7f2-cd540b4ca715"
"35f23461-f434-45f3-9e29-a652f4cb1843","2026-05-03T00:00:00+00:00","3a0a3cc8-3890-458a-a8b7-d3cc9b03c498","6","242","","","待入庫","2026-05-03T06:26:22.156872+00:00","1452","6bd05ea5-44eb-46de-a7f2-cd540b4ca715"
"ee69f003-d7a0-44a9-ae74-2ea755f64dc7","2026-05-03T00:00:00+00:00","4012bd8b-b389-4b30-8512-378ec0c5dced","2","50","","","待入庫","2026-05-03T06:26:22.156872+00:00","100","6bd05ea5-44eb-46de-a7f2-cd540b4ca715"
"08b80dd9-36d2-4901-a471-462ce47b5a63","2026-05-10T00:00:00+00:00","42687ef1-23ac-4ac9-8a31-fec0072b8a69","1","785","","","待入庫","2026-05-10T03:48:24.730326+00:00","785","6bd05ea5-44eb-46de-a7f2-cd540b4ca715"
"b2c1e0f4-fe90-4c79-952f-a9c423b3b68c","2026-05-13T00:00:00+00:00","caa4240a-d932-4641-b05a-72ddbf2379e4","1","1968","","","待入庫","2026-05-13T05:57:33.32927+00:00","1968","6bd05ea5-44eb-46de-a7f2-cd540b4ca715"
"ef635de0-8962-41a8-a200-782342ba9372","2026-05-18T00:00:00+00:00","1047bac0-fec4-43f0-8205-00f485f3b3f6","1","195","","","待入庫","2026-05-18T08:39:02.969516+00:00","195","6bd05ea5-44eb-46de-a7f2-cd540b4ca715"
"2ff6962b-e931-4e1b-92fc-1b8ecdfe2d56","2026-05-22T00:00:00+00:00","bebae2c8-6114-4d9b-9129-f6910d2aae1a","1","303","","","待入庫","2026-05-22T08:21:55.752017+00:00","303","6bd05ea5-44eb-46de-a7f2-cd540b4ca715"
"b5bb7aaa-ef8c-4964-859f-e58a64374542","2026-05-22T00:00:00+00:00","3b260f15-3255-45c4-9467-7002ec0de157","1","303","","","待入庫","2026-05-22T08:21:55.752017+00:00","303","6bd05ea5-44eb-46de-a7f2-cd540b4ca715"
"61742237-b23b-42f0-8c7d-3217e0a45a3d","2026-04-27T00:00:00+00:00","d42b6451-613f-4d9b-88a7-bc7090a2fb0d","2","124.5","","","待入庫","2026-04-27T16:33:49.936215+00:00","249","6bd05ea5-44eb-46de-a7f2-cd540b4ca715"
"b7b8f993-9122-4dff-aea3-d01fa4132b46","2026-05-03T00:00:00+00:00","caa4240a-d932-4641-b05a-72ddbf2379e4","1","1815","","","待入庫","2026-05-03T08:29:48.640742+00:00","1815","6bd05ea5-44eb-46de-a7f2-cd540b4ca715"
"0816735a-3c25-4c64-9ff4-146664ff4d1f","2026-05-03T00:00:00+00:00","3fdbf8de-0d66-4443-8b67-e4595bb19951","1","1839","","","待入庫","2026-05-03T08:29:48.640742+00:00","1839","6bd05ea5-44eb-46de-a7f2-cd540b4ca715"
"8e215f88-b287-4846-9792-e71527242ec0","2026-05-10T00:00:00+00:00","e31e1bdc-6fc8-4a6f-955f-1a149d692117","1","162","","","待入庫","2026-05-10T05:39:46.943323+00:00","162","6bd05ea5-44eb-46de-a7f2-cd540b4ca715"
"8c0372b9-b76a-4e99-872f-3d757e3dd741","2026-05-13T00:00:00+00:00","42687ef1-23ac-4ac9-8a31-fec0072b8a69","1","932","","","待入庫","2026-05-13T09:11:12.894638+00:00","932","6bd05ea5-44eb-46de-a7f2-cd540b4ca715"
"d5baae62-0701-403a-a05c-94992c124895","2026-05-18T00:00:00+00:00","4b8194a3-5e26-471d-90e1-a65ccc52ddeb","1","814","","","待入庫","2026-05-18T11:37:32.334883+00:00","814","6bd05ea5-44eb-46de-a7f2-cd540b4ca715"
"a58be948-5d48-4c5d-9f1c-1f98109ca104","2026-05-22T00:00:00+00:00","3e3e5d56-a723-4816-9e19-4a284d6514ac","2","280","","","待入庫","2026-05-22T09:36:19.543971+00:00","560","6bd05ea5-44eb-46de-a7f2-cd540b4ca715"
"fa10eb3c-5d85-430b-958f-df323cc4a541","2026-04-28T00:00:00+00:00","d42b6451-613f-4d9b-88a7-bc7090a2fb0d","1","169.5","","","待入庫","2026-04-28T14:54:00.373377+00:00","169.5","6bd05ea5-44eb-46de-a7f2-cd540b4ca715"
"adf762f3-ee6b-4eb0-9b1d-e6fcb1557ea3","2026-04-28T00:00:00+00:00","e31e1bdc-6fc8-4a6f-955f-1a149d692117","1","169.5","","","待入庫","2026-04-28T14:54:00.373377+00:00","169.5","6bd05ea5-44eb-46de-a7f2-cd540b4ca715"
"6cf8bb56-4c54-45f5-b48c-34e890bd858e","2026-05-03T00:00:00+00:00","3b260f15-3255-45c4-9467-7002ec0de157","2","278.5","","","待入庫","2026-05-03T08:46:41.57153+00:00","557","6bd05ea5-44eb-46de-a7f2-cd540b4ca715"
"c7c60ae8-b192-49b5-b6ec-0c5b3353ba34","2026-05-09T00:00:00+00:00","00d452f9-a0b8-417f-a358-23091ba36053","1","139","","","待入庫","2026-05-10T07:42:12.830068+00:00","139","6bd05ea5-44eb-46de-a7f2-cd540b4ca715"
"473907e4-660e-4581-9404-2dc69004178f","2026-05-14T00:00:00+00:00","2764835b-156a-46a8-aef0-1fd7740ba799","2","125.5","","","待入庫","2026-05-14T04:48:11.110689+00:00","251","6bd05ea5-44eb-46de-a7f2-cd540b4ca715"
"7b5e0670-9a15-4d7f-aefb-78b1b7c92f31","2026-05-14T00:00:00+00:00","e4c49e83-c66c-43d3-ab5c-c70933d260b0","3","69","","","待入庫","2026-05-14T04:48:11.110689+00:00","207","6bd05ea5-44eb-46de-a7f2-cd540b4ca715"
"c16b5609-ac03-4067-bd7d-0beab4cc7067","2026-05-14T00:00:00+00:00","18b00cf0-705b-4b4b-b61f-2dd5be5440b1","1","84","","","待入庫","2026-05-14T04:48:11.110689+00:00","84","6bd05ea5-44eb-46de-a7f2-cd540b4ca715"
"be64ef8f-4548-4992-afe4-54e1fb80d175","2026-05-14T00:00:00+00:00","1ad1960c-56b7-4ec7-ae65-69128f53fc30","1","69","","","待入庫","2026-05-14T04:48:11.110689+00:00","69","6bd05ea5-44eb-46de-a7f2-cd540b4ca715"
"fa1cea56-6f6b-4c83-967a-8d7d9e77b631","2026-05-14T00:00:00+00:00","8c39dc33-8ade-40c9-9aea-ec9003281c80","1","204","","","待入庫","2026-05-14T04:48:11.110689+00:00","204","6bd05ea5-44eb-46de-a7f2-cd540b4ca715"
"afeabe4f-0126-47d3-8bbf-e26dc89f15a6","2026-05-18T00:00:00+00:00","4b8194a3-5e26-471d-90e1-a65ccc52ddeb","1","698","","","待入庫","2026-05-18T11:40:34.763901+00:00","698","6bd05ea5-44eb-46de-a7f2-cd540b4ca715"
"bdc6ff40-f693-4f65-af8d-199eea40702c","2026-05-23T00:00:00+00:00","3708dc12-ce62-4bb4-8ec8-92efbc962737","2","464","","","待入庫","2026-05-23T05:22:25.122604+00:00","928","6bd05ea5-44eb-46de-a7f2-cd540b4ca715"
"13862c65-b0b8-41a0-bc4f-63edc9d60f71","2026-05-23T00:00:00+00:00","00d452f9-a0b8-417f-a358-23091ba36053","1","139","","","待入庫","2026-05-23T05:22:25.122604+00:00","139","6bd05ea5-44eb-46de-a7f2-cd540b4ca715"
"ae56c54c-ba33-4fb4-a259-aafda3a3f7bc","2026-05-23T00:00:00+00:00","d2d6037f-61f4-453e-a441-794dff80cd51","1","130","","","待入庫","2026-05-23T05:22:25.122604+00:00","130","6bd05ea5-44eb-46de-a7f2-cd540b4ca715"
"802744a4-7ce3-470c-a028-6b6a09e569da","2026-04-28T00:00:00+00:00","d42b6451-613f-4d9b-88a7-bc7090a2fb0d","2","124.5","","","待入庫","2026-04-28T14:58:15.836847+00:00","249","6bd05ea5-44eb-46de-a7f2-cd540b4ca715"
"25ef161a-565c-4d14-8a01-5ad1c58a5308","2026-05-03T00:00:00+00:00","3fdbf8de-0d66-4443-8b67-e4595bb19951","1","1854","","","待入庫","2026-05-03T15:23:09.012848+00:00","1854","6bd05ea5-44eb-46de-a7f2-cd540b4ca715"
"b26ca9cf-855f-4ae8-b3a1-40774c1c302e","2026-05-03T00:00:00+00:00","42687ef1-23ac-4ac9-8a31-fec0072b8a69","1","812","","","待入庫","2026-05-03T15:23:09.012848+00:00","812","6bd05ea5-44eb-46de-a7f2-cd540b4ca715"
"d9568891-8ea8-4998-80d7-60f16310e0d6","2026-05-09T00:00:00+00:00","a0dafa15-4f32-496b-9872-abdabf489346","1","180","","","待入庫","2026-05-10T07:45:38.018378+00:00","180","6bd05ea5-44eb-46de-a7f2-cd540b4ca715"
"5d20ab34-af3a-422b-8c42-65b0ddf6cd30","2026-05-09T00:00:00+00:00","00d452f9-a0b8-417f-a358-23091ba36053","1","139","","","待入庫","2026-05-10T07:45:38.018378+00:00","139","6bd05ea5-44eb-46de-a7f2-cd540b4ca715"
"a240376a-563b-4b85-a6a3-9942e35f153a","2026-05-18T00:00:00+00:00","8c39dc33-8ade-40c9-9aea-ec9003281c80","1","102","","","待入庫","2026-05-18T13:12:53.430275+00:00","102","6bd05ea5-44eb-46de-a7f2-cd540b4ca715"
"1e4546c4-b046-42dd-955b-4ac87c68f805","2026-05-23T00:00:00+00:00","e8073450-3311-42f7-a810-39be964e49fc","2","90.5","","","待入庫","2026-05-23T05:51:13.99827+00:00","181","6bd05ea5-44eb-46de-a7f2-cd540b4ca715"
"f03c211b-e3de-49f9-9195-198ee41be4e1","2026-04-24T00:00:00+00:00","3708dc12-ce62-4bb4-8ec8-92efbc962737","2","255","","","待入庫","2026-04-25T14:28:48.937296+00:00","510","6bd05ea5-44eb-46de-a7f2-cd540b4ca715"
"3296fc30-29fa-4cc6-a0e0-2e07775128e5","2026-05-05T00:00:00+00:00","f4525808-8392-4881-8085-77ba4d5fbac5","1","646","","","待入庫","2026-05-05T06:34:49.151848+00:00","646","6bd05ea5-44eb-46de-a7f2-cd540b4ca715"
"03be4e9d-e840-46e8-88ce-494809ec789d","2026-05-05T00:00:00+00:00","42687ef1-23ac-4ac9-8a31-fec0072b8a69","1","837","","","待入庫","2026-05-05T06:34:49.151848+00:00","837","6bd05ea5-44eb-46de-a7f2-cd540b4ca715"
"f3f79854-28ec-48fd-af73-7bb6371f930b","2026-05-05T00:00:00+00:00","bebae2c8-6114-4d9b-9129-f6910d2aae1a","1","321","","","待入庫","2026-05-05T06:34:49.151848+00:00","321","6bd05ea5-44eb-46de-a7f2-cd540b4ca715"
"fdd3a9c7-308d-4e83-b7d9-3cad84be022c","2026-05-10T00:00:00+00:00","8c39dc33-8ade-40c9-9aea-ec9003281c80","1","115","","","待入庫","2026-05-10T08:10:31.08037+00:00","115","6bd05ea5-44eb-46de-a7f2-cd540b4ca715"
"e7362304-45aa-4e0b-99a1-ec85b0c82698","2026-05-10T00:00:00+00:00","5caa41f6-5c34-4c85-a435-7ef99413fde7","1","207","","","待入庫","2026-05-10T08:10:31.08037+00:00","207","6bd05ea5-44eb-46de-a7f2-cd540b4ca715"
"0b5f638d-f5d6-4f65-ae34-0a1641c8a4c0","2026-05-10T00:00:00+00:00","3b260f15-3255-45c4-9467-7002ec0de157","1","276","","","待入庫","2026-05-10T08:10:31.08037+00:00","276","6bd05ea5-44eb-46de-a7f2-cd540b4ca715"
"ddbfc93a-ec20-4b9a-81cc-9f4b6e853916","2026-05-10T00:00:00+00:00","cfbcf6c5-4ed4-49b9-87ba-5ec1230d71b9","1","207","","","待入庫","2026-05-10T08:10:31.08037+00:00","207","6bd05ea5-44eb-46de-a7f2-cd540b4ca715"
"7fde1804-7cb6-4d1a-9a8b-0fcf736eedd4","2026-05-10T00:00:00+00:00","44ddd95c-e45f-448b-a1eb-fd57f46db195","1","161","","","待入庫","2026-05-10T08:10:31.08037+00:00","161","6bd05ea5-44eb-46de-a7f2-cd540b4ca715"
"a42c287f-7bcb-4297-a11d-d397ed08c249","2026-05-10T00:00:00+00:00","bebae2c8-6114-4d9b-9129-f6910d2aae1a","1","299","","","待入庫","2026-05-10T08:10:31.08037+00:00","299","6bd05ea5-44eb-46de-a7f2-cd540b4ca715"
"d00513ad-283e-48be-af54-e02bffdfb8c3","2026-05-10T00:00:00+00:00","3f4ea6f8-463d-4b22-8770-f1e6edaad26c","1","161","","","待入庫","2026-05-10T08:10:31.08037+00:00","161","6bd05ea5-44eb-46de-a7f2-cd540b4ca715"
"b9af322f-9777-4c50-8d2e-3d46e3ec2b70","2026-05-10T00:00:00+00:00","42687ef1-23ac-4ac9-8a31-fec0072b8a69","1","832","","","待入庫","2026-05-10T08:10:31.08037+00:00","832","6bd05ea5-44eb-46de-a7f2-cd540b4ca715"
"8fe00ef8-7ede-4be8-a1c4-1a256c1494a4","2026-05-10T00:00:00+00:00","f4525808-8392-4881-8085-77ba4d5fbac5","1","628","","","待入庫","2026-05-10T08:10:31.08037+00:00","628","6bd05ea5-44eb-46de-a7f2-cd540b4ca715"
"21e650e8-4d37-42d4-adc8-3d730bb3f343","2026-05-14T00:00:00+00:00","a0dafa15-4f32-496b-9872-abdabf489346","1","186","","","待入庫","2026-05-14T05:02:01.69851+00:00","186","6bd05ea5-44eb-46de-a7f2-cd540b4ca715"
"b1676105-c035-48cd-a378-1992c22eda33","2026-05-14T00:00:00+00:00","83377bbe-6c5d-4f4b-8395-011cbf0f8092","4","70","","","待入庫","2026-05-14T05:02:01.69851+00:00","280","6bd05ea5-44eb-46de-a7f2-cd540b4ca715"
"041a5af4-8a54-4830-bedd-b873a46ac5a4","2026-05-19T00:00:00+00:00","00d452f9-a0b8-417f-a358-23091ba36053","1","163","","","待入庫","2026-05-19T03:56:24.497388+00:00","163","6bd05ea5-44eb-46de-a7f2-cd540b4ca715"
"98cf3c46-c24e-4045-ae82-9061ea3e308d","2026-05-19T00:00:00+00:00","3b260f15-3255-45c4-9467-7002ec0de157","1","289","","","待入庫","2026-05-19T03:56:24.497388+00:00","289","6bd05ea5-44eb-46de-a7f2-cd540b4ca715"
"ade49f6b-f9a4-491c-90a6-e37d981fe8e5","2026-05-23T00:00:00+00:00","502cdf6c-8f57-4b0f-b74f-dafbbf658b92","1","70","","","待入庫","2026-05-23T07:29:52.028161+00:00","70","6bd05ea5-44eb-46de-a7f2-cd540b4ca715"
"515e4175-4aba-49c1-bcbd-65fc1d0cd8ae","2026-04-25T00:00:00+00:00","3708dc12-ce62-4bb4-8ec8-92efbc962737","2","92","","","待入庫","2026-04-25T14:29:32.419746+00:00","184","6bd05ea5-44eb-46de-a7f2-cd540b4ca715"
"1187c531-1166-4049-8750-f702fbf2f656","2026-04-28T00:00:00+00:00","5caa41f6-5c34-4c85-a435-7ef99413fde7","1","190.5","","","待入庫","2026-04-28T15:10:06.857845+00:00","190.5","6bd05ea5-44eb-46de-a7f2-cd540b4ca715"
"7129f69c-bbcf-4eca-8d0f-259c4b587086","2026-04-28T00:00:00+00:00","e31e1bdc-6fc8-4a6f-955f-1a149d692117","1","190.5","","","待入庫","2026-04-28T15:10:06.857845+00:00","190.5","6bd05ea5-44eb-46de-a7f2-cd540b4ca715"
"64623f26-14f2-437f-8a4e-83c4cb931c43","2026-05-05T00:00:00+00:00","3708dc12-ce62-4bb4-8ec8-92efbc962737","3","186","","","待入庫","2026-05-05T06:52:43.563437+00:00","558","6bd05ea5-44eb-46de-a7f2-cd540b4ca715"
"757f00b3-5ec0-45bd-948b-65734637a464","2026-05-05T00:00:00+00:00","3fdbf8de-0d66-4443-8b67-e4595bb19951","1","1915","","","待入庫","2026-05-05T06:52:43.563437+00:00","1915","6bd05ea5-44eb-46de-a7f2-cd540b4ca715"
"daad0ecf-ceb6-41e9-bdd7-691ed8a1a8a6","2026-05-10T00:00:00+00:00","caa4240a-d932-4641-b05a-72ddbf2379e4","1","1856","","","待入庫","2026-05-10T10:11:51.562388+00:00","1856","6bd05ea5-44eb-46de-a7f2-cd540b4ca715"
"9ba64a62-f196-4a50-bdd7-c98efa87e6f8","2026-05-10T00:00:00+00:00","2e8e374f-1462-48f8-a05b-5793b52afa22","1","138","","","待入庫","2026-05-10T10:11:51.562388+00:00","138","6bd05ea5-44eb-46de-a7f2-cd540b4ca715"
"9a59c473-b606-4a19-9c28-55d222a15e56","2026-05-10T00:00:00+00:00","5caa41f6-5c34-4c85-a435-7ef99413fde7","1","232","","","待入庫","2026-05-10T10:11:51.562388+00:00","232","6bd05ea5-44eb-46de-a7f2-cd540b4ca715"
"dbaeabe7-e3f0-4654-a7bb-e5e92de3ff8e","2026-05-14T00:00:00+00:00","3fdbf8de-0d66-4443-8b67-e4595bb19951","1","2159","","","待入庫","2026-05-14T12:58:20.342071+00:00","2159","6bd05ea5-44eb-46de-a7f2-cd540b4ca715"
"31f5494c-ecc4-4d4a-9718-a44bdf1ab72d","2026-05-19T00:00:00+00:00","44ddd95c-e45f-448b-a1eb-fd57f46db195","1","177","","","待入庫","2026-05-19T04:29:30.220803+00:00","177","6bd05ea5-44eb-46de-a7f2-cd540b4ca715"
"d9e92afb-815c-4b9a-b286-112ffe20ada6","2025-12-20T00:00:00+00:00","fbebbc51-5e15-47ef-978e-601234d0353e","1","136","蝦皮","","已入庫","2026-04-21T16:46:58.561409+00:00","136","6bd05ea5-44eb-46de-a7f2-cd540b4ca715"
"de35ff4f-c47a-46ce-8daf-c65a42e0c5f8","2025-12-21T00:00:00+00:00","4b8194a3-5e26-471d-90e1-a65ccc52ddeb","1","876","蝦皮","","已入庫","2026-04-21T16:46:58.561409+00:00","876","6bd05ea5-44eb-46de-a7f2-cd540b4ca715"
"f5234241-ed12-4eab-9ce1-0b36a75e9b6c","2025-12-22T00:00:00+00:00","13a5ef17-86ea-4659-96d4-0d4b67389437","1","1346","蝦皮","","已入庫","2026-04-21T16:46:58.561409+00:00","1346","6bd05ea5-44eb-46de-a7f2-cd540b4ca715"
"0fe7adb7-0d25-4be0-ad79-db7962594e02","2025-12-22T00:00:00+00:00","ec22c4d3-700e-4b48-b8b2-5fb448e5c713","1","314","蝦皮","","已入庫","2026-04-21T16:46:58.561409+00:00","314","6bd05ea5-44eb-46de-a7f2-cd540b4ca715"
"6f82173f-6e07-47c1-ab2a-6e1bb4e4baff","2025-12-23T00:00:00+00:00","ec22c4d3-700e-4b48-b8b2-5fb448e5c713","1","314","蝦皮","","已入庫","2026-04-21T16:46:58.561409+00:00","314","6bd05ea5-44eb-46de-a7f2-cd540b4ca715"
"4d0d7770-2808-4460-aa95-25c99ade901f","2025-12-23T00:00:00+00:00","ec22c4d3-700e-4b48-b8b2-5fb448e5c713","1","314","蝦皮","","已入庫","2026-04-21T16:46:58.561409+00:00","314","6bd05ea5-44eb-46de-a7f2-cd540b4ca715"
"3708f0c7-f0a5-4677-a54c-86aca191a135","2025-12-23T00:00:00+00:00","ec22c4d3-700e-4b48-b8b2-5fb448e5c713","1","314","蝦皮","","已入庫","2026-04-21T16:46:58.561409+00:00","314","6bd05ea5-44eb-46de-a7f2-cd540b4ca715"
"1d824098-a603-4015-819c-1e6363d75fa5","2025-12-23T00:00:00+00:00","ec22c4d3-700e-4b48-b8b2-5fb448e5c713","1","314","蝦皮","","已入庫","2026-04-21T16:46:58.561409+00:00","314","6bd05ea5-44eb-46de-a7f2-cd540b4ca715"
"129ee91a-9a1d-4a1b-aca6-ab96ad20845b","2025-12-23T00:00:00+00:00","ec22c4d3-700e-4b48-b8b2-5fb448e5c713","1","314","蝦皮","","已入庫","2026-04-21T16:46:58.561409+00:00","314","6bd05ea5-44eb-46de-a7f2-cd540b4ca715"
"f169f716-aa12-4452-bdd5-fa19f35a919d","2025-12-24T00:00:00+00:00","e416f56e-65b1-4272-898e-de17bbef5e4c","1","260","蝦皮","","已入庫","2026-04-21T16:46:58.561409+00:00","260","6bd05ea5-44eb-46de-a7f2-cd540b4ca715"
"3a4a0a32-30e9-42ee-9714-c79fa24c7638","2025-12-24T00:00:00+00:00","4b8194a3-5e26-471d-90e1-a65ccc52ddeb","1","898","蝦皮","","已入庫","2026-04-21T16:46:58.561409+00:00","898","6bd05ea5-44eb-46de-a7f2-cd540b4ca715"
"238f15b5-963b-4bbd-8415-f88cfa7ea876","2025-12-24T00:00:00+00:00","92568a7d-524a-495f-b1da-eca18052fd19","1","200","蝦皮","","已入庫","2026-04-21T16:46:58.561409+00:00","200","6bd05ea5-44eb-46de-a7f2-cd540b4ca715"
"3fc5d22a-319c-40e7-a500-fd5b6d16faee","2025-12-24T00:00:00+00:00","ef09d7e9-d241-46df-94ab-924b7d06afbd","1","50","蝦皮","","已入庫","2026-04-21T16:46:58.561409+00:00","50","6bd05ea5-44eb-46de-a7f2-cd540b4ca715"
"7e5c123c-cee6-462c-ac21-3f8b88658673","2025-12-24T00:00:00+00:00","4b8194a3-5e26-471d-90e1-a65ccc52ddeb","1","854","蝦皮","","已入庫","2026-04-21T16:46:58.561409+00:00","854","6bd05ea5-44eb-46de-a7f2-cd540b4ca715"
"f729ac8d-15c2-4fb5-a4f4-44e4f4e5acfe","2025-12-24T00:00:00+00:00","13a5ef17-86ea-4659-96d4-0d4b67389437","1","1346","蝦皮","","已入庫","2026-04-21T16:46:58.561409+00:00","1346","6bd05ea5-44eb-46de-a7f2-cd540b4ca715"
"ca01f6a9-bf33-4729-b611-b192688cf599","2025-12-26T00:00:00+00:00","fed51161-1f87-4f2e-8192-38c416248234","1","2421","蝦皮","","已入庫","2026-04-21T16:46:58.561409+00:00","2421","6bd05ea5-44eb-46de-a7f2-cd540b4ca715"
"f526ba00-02d7-4c06-93e2-bcabc68d057e","2025-12-27T00:00:00+00:00","46b9c9d0-d20a-4246-96e1-3a5e8f969e02","2","625.5","蝦皮","","已入庫","2026-04-21T16:46:58.561409+00:00","1251","6bd05ea5-44eb-46de-a7f2-cd540b4ca715"
"34d0aa7e-a089-41d0-ae86-920a4d6a9d8e","2025-12-27T00:00:00+00:00","0a8f1409-d167-44aa-bddb-bac511d0bc7d","4","175.5","蝦皮","","已入庫","2026-04-21T16:46:58.561409+00:00","702","6bd05ea5-44eb-46de-a7f2-cd540b4ca715"
"097dd7fa-b9eb-4270-bec9-c9fd1318b504","2025-12-28T00:00:00+00:00","4b8194a3-5e26-471d-90e1-a65ccc52ddeb","1","900","蝦皮","","已入庫","2026-04-21T16:46:58.561409+00:00","900","6bd05ea5-44eb-46de-a7f2-cd540b4ca715"
"07692758-3353-497f-bdea-c692413ab331","2025-12-28T00:00:00+00:00","ec22c4d3-700e-4b48-b8b2-5fb448e5c713","1","315","蝦皮","","已入庫","2026-04-21T16:46:58.561409+00:00","315","6bd05ea5-44eb-46de-a7f2-cd540b4ca715"
"e141d8e7-73dc-47dd-a66f-0eb99472c886","2026-01-02T00:00:00+00:00","4b8194a3-5e26-471d-90e1-a65ccc52ddeb","1","833","蝦皮","","已入庫","2026-04-21T16:53:58.396868+00:00","833","6bd05ea5-44eb-46de-a7f2-cd540b4ca715"
"d3c948f1-51c9-45c2-a257-0dde379ab3d7","2026-01-03T00:00:00+00:00","13a5ef17-86ea-4659-96d4-0d4b67389437","1","1439","蝦皮","","已入庫","2026-04-21T16:53:58.396868+00:00","1439","6bd05ea5-44eb-46de-a7f2-cd540b4ca715"
"f3f589dd-80be-4dba-9e39-a89a8f0c536b","2026-01-03T00:00:00+00:00","b452eb6d-32f7-40fc-b60d-97b1ae53b09d","1","862","蝦皮","","已入庫","2026-04-21T16:53:58.396868+00:00","862","6bd05ea5-44eb-46de-a7f2-cd540b4ca715"
"4f3bf076-8296-49e8-8db9-85665be43dc5","2026-01-03T00:00:00+00:00","13a5ef17-86ea-4659-96d4-0d4b67389437","1","1393","蝦皮","","已入庫","2026-04-21T16:53:58.396868+00:00","1393","6bd05ea5-44eb-46de-a7f2-cd540b4ca715"
"e1463f96-19b9-4d16-b321-795ee3271959","2026-01-04T00:00:00+00:00","ec22c4d3-700e-4b48-b8b2-5fb448e5c713","1","361","蝦皮","","已入庫","2026-04-21T16:53:58.396868+00:00","361","6bd05ea5-44eb-46de-a7f2-cd540b4ca715"
"fdad3b40-beff-418c-af9a-6c0b57147e83","2026-01-05T00:00:00+00:00","4580ae23-9c31-4547-b940-2c6bc1ef8a77","1","180","蝦皮","","已入庫","2026-04-21T16:53:58.396868+00:00","180","6bd05ea5-44eb-46de-a7f2-cd540b4ca715"
"c10c2f41-5b2a-4565-bb08-4773e931db1a","2026-01-05T00:00:00+00:00","ec22c4d3-700e-4b48-b8b2-5fb448e5c713","1","315","蝦皮","","已入庫","2026-04-21T16:53:58.396868+00:00","315","6bd05ea5-44eb-46de-a7f2-cd540b4ca715"
"6fa50be0-c303-461e-bab8-c982fded173d","2026-01-05T00:00:00+00:00","4b2020d3-7362-4b41-8efd-3c3584311d95","1","90","蝦皮","","已入庫","2026-04-21T16:53:58.396868+00:00","90","6bd05ea5-44eb-46de-a7f2-cd540b4ca715"
"ce3dc3e8-81f5-4348-92ca-5fb99a4096f7","2026-04-24T00:00:00+00:00","eebdba3c-2f18-4a2e-8adc-10a407ba53c1","2","92","","","待入庫","2026-04-25T14:29:47.520747+00:00","184","6bd05ea5-44eb-46de-a7f2-cd540b4ca715"
"ba8b3bc5-e2ad-4766-a56f-395dc3ad4c05","2026-04-28T00:00:00+00:00","00d452f9-a0b8-417f-a358-23091ba36053","1","150","","","待入庫","2026-04-28T15:15:57.691233+00:00","150","6bd05ea5-44eb-46de-a7f2-cd540b4ca715"
"afea0a4c-12a2-4fa3-bb09-4d516d39b499","2026-04-28T00:00:00+00:00","a1c0c779-53eb-4dc9-80da-721ad7130d4b","1","100","","","待入庫","2026-04-28T15:15:57.691233+00:00","100","6bd05ea5-44eb-46de-a7f2-cd540b4ca715"
"f8d3e0b8-d90e-4af7-b6f5-00b37315c4fe","2026-04-28T00:00:00+00:00","3708dc12-ce62-4bb4-8ec8-92efbc962737","1","250","","","待入庫","2026-04-28T15:15:57.691233+00:00","250","6bd05ea5-44eb-46de-a7f2-cd540b4ca715"
"0e6eb7f2-83cb-401c-a451-bbd77dc63e8f","2026-04-28T00:00:00+00:00","eebdba3c-2f18-4a2e-8adc-10a407ba53c1","1","150","","","待入庫","2026-04-28T15:15:57.691233+00:00","150","6bd05ea5-44eb-46de-a7f2-cd540b4ca715"
"869601fa-8c5c-4fc5-a323-1f568f35123a","2026-04-28T00:00:00+00:00","d42b6451-613f-4d9b-88a7-bc7090a2fb0d","1","150","","","待入庫","2026-04-28T15:15:57.691233+00:00","150","6bd05ea5-44eb-46de-a7f2-cd540b4ca715"
"3a2e004e-e15a-42fb-9c35-0706b4bd4a99","2026-04-28T00:00:00+00:00","cc399e5e-c57f-4782-88cf-d8e280b9d776","2","150","","","待入庫","2026-04-28T15:15:57.691233+00:00","300","6bd05ea5-44eb-46de-a7f2-cd540b4ca715"
"e6395dc8-c8d4-4259-a14c-1769091b01c0","2026-04-28T00:00:00+00:00","e31e1bdc-6fc8-4a6f-955f-1a149d692117","1","200","","","待入庫","2026-04-28T15:15:57.691233+00:00","200","6bd05ea5-44eb-46de-a7f2-cd540b4ca715"
"3bddf2fc-d6c1-4176-9283-602178542cb9","2026-04-28T00:00:00+00:00","c9312678-b872-45eb-963c-50ecf4053558","1","3","","","待入庫","2026-04-28T15:15:57.691233+00:00","3","6bd05ea5-44eb-46de-a7f2-cd540b4ca715"
"7fec9d20-c90a-41d1-aa09-5c723e60016d","2026-04-28T00:00:00+00:00","e4c49e83-c66c-43d3-ab5c-c70933d260b0","1","6","","","待入庫","2026-04-28T15:15:57.691233+00:00","6","6bd05ea5-44eb-46de-a7f2-cd540b4ca715"
"4fe8140d-7116-40c0-95d3-6e58192034ec","2026-05-05T00:00:00+00:00","e31e1bdc-6fc8-4a6f-955f-1a149d692117","2","161","","","待入庫","2026-05-05T16:47:06.304559+00:00","322","6bd05ea5-44eb-46de-a7f2-cd540b4ca715"
"eeb10db0-7901-4b23-b141-20e050598aea","2026-05-05T00:00:00+00:00","2e8e374f-1462-48f8-a05b-5793b52afa22","1","186.4","","","待入庫","2026-05-05T16:47:06.304559+00:00","186.4","6bd05ea5-44eb-46de-a7f2-cd540b4ca715"
"5f1bc458-bd9a-414e-b8bf-1f7eabde3f8f","2026-05-05T00:00:00+00:00","3f4ea6f8-463d-4b22-8770-f1e6edaad26c","2","187.3","","","待入庫","2026-05-05T16:47:06.304559+00:00","374.6","6bd05ea5-44eb-46de-a7f2-cd540b4ca715"
"dfe8a351-5e5e-4d71-bcee-7c088f6fe3a9","2026-05-10T00:00:00+00:00","3b260f15-3255-45c4-9467-7002ec0de157","1","230","","","待入庫","2026-05-10T10:26:53.30762+00:00","230","6bd05ea5-44eb-46de-a7f2-cd540b4ca715"
"24936b7d-3efd-4d51-b187-3dbdb1cda114","2026-05-10T00:00:00+00:00","cfbcf6c5-4ed4-49b9-87ba-5ec1230d71b9","1","207","","","待入庫","2026-05-10T10:26:53.30762+00:00","207","6bd05ea5-44eb-46de-a7f2-cd540b4ca715"
"39f9b87b-e03c-4893-b331-e27b82ae1bef","2026-05-10T00:00:00+00:00","9d623512-b92a-45ef-8b9b-90e38dcaae52","1","115","","","待入庫","2026-05-10T10:26:53.30762+00:00","115","6bd05ea5-44eb-46de-a7f2-cd540b4ca715"
"9e2f2c10-bbf8-427b-a963-2fce19d4bada","2026-05-10T00:00:00+00:00","eebdba3c-2f18-4a2e-8adc-10a407ba53c1","2","116.5","","","待入庫","2026-05-10T10:26:53.30762+00:00","233","6bd05ea5-44eb-46de-a7f2-cd540b4ca715"
"b82baeb5-1a2f-4cfd-99ab-373b7ac363cd","2026-05-15T00:00:00+00:00","42687ef1-23ac-4ac9-8a31-fec0072b8a69","1","839","","","待入庫","2026-05-15T14:23:40.980206+00:00","839","6bd05ea5-44eb-46de-a7f2-cd540b4ca715"
"05259cd7-95f2-4b75-9952-6bce2fd675f9","2026-05-19T00:00:00+00:00","44ddd95c-e45f-448b-a1eb-fd57f46db195","1","177","","","待入庫","2026-05-19T04:42:26.301696+00:00","177","6bd05ea5-44eb-46de-a7f2-cd540b4ca715"
"146f47b3-a3e5-4ef4-83f1-2762db42b081","2026-04-24T00:00:00+00:00","cc399e5e-c57f-4782-88cf-d8e280b9d776","2","92","","","待入庫","2026-04-25T14:30:02.375648+00:00","184","6bd05ea5-44eb-46de-a7f2-cd540b4ca715"
"02a6ddf7-c594-4609-a5b3-f8bd27999858","2026-04-28T00:00:00+00:00","5caa41f6-5c34-4c85-a435-7ef99413fde7","2","189.5","","","待入庫","2026-04-28T15:16:42.863656+00:00","379","6bd05ea5-44eb-46de-a7f2-cd540b4ca715"
"059f836d-aef5-4daf-8663-4ee7c500b2c6","2026-04-28T00:00:00+00:00","e31e1bdc-6fc8-4a6f-955f-1a149d692117","2","189.5","","","待入庫","2026-04-28T15:16:42.863656+00:00","379","6bd05ea5-44eb-46de-a7f2-cd540b4ca715"
"1e5e0add-8c04-4f55-aa9b-86b191ae4884","2026-05-06T00:00:00+00:00","5caa41f6-5c34-4c85-a435-7ef99413fde7","1","208.5","","","待入庫","2026-05-06T14:53:42.480294+00:00","208.5","6bd05ea5-44eb-46de-a7f2-cd540b4ca715"
"924adff0-81e2-4946-a65c-1a989e5a4697","2026-05-06T00:00:00+00:00","f65ce37d-f24e-44f0-8854-f06b7c95ec00","1","208.5","","","待入庫","2026-05-06T14:53:42.480294+00:00","208.5","6bd05ea5-44eb-46de-a7f2-cd540b4ca715"
"46f633f4-d832-4887-9791-19b9841e8bc8","2026-05-10T00:00:00+00:00","caa4240a-d932-4641-b05a-72ddbf2379e4","2","1951","","","待入庫","2026-05-10T13:42:59.445084+00:00","3902","6bd05ea5-44eb-46de-a7f2-cd540b4ca715"
"49d5d59d-ac86-4e05-951e-abc8442945f2","2026-05-15T00:00:00+00:00","caa4240a-d932-4641-b05a-72ddbf2379e4","1","2020","","加快遞費","待入庫","2026-05-15T14:52:27.178148+00:00","2020","6bd05ea5-44eb-46de-a7f2-cd540b4ca715"
"fdfe2e02-a80e-4217-960b-255c798eed56","2026-05-19T00:00:00+00:00","00d452f9-a0b8-417f-a358-23091ba36053","1","132","","","待入庫","2026-05-19T05:20:35.922651+00:00","132","6bd05ea5-44eb-46de-a7f2-cd540b4ca715"
"9902e913-948c-4e0e-a8a8-a7ad38db751c","2026-04-24T00:00:00+00:00","bebae2c8-6114-4d9b-9129-f6910d2aae1a","1","221.6","","","待入庫","2026-04-25T14:30:48.74586+00:00","221.6","6bd05ea5-44eb-46de-a7f2-cd540b4ca715"
"37c7f285-7f4b-4150-9b76-fe84377c96e4","2026-04-28T00:00:00+00:00","bebae2c8-6114-4d9b-9129-f6910d2aae1a","2","345","","","待入庫","2026-04-28T15:19:01.993144+00:00","690","6bd05ea5-44eb-46de-a7f2-cd540b4ca715"
"778b2257-5002-4001-aac9-551219aa329b","2026-04-28T00:00:00+00:00","3b260f15-3255-45c4-9467-7002ec0de157","1","340","","","待入庫","2026-04-28T15:19:01.993144+00:00","340","6bd05ea5-44eb-46de-a7f2-cd540b4ca715"
"ce60708c-c208-49ed-8d07-8973e9424b58","2026-04-28T00:00:00+00:00","3f4ea6f8-463d-4b22-8770-f1e6edaad26c","4","245","","","待入庫","2026-04-28T15:19:01.993144+00:00","980","6bd05ea5-44eb-46de-a7f2-cd540b4ca715"
"0c7ca9b0-57a0-471b-8436-d94e4c547a94","2026-04-28T00:00:00+00:00","bd25ab84-0abf-4b20-9de1-813ecb8aeb07","1","100","","","待入庫","2026-04-28T15:19:01.993144+00:00","100","6bd05ea5-44eb-46de-a7f2-cd540b4ca715"
"130b6129-fbc6-4310-8c87-2bd6f571df20","2026-04-28T00:00:00+00:00","df0d8565-0eb9-4c00-8e7d-8b42d0d04fd3","1","94","","","待入庫","2026-04-28T15:19:01.993144+00:00","94","6bd05ea5-44eb-46de-a7f2-cd540b4ca715"
"f9a3cc3a-c4db-4f66-9f39-a67bb1219057","2026-05-07T00:00:00+00:00","2e8e374f-1462-48f8-a05b-5793b52afa22","2","148","","","待入庫","2026-05-07T17:02:20.508262+00:00","296","6bd05ea5-44eb-46de-a7f2-cd540b4ca715"
"500f190e-6a1f-4863-8422-8b93726fbddd","2026-05-07T00:00:00+00:00","a0dafa15-4f32-496b-9872-abdabf489346","1","194","","","待入庫","2026-05-07T17:02:20.508262+00:00","194","6bd05ea5-44eb-46de-a7f2-cd540b4ca715"
"8b10638a-3400-4082-8205-ddba9eac8fe7","2026-05-07T00:00:00+00:00","1ad1960c-56b7-4ec7-ae65-69128f53fc30","1","69","","","待入庫","2026-05-07T17:02:20.508262+00:00","69","6bd05ea5-44eb-46de-a7f2-cd540b4ca715"
"e7eed6e9-be66-4bff-a55c-913af6acef4b","2026-05-10T00:00:00+00:00","3fdbf8de-0d66-4443-8b67-e4595bb19951","1","1951","","","待入庫","2026-05-10T13:50:19.846559+00:00","1951","6bd05ea5-44eb-46de-a7f2-cd540b4ca715"
"2945ab29-3299-4d3f-b017-4ed2e9673317","2026-05-16T00:00:00+00:00","caa4240a-d932-4641-b05a-72ddbf2379e4","1","1965","","","待入庫","2026-05-16T07:47:57.4375+00:00","1965","6bd05ea5-44eb-46de-a7f2-cd540b4ca715"
"5a0e3e2e-590b-4c3c-98b2-78e410065ef5","2026-05-19T00:00:00+00:00","3b260f15-3255-45c4-9467-7002ec0de157","1","279","","","待入庫","2026-05-19T14:56:09.089112+00:00","279","6bd05ea5-44eb-46de-a7f2-cd540b4ca715"
"db5dab62-251d-4eca-ad19-d9116b1a291e","2026-05-19T00:00:00+00:00","6f1a5fa4-a8bb-47c3-b4c1-b913e18f1beb","1","58","","","待入庫","2026-05-19T14:56:09.089112+00:00","58","6bd05ea5-44eb-46de-a7f2-cd540b4ca715"
"b8fa0f9e-e3e0-4cf7-b082-36b1a883a05b","2026-05-19T00:00:00+00:00","502cdf6c-8f57-4b0f-b74f-dafbbf658b92","1","58","","","待入庫","2026-05-19T14:56:09.089112+00:00","58","6bd05ea5-44eb-46de-a7f2-cd540b4ca715"
"7850a9df-1b37-4add-8b2b-384b74d17fcb","2026-04-24T00:00:00+00:00","5caa41f6-5c34-4c85-a435-7ef99413fde7","1","221.6","","","待入庫","2026-04-25T14:31:03.434115+00:00","221.6","6bd05ea5-44eb-46de-a7f2-cd540b4ca715"
"01b42760-13dc-49f6-973b-d314576cf854","2026-04-24T00:00:00+00:00","1ad1960c-56b7-4ec7-ae65-69128f53fc30","1","60","","","待入庫","2026-04-25T14:31:56.958734+00:00","60","6bd05ea5-44eb-46de-a7f2-cd540b4ca715"
"e6598188-9b2f-4e74-b8ca-28f82f377ec0","2026-04-25T00:00:00+00:00","eebdba3c-2f18-4a2e-8adc-10a407ba53c1","1","139","","","待入庫","2026-04-25T14:32:36.371281+00:00","139","6bd05ea5-44eb-46de-a7f2-cd540b4ca715"
"87d864b5-0bfe-4669-8df4-1bd7f70b97f6","2026-04-28T00:00:00+00:00","e31e1bdc-6fc8-4a6f-955f-1a149d692117","1","162","","","待入庫","2026-04-28T15:19:28.175099+00:00","162","6bd05ea5-44eb-46de-a7f2-cd540b4ca715"
"bea4ac64-d1d9-4bde-a2d4-e71e01f1ebd9","2026-04-28T00:00:00+00:00","d1656ab8-64f2-484b-b384-18b77964b554","1","162","","","待入庫","2026-04-28T15:19:28.175099+00:00","162","6bd05ea5-44eb-46de-a7f2-cd540b4ca715"
"5f08bbc6-3c9b-43f0-8ba1-1b8a2ca4a072","2026-05-07T00:00:00+00:00","2e8e374f-1462-48f8-a05b-5793b52afa22","2","127","","","待入庫","2026-05-07T17:09:10.89093+00:00","254","6bd05ea5-44eb-46de-a7f2-cd540b4ca715"
"dd92dd38-c0f1-4e95-930d-221d1be334de","2026-05-07T00:00:00+00:00","9d623512-b92a-45ef-8b9b-90e38dcaae52","1","127","","","待入庫","2026-05-07T17:09:10.89093+00:00","127","6bd05ea5-44eb-46de-a7f2-cd540b4ca715"
"777b89fb-54b0-4f1f-85b7-8292a57f781a","2026-05-07T00:00:00+00:00","abed326e-e19a-4924-83b8-057e1a8bf60e","1","127","","","待入庫","2026-05-07T17:09:10.89093+00:00","127","6bd05ea5-44eb-46de-a7f2-cd540b4ca715"
"ef928f07-3b57-4657-980e-41cac75df8c1","2026-05-10T00:00:00+00:00","ad7e0321-79ee-4ff6-a917-1564a6d6faa0","2","138","","","待入庫","2026-05-10T14:03:52.073698+00:00","276","6bd05ea5-44eb-46de-a7f2-cd540b4ca715"
"7a94213e-6419-4f72-a51f-ba4da8c618b5","2026-05-10T00:00:00+00:00","3708dc12-ce62-4bb4-8ec8-92efbc962737","1","230","","","待入庫","2026-05-10T14:03:52.073698+00:00","230","6bd05ea5-44eb-46de-a7f2-cd540b4ca715"
"b30b3da1-e1a1-4217-a47f-3dbae67abf63","2026-05-10T00:00:00+00:00","00d452f9-a0b8-417f-a358-23091ba36053","2","115","","","待入庫","2026-05-10T14:03:52.073698+00:00","230","6bd05ea5-44eb-46de-a7f2-cd540b4ca715"
"6ad0d0f4-da8e-449b-a680-69179b9ffd8d","2026-05-10T00:00:00+00:00","18b00cf0-705b-4b4b-b61f-2dd5be5440b1","1","123","","","待入庫","2026-05-10T14:03:52.073698+00:00","123","6bd05ea5-44eb-46de-a7f2-cd540b4ca715"
"85841133-7e41-4e1f-a592-590fe43ba4e6","2026-05-17T00:00:00+00:00","d2d6037f-61f4-453e-a441-794dff80cd51","1","116","","","待入庫","2026-05-17T05:43:50.234532+00:00","116","6bd05ea5-44eb-46de-a7f2-cd540b4ca715"
"00c1e8eb-50c0-4010-bacd-88d627207793","2026-05-17T00:00:00+00:00","42687ef1-23ac-4ac9-8a31-fec0072b8a69","1","843","","","待入庫","2026-05-17T05:43:50.234532+00:00","843","6bd05ea5-44eb-46de-a7f2-cd540b4ca715"
"423d0966-997f-46a2-986a-40b57a287404","2026-05-20T00:00:00+00:00","502cdf6c-8f57-4b0f-b74f-dafbbf658b92","1","56","","","待入庫","2026-05-20T14:23:56.734312+00:00","56","6bd05ea5-44eb-46de-a7f2-cd540b4ca715"
"3553b7a2-f3a0-44dd-9f5a-3337a3f997b9","2026-05-20T00:00:00+00:00","ad7e0321-79ee-4ff6-a917-1564a6d6faa0","1","140","","","待入庫","2026-05-20T14:23:56.734312+00:00","140","6bd05ea5-44eb-46de-a7f2-cd540b4ca715"
"dbb98d2c-c2ce-481c-b20c-fff0c86aa554","2026-05-20T00:00:00+00:00","5caa41f6-5c34-4c85-a435-7ef99413fde7","1","164","","","待入庫","2026-05-20T14:23:56.734312+00:00","164","6bd05ea5-44eb-46de-a7f2-cd540b4ca715"
"54212f02-2817-4997-9248-bb74c91e0053","2026-05-20T00:00:00+00:00","3f4ea6f8-463d-4b22-8770-f1e6edaad26c","1","159","","","待入庫","2026-05-20T14:23:56.734312+00:00","159","6bd05ea5-44eb-46de-a7f2-cd540b4ca715"
"2d8f2341-e712-4dd0-9117-01eadc62645d","2026-05-20T00:00:00+00:00","2e8e374f-1462-48f8-a05b-5793b52afa22","1","136","","","待入庫","2026-05-20T14:23:56.734312+00:00","136","6bd05ea5-44eb-46de-a7f2-cd540b4ca715"
"ba0c0010-e5d7-49fc-acac-44d856a2b9ed","2026-04-24T00:00:00+00:00","f65ce37d-f24e-44f0-8854-f06b7c95ec00","1","221.6","","","待入庫","2026-04-25T14:31:28.187417+00:00","221.6","6bd05ea5-44eb-46de-a7f2-cd540b4ca715"
"fbeec66c-2718-459d-bae3-c6c34430c298","2026-04-25T00:00:00+00:00","42687ef1-23ac-4ac9-8a31-fec0072b8a69","1","762","","","待入庫","2026-04-25T14:34:19.098412+00:00","762","6bd05ea5-44eb-46de-a7f2-cd540b4ca715"
"e62ec862-ee27-42ed-8402-e50c5d2ccbd7","2026-04-28T00:00:00+00:00","5caa41f6-5c34-4c85-a435-7ef99413fde7","1","154","","","待入庫","2026-04-28T15:20:05.375296+00:00","154","6bd05ea5-44eb-46de-a7f2-cd540b4ca715"
"7a829765-07d0-4e94-843e-8dbcb4b9e51a","2026-04-28T00:00:00+00:00","2e8e374f-1462-48f8-a05b-5793b52afa22","1","154","","","待入庫","2026-04-28T15:20:05.375296+00:00","154","6bd05ea5-44eb-46de-a7f2-cd540b4ca715"
"641093fa-331e-42e0-87b8-d6270fff933a","2026-04-28T00:00:00+00:00","9d623512-b92a-45ef-8b9b-90e38dcaae52","1","154","","","待入庫","2026-04-28T15:20:05.375296+00:00","154","6bd05ea5-44eb-46de-a7f2-cd540b4ca715"
"63e2f7c1-5c92-4a3d-b752-f35a5359548e","2026-05-08T00:00:00+00:00","f4525808-8392-4881-8085-77ba4d5fbac5","1","648","","","待入庫","2026-05-08T04:26:59.498496+00:00","648","6bd05ea5-44eb-46de-a7f2-cd540b4ca715"
"5026ad15-076c-49c4-99bd-dc0acb416a96","2026-05-10T00:00:00+00:00","caa4240a-d932-4641-b05a-72ddbf2379e4","1","1942","","","待入庫","2026-05-10T17:22:41.051885+00:00","1942","6bd05ea5-44eb-46de-a7f2-cd540b4ca715"
"f490fb8e-1d6d-4560-9617-0cdb7ef1d629","2026-05-17T00:00:00+00:00","00d452f9-a0b8-417f-a358-23091ba36053","1","115","","","待入庫","2026-05-17T07:09:30.099536+00:00","115","6bd05ea5-44eb-46de-a7f2-cd540b4ca715"
"710698df-c810-45d8-b403-204a5e4ad17b","2026-05-17T00:00:00+00:00","bd25ab84-0abf-4b20-9de1-813ecb8aeb07","2","92","","","待入庫","2026-05-17T07:09:30.099536+00:00","184","6bd05ea5-44eb-46de-a7f2-cd540b4ca715"
"bacb6482-5bba-498d-9b32-b3f3235661dc","2026-05-20T00:00:00+00:00","e4c49e83-c66c-43d3-ab5c-c70933d260b0","2","52","","","待入庫","2026-05-20T16:23:21.933451+00:00","104","6bd05ea5-44eb-46de-a7f2-cd540b4ca715"
"95415744-b96b-4352-b03d-0e09342f34f0","2026-05-20T00:00:00+00:00","15499ade-7f61-4ce4-a302-719d7cea4dce","2","52","","","待入庫","2026-05-20T16:23:21.933451+00:00","104","6bd05ea5-44eb-46de-a7f2-cd540b4ca715"
"f2d69643-70df-484c-9e05-c66eee7d7a52","2026-05-20T00:00:00+00:00","c9312678-b872-45eb-963c-50ecf4053558","2","52","","","待入庫","2026-05-20T16:23:21.933451+00:00","104","6bd05ea5-44eb-46de-a7f2-cd540b4ca715"
"4d90e6c8-4811-4ea2-bb6e-be6ba05d831d","2026-05-20T00:00:00+00:00","f62dc284-5daf-4772-a6a9-d69fd48af0f3","2","52","","","待入庫","2026-05-20T16:23:21.933451+00:00","104","6bd05ea5-44eb-46de-a7f2-cd540b4ca715"
"eee9a84b-033e-4105-b9d5-0df738374340","2026-05-20T00:00:00+00:00","df0d8565-0eb9-4c00-8e7d-8b42d0d04fd3","1","98","","","待入庫","2026-05-20T16:23:21.933451+00:00","98","6bd05ea5-44eb-46de-a7f2-cd540b4ca715"
"c72c293b-54b0-4d52-b8d8-30c691bd2096","2026-04-24T00:00:00+00:00","42687ef1-23ac-4ac9-8a31-fec0072b8a69","1","741","","","待入庫","2026-04-25T14:32:20.911416+00:00","741","6bd05ea5-44eb-46de-a7f2-cd540b4ca715"
"f4a27d1f-fff9-4bd3-93e9-1d5da90b490d","2026-04-25T00:00:00+00:00","cc399e5e-c57f-4782-88cf-d8e280b9d776","1","157","","","待入庫","2026-04-25T14:33:23.048444+00:00","157","6bd05ea5-44eb-46de-a7f2-cd540b4ca715"
"b5294589-32ab-4bfc-b9b7-dbb9ffda281c","2026-04-28T00:00:00+00:00","cfbcf6c5-4ed4-49b9-87ba-5ec1230d71b9","1","231","","","待入庫","2026-04-28T15:20:27.96432+00:00","231","6bd05ea5-44eb-46de-a7f2-cd540b4ca715"
"16268aaf-3464-4c76-b84b-eef8eb30addb","2026-05-08T00:00:00+00:00","ad7e0321-79ee-4ff6-a917-1564a6d6faa0","1","162","","","待入庫","2026-05-08T06:15:17.675828+00:00","162","6bd05ea5-44eb-46de-a7f2-cd540b4ca715"
"150bc0b8-f04f-4754-aadb-a62d5aa72e19","2026-05-11T00:00:00+00:00","3fdbf8de-0d66-4443-8b67-e4595bb19951","1","1951","","","待入庫","2026-05-11T02:19:03.090709+00:00","1951","6bd05ea5-44eb-46de-a7f2-cd540b4ca715"
"68e5a305-5d98-421f-b34e-7d8f9fcfea16","2026-05-17T00:00:00+00:00","2764835b-156a-46a8-aef0-1fd7740ba799","1","115","","","待入庫","2026-05-17T07:10:59.443913+00:00","115","6bd05ea5-44eb-46de-a7f2-cd540b4ca715"
"4b0e6bbb-a5b9-4f1c-8c6e-9a3dc4493eb1","2026-05-17T00:00:00+00:00","818363fc-045b-4e2a-8b11-1235b30611f8","1","98","","","待入庫","2026-05-17T07:10:59.443913+00:00","98","6bd05ea5-44eb-46de-a7f2-cd540b4ca715"
"0e9f7c7f-1086-4e04-9307-14ee72a7f653","2026-05-21T00:00:00+00:00","3d76a682-1381-4a5e-b677-dddc4fe35920","4","119","","補","待入庫","2026-05-21T05:48:13.702635+00:00","476","6bd05ea5-44eb-46de-a7f2-cd540b4ca715"
"f1cf0612-c38d-457a-92d5-55157cf017c9","2026-05-21T00:00:00+00:00","43a184c3-1924-4c8e-bb18-bddda85f02bc","5","119","","","待入庫","2026-05-21T05:48:13.702635+00:00","595","6bd05ea5-44eb-46de-a7f2-cd540b4ca715"
"dd4551bd-e723-4275-a0f4-eda49a37886e","2026-05-21T00:00:00+00:00","521fa2f4-0f4d-47b3-8766-26023deb74f3","12","119","","","待入庫","2026-05-21T05:48:13.702635+00:00","1428","6bd05ea5-44eb-46de-a7f2-cd540b4ca715"
"8b003005-bd76-4d2b-b1e8-30af0fa01f1f","2026-05-21T00:00:00+00:00","25e26489-df8e-4280-afbd-1e0e7e6adb2a","3","119","","","待入庫","2026-05-21T05:48:13.702635+00:00","357","6bd05ea5-44eb-46de-a7f2-cd540b4ca715"
"250f61ff-861a-47f5-a5cb-c539e27bd1d7","2026-05-21T00:00:00+00:00","2e8e374f-1462-48f8-a05b-5793b52afa22","1","119","","","待入庫","2026-05-21T05:48:13.702635+00:00","119","6bd05ea5-44eb-46de-a7f2-cd540b4ca715"
"9d4dae2d-6be5-4b9b-933c-4b5a839cc9d5","2026-05-21T00:00:00+00:00","3aaa8c81-4e7f-49b0-bd10-a23a2962921b","5","119","","","待入庫","2026-05-21T05:48:13.702635+00:00","595","6bd05ea5-44eb-46de-a7f2-cd540b4ca715"
"76fba23e-bb80-42bb-b976-abee326841e1","2026-05-21T00:00:00+00:00","f62dc284-5daf-4772-a6a9-d69fd48af0f3","5","119","","","待入庫","2026-05-21T05:48:13.702635+00:00","595","6bd05ea5-44eb-46de-a7f2-cd540b4ca715"
"135e6b49-8937-4fc7-9cb3-7d307665374f","2026-05-21T00:00:00+00:00","15499ade-7f61-4ce4-a302-719d7cea4dce","5","119","","","待入庫","2026-05-21T05:48:13.702635+00:00","595","6bd05ea5-44eb-46de-a7f2-cd540b4ca715"
"990d54e9-ea04-46fe-98e7-4f9b7962ace9","2026-05-21T00:00:00+00:00","fa678cdf-9296-4482-ac5f-6a3c6e1c0c40","4","119","","","待入庫","2026-05-21T05:48:13.702635+00:00","476","6bd05ea5-44eb-46de-a7f2-cd540b4ca715"
"6fea6d56-b8f8-4849-97f2-82701187bdfd","2026-05-21T00:00:00+00:00","3e3e5d56-a723-4816-9e19-4a284d6514ac","4","119","","","待入庫","2026-05-21T05:48:13.702635+00:00","476","6bd05ea5-44eb-46de-a7f2-cd540b4ca715"
"2d60ffa5-579d-4831-af58-e442fa0d3c1b","2026-05-21T00:00:00+00:00","abed326e-e19a-4924-83b8-057e1a8bf60e","2","119","","","待入庫","2026-05-21T05:48:13.702635+00:00","238","6bd05ea5-44eb-46de-a7f2-cd540b4ca715"
"f840ce30-0516-42f4-91c3-79c3f221c512","2026-05-21T00:00:00+00:00","e793066e-97dc-4948-830f-f4dfd1e3d767","5","119","","","待入庫","2026-05-21T05:48:13.702635+00:00","595","6bd05ea5-44eb-46de-a7f2-cd540b4ca715"
"df45dd2e-7541-41b8-808e-261c3b6d1b19","2026-04-15T00:00:00+00:00","18b00cf0-705b-4b4b-b61f-2dd5be5440b1","2","106","蝦皮","","已入庫","2026-04-21T17:03:03.645301+00:00","212","6bd05ea5-44eb-46de-a7f2-cd540b4ca715"
"d8504ba3-b748-430f-b8e0-06b601c239ec","2026-04-21T00:00:00+00:00","f4525808-8392-4881-8085-77ba4d5fbac5","1","647","閒魚","","待入庫","2026-04-23T14:14:35.521565+00:00","647","6bd05ea5-44eb-46de-a7f2-cd540b4ca715"
"5437b9c4-6f0c-4977-a414-4d684a7d846f","2026-04-25T00:00:00+00:00","42687ef1-23ac-4ac9-8a31-fec0072b8a69","1","751","","","待入庫","2026-04-25T14:32:46.349879+00:00","751","6bd05ea5-44eb-46de-a7f2-cd540b4ca715"
"2e12e46b-f793-4939-b62a-1a06d27881ac","2026-04-28T00:00:00+00:00","d1656ab8-64f2-484b-b384-18b77964b554","2","141","","","待入庫","2026-04-28T15:20:41.73471+00:00","282","6bd05ea5-44eb-46de-a7f2-cd540b4ca715"
"0d418f74-e5c1-4a77-8fa7-34c0ebf6bcc4","2026-05-08T00:00:00+00:00","3fdbf8de-0d66-4443-8b67-e4595bb19951","1","1907","","","待入庫","2026-05-08T07:11:58.183385+00:00","1907","6bd05ea5-44eb-46de-a7f2-cd540b4ca715"
"8e5d2ebc-6e7c-479c-9c20-ccf4f8165063","2026-05-11T00:00:00+00:00","3fdbf8de-0d66-4443-8b67-e4595bb19951","2","1975","","","待入庫","2026-05-11T08:46:17.806016+00:00","3950","6bd05ea5-44eb-46de-a7f2-cd540b4ca715"
"ea74e080-8cd8-42a4-b28b-aa04193c6bb4","2026-05-17T00:00:00+00:00","d2d6037f-61f4-453e-a441-794dff80cd51","2","126.3","","","待入庫","2026-05-17T08:02:13.869267+00:00","252.6","6bd05ea5-44eb-46de-a7f2-cd540b4ca715"
"59eb97c4-ed0a-47ea-9784-2ab842c18943","2026-05-17T00:00:00+00:00","00d452f9-a0b8-417f-a358-23091ba36053","1","126.4","","","待入庫","2026-05-17T08:02:13.869267+00:00","126.4","6bd05ea5-44eb-46de-a7f2-cd540b4ca715"
"4163cb9a-6ebb-45ac-b178-8f4c7c3bd2e6","2026-05-21T00:00:00+00:00","9d623512-b92a-45ef-8b9b-90e38dcaae52","3","116","","補","待入庫","2026-05-21T05:56:08.944527+00:00","348","6bd05ea5-44eb-46de-a7f2-cd540b4ca715"
"3a0141e4-0c69-47d3-96a2-07c73df09e9f","2026-05-21T00:00:00+00:00","d2d6037f-61f4-453e-a441-794dff80cd51","3","116","","","待入庫","2026-05-21T05:56:08.944527+00:00","348","6bd05ea5-44eb-46de-a7f2-cd540b4ca715"
"3250b4b5-caf4-4528-8577-e69efa14f93f","2026-05-21T00:00:00+00:00","e8073450-3311-42f7-a810-39be964e49fc","1","116","","","待入庫","2026-05-21T05:56:08.944527+00:00","116","6bd05ea5-44eb-46de-a7f2-cd540b4ca715"
"0d582a5f-7dd9-4222-a087-3c99a00219f4","2026-05-21T00:00:00+00:00","502cdf6c-8f57-4b0f-b74f-dafbbf658b92","3","116","","","待入庫","2026-05-21T05:56:08.944527+00:00","348","6bd05ea5-44eb-46de-a7f2-cd540b4ca715"
"e04e6524-1685-4fae-abfe-fc11a0cf019f","2025-08-05T00:00:00+00:00","ec22c4d3-700e-4b48-b8b2-5fb448e5c713","1","376","蝦皮","","已入庫","2026-04-21T15:59:14.301859+00:00","376","6bd05ea5-44eb-46de-a7f2-cd540b4ca715"
"9d2c5405-8169-45ff-90ec-e7054e5eaef1","2025-08-05T00:00:00+00:00","ec22c4d3-700e-4b48-b8b2-5fb448e5c713","1","334","蝦皮","","已入庫","2026-04-21T15:59:14.301859+00:00","334","6bd05ea5-44eb-46de-a7f2-cd540b4ca715"
"022490c7-d56f-4445-979e-a0d7d232f19e","2025-08-06T00:00:00+00:00","b452eb6d-32f7-40fc-b60d-97b1ae53b09d","1","909","蝦皮","","已入庫","2026-04-21T15:59:14.301859+00:00","909","6bd05ea5-44eb-46de-a7f2-cd540b4ca715"
"fa438b81-1332-4181-80b6-b737fd05fecc","2025-08-06T00:00:00+00:00","3c5abc2e-97ab-426f-8d4c-a155553252bc","1","672","蝦皮","","已入庫","2026-04-21T15:59:14.301859+00:00","672","6bd05ea5-44eb-46de-a7f2-cd540b4ca715"
"e5933957-6fc3-4241-a2a3-eada05867db7","2025-08-06T00:00:00+00:00","ec22c4d3-700e-4b48-b8b2-5fb448e5c713","1","334","蝦皮","","已入庫","2026-04-21T15:59:14.301859+00:00","334","6bd05ea5-44eb-46de-a7f2-cd540b4ca715"
"54ea60e0-2ca7-4462-ad59-d6869b3a400a","2025-08-06T00:00:00+00:00","13a5ef17-86ea-4659-96d4-0d4b67389437","1","1463","蝦皮","","已入庫","2026-04-21T15:59:14.301859+00:00","1463","6bd05ea5-44eb-46de-a7f2-cd540b4ca715"
"44eea85c-202c-4ce6-9f61-edd78ede339c","2025-08-07T00:00:00+00:00","b452eb6d-32f7-40fc-b60d-97b1ae53b09d","1","836","蝦皮","","已入庫","2026-04-21T15:59:14.301859+00:00","836","6bd05ea5-44eb-46de-a7f2-cd540b4ca715"
"d48f5f52-9910-468b-85d2-cff4bcf79baa","2025-08-07T00:00:00+00:00","ec22c4d3-700e-4b48-b8b2-5fb448e5c713","1","368","蝦皮","","已入庫","2026-04-21T15:59:14.301859+00:00","368","6bd05ea5-44eb-46de-a7f2-cd540b4ca715"
"76699c84-b197-43af-b825-5735e193655c","2025-08-07T00:00:00+00:00","ec22c4d3-700e-4b48-b8b2-5fb448e5c713","1","355","蝦皮","","已入庫","2026-04-21T15:59:14.301859+00:00","355","6bd05ea5-44eb-46de-a7f2-cd540b4ca715"
"6706efb4-c377-47be-9166-d2acf8636661","2025-08-09T00:00:00+00:00","b452eb6d-32f7-40fc-b60d-97b1ae53b09d","1","868","蝦皮","","已入庫","2026-04-21T15:59:14.301859+00:00","868","6bd05ea5-44eb-46de-a7f2-cd540b4ca715"
"e4226650-5f96-4add-87f9-1afa7483b411","2025-08-10T00:00:00+00:00","b452eb6d-32f7-40fc-b60d-97b1ae53b09d","1","835","蝦皮","","已入庫","2026-04-21T15:59:14.301859+00:00","835","6bd05ea5-44eb-46de-a7f2-cd540b4ca715"
"9e139060-29dc-4910-b92c-2b9cf39f4d5a","2025-08-10T00:00:00+00:00","3c5abc2e-97ab-426f-8d4c-a155553252bc","1","635","蝦皮","","已入庫","2026-04-21T15:59:14.301859+00:00","635","6bd05ea5-44eb-46de-a7f2-cd540b4ca715"
"f14b9fee-4d1b-4d38-a98d-5943e787ea98","2025-08-10T00:00:00+00:00","25a6ee7d-469f-4018-99aa-96ada95d682f","1","100","蝦皮","","已入庫","2026-04-21T15:59:14.301859+00:00","100","6bd05ea5-44eb-46de-a7f2-cd540b4ca715"
"46123f60-6ab7-479f-a07d-e09e77691dee","2025-08-13T00:00:00+00:00","3c5abc2e-97ab-426f-8d4c-a155553252bc","1","669","蝦皮","","已入庫","2026-04-21T15:59:14.301859+00:00","669","6bd05ea5-44eb-46de-a7f2-cd540b4ca715"
"14294f25-222c-458f-8ed3-fa8e2de8e122","2025-08-13T00:00:00+00:00","3c5abc2e-97ab-426f-8d4c-a155553252bc","1","673","蝦皮","","已入庫","2026-04-21T15:59:14.301859+00:00","673","6bd05ea5-44eb-46de-a7f2-cd540b4ca715"
"66bea485-0d5b-4851-8080-7378da0cc6b9","2025-08-13T00:00:00+00:00","86f1293c-6bd7-45e5-b6a6-ec8a286c1c43","1","405","蝦皮","","已入庫","2026-04-21T15:59:14.301859+00:00","405","6bd05ea5-44eb-46de-a7f2-cd540b4ca715"
"41d9d7e5-d72e-40fd-9036-116e5d8f2514","2025-08-13T00:00:00+00:00","3c5abc2e-97ab-426f-8d4c-a155553252bc","1","711","蝦皮","","已入庫","2026-04-21T15:59:14.301859+00:00","711","6bd05ea5-44eb-46de-a7f2-cd540b4ca715"
"f6a7099a-fbcd-484d-ac28-09fcef3ef5a9","2025-08-14T00:00:00+00:00","ec22c4d3-700e-4b48-b8b2-5fb448e5c713","1","335","蝦皮","","已入庫","2026-04-21T15:59:14.301859+00:00","335","6bd05ea5-44eb-46de-a7f2-cd540b4ca715"
"05f8b466-2552-4229-a650-a7093021c603","2025-08-14T00:00:00+00:00","b452eb6d-32f7-40fc-b60d-97b1ae53b09d","1","893","蝦皮","","已入庫","2026-04-21T15:59:14.301859+00:00","893","6bd05ea5-44eb-46de-a7f2-cd540b4ca715"
"c65479b7-4a15-4bcd-aa24-ef0fc9a12f9c","2025-08-15T00:00:00+00:00","ec22c4d3-700e-4b48-b8b2-5fb448e5c713","1","336","蝦皮","","已入庫","2026-04-21T15:59:14.301859+00:00","336","6bd05ea5-44eb-46de-a7f2-cd540b4ca715"
"0c0ebdb9-b0cb-4c49-9c6f-8d31c7a2c658","2025-08-15T00:00:00+00:00","b452eb6d-32f7-40fc-b60d-97b1ae53b09d","1","909","蝦皮","","已入庫","2026-04-21T15:59:14.301859+00:00","909","6bd05ea5-44eb-46de-a7f2-cd540b4ca715"
"a14efb89-4725-44b3-9a5d-1988eea410da","2025-08-15T00:00:00+00:00","b452eb6d-32f7-40fc-b60d-97b1ae53b09d","1","799","蝦皮","","已入庫","2026-04-21T15:59:14.301859+00:00","799","6bd05ea5-44eb-46de-a7f2-cd540b4ca715"
"2f56011c-2a0c-4a0c-b779-7db667421fd7","2025-07-01T00:00:00+00:00","ec22c4d3-700e-4b48-b8b2-5fb448e5c713","1","327","蝦皮","","已入庫","2026-04-21T15:56:28.234067+00:00","327","6bd05ea5-44eb-46de-a7f2-cd540b4ca715"
"620c7092-fac2-4424-9409-9a817086cdb8","2025-07-01T00:00:00+00:00","ec22c4d3-700e-4b48-b8b2-5fb448e5c713","2","327","蝦皮","","已入庫","2026-04-21T15:56:28.234067+00:00","654","6bd05ea5-44eb-46de-a7f2-cd540b4ca715"
"3dd6f76a-6a52-46aa-b1fd-a140dce07156","2025-07-02T00:00:00+00:00","ec22c4d3-700e-4b48-b8b2-5fb448e5c713","1","328","蝦皮","","已入庫","2026-04-21T15:56:28.234067+00:00","328","6bd05ea5-44eb-46de-a7f2-cd540b4ca715"
"d139c0f1-3a11-4e9a-b48a-701defd4d98c","2025-07-03T00:00:00+00:00","b452eb6d-32f7-40fc-b60d-97b1ae53b09d","1","771","蝦皮","","已入庫","2026-04-21T15:56:28.234067+00:00","771","6bd05ea5-44eb-46de-a7f2-cd540b4ca715"
"f6267671-a4d2-4569-b12a-721e71f5c2e4","2025-07-04T00:00:00+00:00","b452eb6d-32f7-40fc-b60d-97b1ae53b09d","1","802","蝦皮","","已入庫","2026-04-21T15:56:28.234067+00:00","802","6bd05ea5-44eb-46de-a7f2-cd540b4ca715"
"c5446418-adda-4720-b485-41cdab041d55","2025-07-04T00:00:00+00:00","ec22c4d3-700e-4b48-b8b2-5fb448e5c713","1","304","蝦皮","","已入庫","2026-04-21T15:56:28.234067+00:00","304","6bd05ea5-44eb-46de-a7f2-cd540b4ca715"
"7e22609e-bab9-48b4-8d1e-73a776161894","2025-07-05T00:00:00+00:00","ec22c4d3-700e-4b48-b8b2-5fb448e5c713","1","344","蝦皮","","已入庫","2026-04-21T15:56:28.234067+00:00","344","6bd05ea5-44eb-46de-a7f2-cd540b4ca715"
"d79d7724-7620-42fa-a891-efeb67e7b651","2025-07-05T00:00:00+00:00","ec22c4d3-700e-4b48-b8b2-5fb448e5c713","1","332","蝦皮","","已入庫","2026-04-21T15:56:28.234067+00:00","332","6bd05ea5-44eb-46de-a7f2-cd540b4ca715"
"558c894d-c22a-4d92-840b-4cac96a69b17","2025-07-05T00:00:00+00:00","ec22c4d3-700e-4b48-b8b2-5fb448e5c713","1","324","蝦皮","","已入庫","2026-04-21T15:56:28.234067+00:00","324","6bd05ea5-44eb-46de-a7f2-cd540b4ca715"
"0a4a927c-6351-4a97-8b2e-d80cd2c6e014","2025-07-06T00:00:00+00:00","b452eb6d-32f7-40fc-b60d-97b1ae53b09d","1","729","蝦皮","","已入庫","2026-04-21T15:56:28.234067+00:00","729","6bd05ea5-44eb-46de-a7f2-cd540b4ca715"
"0549096d-4849-40ab-8e6e-b2949a18244b","2025-07-07T00:00:00+00:00","ec22c4d3-700e-4b48-b8b2-5fb448e5c713","1","356","蝦皮","","已入庫","2026-04-21T15:56:28.234067+00:00","356","6bd05ea5-44eb-46de-a7f2-cd540b4ca715"
"68510269-48d7-4a97-8fff-96c0c6a7c8c1","2025-07-07T00:00:00+00:00","ec22c4d3-700e-4b48-b8b2-5fb448e5c713","1","364","蝦皮","","已入庫","2026-04-21T15:56:28.234067+00:00","364","6bd05ea5-44eb-46de-a7f2-cd540b4ca715"
"cd750837-268a-4a27-a6d7-7e92741565c5","2025-07-07T00:00:00+00:00","ec22c4d3-700e-4b48-b8b2-5fb448e5c713","1","324","蝦皮","","已入庫","2026-04-21T15:56:28.234067+00:00","324","6bd05ea5-44eb-46de-a7f2-cd540b4ca715"
"c62de57b-3dc2-4977-b7f0-0c78aac48328","2025-07-08T00:00:00+00:00","ec22c4d3-700e-4b48-b8b2-5fb448e5c713","1","387","蝦皮","","已入庫","2026-04-21T15:56:28.234067+00:00","387","6bd05ea5-44eb-46de-a7f2-cd540b4ca715"
"d7df1f40-42e7-45c4-9c9a-51cae2aa6b5d","2025-07-08T00:00:00+00:00","ec22c4d3-700e-4b48-b8b2-5fb448e5c713","1","346","蝦皮","","已入庫","2026-04-21T15:56:28.234067+00:00","346","6bd05ea5-44eb-46de-a7f2-cd540b4ca715"
"07d85c76-aa8f-4fc7-bb3e-08b901e500cd","2025-07-08T00:00:00+00:00","ec22c4d3-700e-4b48-b8b2-5fb448e5c713","1","366","蝦皮","","已入庫","2026-04-21T15:56:28.234067+00:00","366","6bd05ea5-44eb-46de-a7f2-cd540b4ca715"
"b4f7c4ff-ffc1-4543-9fa1-b95b5393fab3","2025-07-08T00:00:00+00:00","ec22c4d3-700e-4b48-b8b2-5fb448e5c713","1","366","蝦皮","","已入庫","2026-04-21T15:56:28.234067+00:00","366","6bd05ea5-44eb-46de-a7f2-cd540b4ca715"
"3a994b33-3b8d-49cd-94c6-86126e483876","2025-07-08T00:00:00+00:00","ec22c4d3-700e-4b48-b8b2-5fb448e5c713","1","366","蝦皮","","已入庫","2026-04-21T15:56:28.234067+00:00","366","6bd05ea5-44eb-46de-a7f2-cd540b4ca715"
"05e142a6-3768-45fd-9560-92b49f57fb3c","2026-04-21T00:00:00+00:00","bebae2c8-6114-4d9b-9129-f6910d2aae1a","6","279.5","","","待入庫","2026-04-23T14:15:57.630245+00:00","1677","6bd05ea5-44eb-46de-a7f2-cd540b4ca715"
"c2355bca-d8e3-42a9-a59d-e85b85429185","2026-04-22T00:00:00+00:00","a0dafa15-4f32-496b-9872-abdabf489346","1","208","","","待入庫","2026-04-23T14:16:18.274478+00:00","208","6bd05ea5-44eb-46de-a7f2-cd540b4ca715"
"2b64122f-d509-4ec8-a419-732bd2113fd4","2026-04-22T00:00:00+00:00","bebae2c8-6114-4d9b-9129-f6910d2aae1a","1","361","","","待入庫","2026-04-23T14:17:10.319457+00:00","361","6bd05ea5-44eb-46de-a7f2-cd540b4ca715"
"8a5bc030-919c-4225-a40a-df254147252b","2025-07-08T00:00:00+00:00","ec22c4d3-700e-4b48-b8b2-5fb448e5c713","1","330","蝦皮","","已入庫","2026-04-21T15:56:28.234067+00:00","330","6bd05ea5-44eb-46de-a7f2-cd540b4ca715"
"1f4a7638-9c6b-44c8-96ce-d1107580ad45","2025-07-08T00:00:00+00:00","ec22c4d3-700e-4b48-b8b2-5fb448e5c713","1","399","蝦皮","","已入庫","2026-04-21T15:56:28.234067+00:00","399","6bd05ea5-44eb-46de-a7f2-cd540b4ca715"
"7041b346-3b21-49b2-b2a4-6959ab872892","2025-07-09T00:00:00+00:00","ec22c4d3-700e-4b48-b8b2-5fb448e5c713","1","362","蝦皮","","已入庫","2026-04-21T15:56:28.234067+00:00","362","6bd05ea5-44eb-46de-a7f2-cd540b4ca715"
"eb5aa0e3-a304-4f4a-b4bf-dadc7047ae9a","2025-07-09T00:00:00+00:00","ec22c4d3-700e-4b48-b8b2-5fb448e5c713","1","350","蝦皮","","已入庫","2026-04-21T15:56:28.234067+00:00","350","6bd05ea5-44eb-46de-a7f2-cd540b4ca715"
"af941ace-fed7-4a72-b412-3cdfb31e5621","2025-07-09T00:00:00+00:00","ec22c4d3-700e-4b48-b8b2-5fb448e5c713","1","306","蝦皮","","已入庫","2026-04-21T15:56:28.234067+00:00","306","6bd05ea5-44eb-46de-a7f2-cd540b4ca715"
"a5437393-6d1d-4157-ac4a-e527b2785936","2025-07-09T00:00:00+00:00","ec22c4d3-700e-4b48-b8b2-5fb448e5c713","1","402","蝦皮","","已入庫","2026-04-21T15:56:28.234067+00:00","402","6bd05ea5-44eb-46de-a7f2-cd540b4ca715"
"35ddad8e-00ce-47f4-9af8-9f0f03394cff","2025-07-09T00:00:00+00:00","ec22c4d3-700e-4b48-b8b2-5fb448e5c713","1","387","蝦皮","","已入庫","2026-04-21T15:56:28.234067+00:00","387","6bd05ea5-44eb-46de-a7f2-cd540b4ca715"
"3c47f3dc-a86e-4ed3-85c1-5f09ecba474e","2025-07-10T00:00:00+00:00","ec22c4d3-700e-4b48-b8b2-5fb448e5c713","1","351","蝦皮","","已入庫","2026-04-21T15:56:28.234067+00:00","351","6bd05ea5-44eb-46de-a7f2-cd540b4ca715"
"9a4e5472-003c-4508-94b2-36c2bddd5d23","2025-07-10T00:00:00+00:00","ec22c4d3-700e-4b48-b8b2-5fb448e5c713","1","367","蝦皮","","已入庫","2026-04-21T15:56:28.234067+00:00","367","6bd05ea5-44eb-46de-a7f2-cd540b4ca715"
"aec16a73-4450-499e-90c9-2d63434da035","2025-07-10T00:00:00+00:00","ec22c4d3-700e-4b48-b8b2-5fb448e5c713","1","367","蝦皮","","已入庫","2026-04-21T15:56:28.234067+00:00","367","6bd05ea5-44eb-46de-a7f2-cd540b4ca715"
"c0e633c1-5d5b-406c-9e62-da9d84877908","2025-07-10T00:00:00+00:00","ec22c4d3-700e-4b48-b8b2-5fb448e5c713","1","306","蝦皮","","已入庫","2026-04-21T15:56:28.234067+00:00","306","6bd05ea5-44eb-46de-a7f2-cd540b4ca715"
"a82afc37-0a61-4b02-9c6d-69599a9c2728","2025-07-10T00:00:00+00:00","ec22c4d3-700e-4b48-b8b2-5fb448e5c713","1","367","蝦皮","","已入庫","2026-04-21T15:56:28.234067+00:00","367","6bd05ea5-44eb-46de-a7f2-cd540b4ca715"
"53740dcb-b3e6-4324-aeb3-b387c667f0c5","2025-07-10T00:00:00+00:00","ec22c4d3-700e-4b48-b8b2-5fb448e5c713","1","347","蝦皮","","已入庫","2026-04-21T15:56:28.234067+00:00","347","6bd05ea5-44eb-46de-a7f2-cd540b4ca715"
"fa63c4ff-82dd-415e-9fbf-fcd3fb8f11ca","2025-07-11T00:00:00+00:00","ec22c4d3-700e-4b48-b8b2-5fb448e5c713","1","360","蝦皮","","已入庫","2026-04-21T15:56:28.234067+00:00","360","6bd05ea5-44eb-46de-a7f2-cd540b4ca715"
"37c434f8-a7a4-45a4-a443-e1bfaf761245","2025-07-11T00:00:00+00:00","ec22c4d3-700e-4b48-b8b2-5fb448e5c713","1","348","蝦皮","","已入庫","2026-04-21T15:56:28.234067+00:00","348","6bd05ea5-44eb-46de-a7f2-cd540b4ca715"
"eba29b06-b8f4-443d-86af-802ace1d8593","2025-07-12T00:00:00+00:00","ec22c4d3-700e-4b48-b8b2-5fb448e5c713","1","368","蝦皮","","已入庫","2026-04-21T15:56:28.234067+00:00","368","6bd05ea5-44eb-46de-a7f2-cd540b4ca715"
"6a262f89-ac2c-4921-8e8c-4999c8dc9e19","2025-07-15T00:00:00+00:00","ec22c4d3-700e-4b48-b8b2-5fb448e5c713","1","362","蝦皮","","已入庫","2026-04-21T15:56:28.234067+00:00","362","6bd05ea5-44eb-46de-a7f2-cd540b4ca715"
"f7e55f3b-1772-434b-9de5-15ce317d2ccd","2025-07-15T00:00:00+00:00","ec22c4d3-700e-4b48-b8b2-5fb448e5c713","1","362","蝦皮","","已入庫","2026-04-21T15:56:28.234067+00:00","362","6bd05ea5-44eb-46de-a7f2-cd540b4ca715"
"e83c168f-e010-4bb9-8e87-5d5c1840636e","2025-07-15T00:00:00+00:00","ec22c4d3-700e-4b48-b8b2-5fb448e5c713","1","329","蝦皮","","已入庫","2026-04-21T15:56:28.234067+00:00","329","6bd05ea5-44eb-46de-a7f2-cd540b4ca715"
"e040f19d-22ed-46f6-849c-6f7e1162f7e7","2025-07-15T00:00:00+00:00","ec22c4d3-700e-4b48-b8b2-5fb448e5c713","1","349","蝦皮","","已入庫","2026-04-21T15:56:28.234067+00:00","349","6bd05ea5-44eb-46de-a7f2-cd540b4ca715"
"007b0171-86f5-4513-a751-3533cd6830be","2025-07-15T00:00:00+00:00","ec22c4d3-700e-4b48-b8b2-5fb448e5c713","1","341","蝦皮","","已入庫","2026-04-21T15:56:28.234067+00:00","341","6bd05ea5-44eb-46de-a7f2-cd540b4ca715"
"da6153c1-4654-4b13-aea3-9da4aabf88c0","2025-07-15T00:00:00+00:00","ec22c4d3-700e-4b48-b8b2-5fb448e5c713","1","337","蝦皮","","已入庫","2026-04-21T15:56:28.234067+00:00","337","6bd05ea5-44eb-46de-a7f2-cd540b4ca715"
"56875491-f62d-4e0d-a38f-548490cabd6b","2025-07-16T00:00:00+00:00","ec22c4d3-700e-4b48-b8b2-5fb448e5c713","1","362","蝦皮","","已入庫","2026-04-21T15:56:28.234067+00:00","362","6bd05ea5-44eb-46de-a7f2-cd540b4ca715"
"b4d9b375-c1ef-4cb8-91dc-a1bba3b16428","2025-06-05T00:00:00+00:00","ca109ed6-b78e-4566-abaf-8a5c914e57da","1","853","蝦皮","","已入庫","2026-04-21T15:40:59.559604+00:00","853","6bd05ea5-44eb-46de-a7f2-cd540b4ca715"
"4cbd94d5-b590-43db-880d-912318c26e3e","2025-06-30T00:00:00+00:00","b452eb6d-32f7-40fc-b60d-97b1ae53b09d","1","812","蝦皮","","已入庫","2026-04-21T15:43:14.443319+00:00","812","6bd05ea5-44eb-46de-a7f2-cd540b4ca715"
"3b2ea3c1-c745-4740-af92-1dffb5a3691b","2025-05-02T00:00:00+00:00","937c135a-fd34-418a-a3f0-c61e3b52e910","1","554","蝦皮","","已入庫","2026-04-21T14:34:51.335999+00:00","554","6bd05ea5-44eb-46de-a7f2-cd540b4ca715"
"b38e1b3a-6e38-4f3b-b12b-6a167d8332b4","2025-05-02T00:00:00+00:00","3b0bfad1-adc2-43de-a1df-b0bc481abd5f","1","731","蝦皮","","已入庫","2026-04-21T14:34:51.335999+00:00","731","6bd05ea5-44eb-46de-a7f2-cd540b4ca715"
"3d858045-cf25-4b7d-bc66-c262436109e9","2025-05-02T00:00:00+00:00","13a5ef17-86ea-4659-96d4-0d4b67389437","2","1370","蝦皮","起名","已入庫","2026-04-21T14:34:51.335999+00:00","2740","6bd05ea5-44eb-46de-a7f2-cd540b4ca715"
"871fa71a-29af-4445-8af3-e730cd35f4d0","2025-05-02T00:00:00+00:00","b452eb6d-32f7-40fc-b60d-97b1ae53b09d","1","798","蝦皮","","已入庫","2026-04-21T14:34:51.335999+00:00","798","6bd05ea5-44eb-46de-a7f2-cd540b4ca715"
"f3a45b2c-6f7b-4dcb-8494-f3b26bd4edba","2025-05-03T00:00:00+00:00","13a5ef17-86ea-4659-96d4-0d4b67389437","1","1319","蝦皮","七里","已入庫","2026-04-21T14:34:51.335999+00:00","1319","6bd05ea5-44eb-46de-a7f2-cd540b4ca715"
"d4cb249f-2a0e-41b4-8644-e4a603d589f5","2025-05-03T00:00:00+00:00","3c5abc2e-97ab-426f-8d4c-a155553252bc","1","709","蝦皮","","已入庫","2026-04-21T14:34:51.335999+00:00","709","6bd05ea5-44eb-46de-a7f2-cd540b4ca715"
"dc34906b-abb2-4cbc-a9b8-0ab22a959327","2025-05-03T00:00:00+00:00","13a5ef17-86ea-4659-96d4-0d4b67389437","1","1269","蝦皮","tbnick","已入庫","2026-04-21T14:34:51.335999+00:00","1269","6bd05ea5-44eb-46de-a7f2-cd540b4ca715"
"fa23ec78-3fca-44d9-9bde-a1a27a58b098","2025-05-03T00:00:00+00:00","b452eb6d-32f7-40fc-b60d-97b1ae53b09d","1","765","蝦皮","","已入庫","2026-04-21T14:34:51.335999+00:00","765","6bd05ea5-44eb-46de-a7f2-cd540b4ca715"
"3f0546f6-4963-478b-bb10-0d8e0389e4ee","2025-05-03T00:00:00+00:00","5ae40006-9e9f-47d0-bf5b-ae60c9be288f","1","488","蝦皮","","已入庫","2026-04-21T14:34:51.335999+00:00","488","6bd05ea5-44eb-46de-a7f2-cd540b4ca715"
"54bb4326-8ff6-4e97-bc67-d30f67cabacf","2025-05-03T00:00:00+00:00","3c5abc2e-97ab-426f-8d4c-a155553252bc","1","637","蝦皮","","已入庫","2026-04-21T14:34:51.335999+00:00","637","6bd05ea5-44eb-46de-a7f2-cd540b4ca715"
"17db4e6c-c731-4696-85e4-be4887249039","2025-05-04T00:00:00+00:00","13a5ef17-86ea-4659-96d4-0d4b67389437","1","1304","蝦皮","吳心","已入庫","2026-04-21T14:34:51.335999+00:00","1304","6bd05ea5-44eb-46de-a7f2-cd540b4ca715"
"c5d29371-5834-4528-b26e-00f0bf40f5c1","2025-05-04T00:00:00+00:00","3c5abc2e-97ab-426f-8d4c-a155553252bc","1","680","蝦皮","","已入庫","2026-04-21T14:34:51.335999+00:00","680","6bd05ea5-44eb-46de-a7f2-cd540b4ca715"
"88febadc-aef5-4b08-b80c-724b656330d9","2025-05-04T00:00:00+00:00","3b0bfad1-adc2-43de-a1df-b0bc481abd5f","1","663","蝦皮","","已入庫","2026-04-21T14:34:51.335999+00:00","663","6bd05ea5-44eb-46de-a7f2-cd540b4ca715"
"98ce4746-1dd7-404a-a9dd-c69a64d92199","2025-05-04T00:00:00+00:00","b452eb6d-32f7-40fc-b60d-97b1ae53b09d","1","748","蝦皮","","已入庫","2026-04-21T14:34:51.335999+00:00","748","6bd05ea5-44eb-46de-a7f2-cd540b4ca715"
"74e59087-6d8f-44c3-9010-2db025b3fd76","2025-05-04T00:00:00+00:00","3b0bfad1-adc2-43de-a1df-b0bc481abd5f","1","701","蝦皮","","已入庫","2026-04-21T14:34:51.335999+00:00","701","6bd05ea5-44eb-46de-a7f2-cd540b4ca715"
"b28a6dac-12e4-4e91-a76e-3f1d86fc4872","2025-05-04T00:00:00+00:00","b452eb6d-32f7-40fc-b60d-97b1ae53b09d","1","714","蝦皮","","已入庫","2026-04-21T14:34:51.335999+00:00","714","6bd05ea5-44eb-46de-a7f2-cd540b4ca715"
"5f6fa6af-bcfb-4532-8f19-57333d0563a2","2025-05-04T00:00:00+00:00","13a5ef17-86ea-4659-96d4-0d4b67389437","1","1109","蝦皮","Zrzp","已入庫","2026-04-21T14:34:51.335999+00:00","1109","6bd05ea5-44eb-46de-a7f2-cd540b4ca715"
"47e93992-7cf1-43e5-85dd-4ab472fbd68a","2025-05-04T00:00:00+00:00","39749fa7-2bb1-4c7a-abe5-1c35b0a3bb5b","1","664","蝦皮","","已入庫","2026-04-21T14:34:51.335999+00:00","664","6bd05ea5-44eb-46de-a7f2-cd540b4ca715"
"d0adc50c-ee07-4efe-bb1e-18fd9efc9e6a","2025-05-04T00:00:00+00:00","2457b357-23e0-4ab0-8fcd-90084a863696","1","531","蝦皮","","已入庫","2026-04-21T14:34:51.335999+00:00","531","6bd05ea5-44eb-46de-a7f2-cd540b4ca715"
"a20e8587-ef8f-430c-b354-b548fceb3b57","2025-06-05T00:00:00+00:00","24039aa7-a987-410b-9cd2-fd74f299fd85","8","355.63","蝦皮","","已入庫","2026-04-21T15:40:59.559604+00:00","2845","6bd05ea5-44eb-46de-a7f2-cd540b4ca715"
"873c914b-97ef-48c8-97e8-6122eafa4b09","2025-07-16T00:00:00+00:00","ec22c4d3-700e-4b48-b8b2-5fb448e5c713","1","329","蝦皮","","已入庫","2026-04-21T15:56:28.234067+00:00","329","6bd05ea5-44eb-46de-a7f2-cd540b4ca715"
"10c46da9-288a-454f-ad01-855ed9bc0703","2025-07-16T00:00:00+00:00","ec22c4d3-700e-4b48-b8b2-5fb448e5c713","1","312","蝦皮","","已入庫","2026-04-21T15:56:28.234067+00:00","312","6bd05ea5-44eb-46de-a7f2-cd540b4ca715"
"041c4ad4-29a2-4811-a0d3-a3f8cacf71b6","2025-05-04T00:00:00+00:00","90ad1db5-bda0-4a63-b82d-cceee63def81","1","660","蝦皮","","已入庫","2026-04-21T14:34:51.335999+00:00","660","6bd05ea5-44eb-46de-a7f2-cd540b4ca715"
"3f7ec86f-43d0-4838-81e7-5cb37b679544","2025-05-04T00:00:00+00:00","dc21ae68-b7c0-45a6-ab09-b05229afa6c6","1","114","蝦皮","","已入庫","2026-04-21T14:34:51.335999+00:00","114","6bd05ea5-44eb-46de-a7f2-cd540b4ca715"
"5ace6ea3-7992-44b9-8a36-efa3fb06cf10","2025-05-04T00:00:00+00:00","3b0bfad1-adc2-43de-a1df-b0bc481abd5f","1","722","蝦皮","","已入庫","2026-04-21T14:34:51.335999+00:00","722","6bd05ea5-44eb-46de-a7f2-cd540b4ca715"
"6cb859b1-f724-42e6-9b98-4d4a5628f7e8","2025-05-05T00:00:00+00:00","5b03f140-fb75-4a42-9e7c-a6515abbab08","4","500","蝦皮","","已入庫","2026-04-21T14:41:29.605448+00:00","2000","6bd05ea5-44eb-46de-a7f2-cd540b4ca715"
"9fab8015-e785-486a-bfc5-4e24837e25e3","2025-05-05T00:00:00+00:00","5b03f140-fb75-4a42-9e7c-a6515abbab08","2","436.5","蝦皮","","已入庫","2026-04-21T14:41:29.605448+00:00","873","6bd05ea5-44eb-46de-a7f2-cd540b4ca715"
"aad50e6a-2c05-4648-9db3-ca4d6f5aabec","2025-05-05T00:00:00+00:00","a24c6b57-5c26-4bb8-b408-3cecac3e0af2","4","190","蝦皮","","已入庫","2026-04-21T14:41:29.605448+00:00","760","6bd05ea5-44eb-46de-a7f2-cd540b4ca715"
"40abf89b-550b-4ee9-98fe-7734acdbd949","2025-05-05T00:00:00+00:00","a24c6b57-5c26-4bb8-b408-3cecac3e0af2","4","191.25","蝦皮","","已入庫","2026-04-21T14:41:29.605448+00:00","765","6bd05ea5-44eb-46de-a7f2-cd540b4ca715"
"2dc34064-09dc-4fe4-b515-4709779081a0","2025-05-05T00:00:00+00:00","a24c6b57-5c26-4bb8-b408-3cecac3e0af2","4","187","蝦皮","","已入庫","2026-04-21T14:41:29.605448+00:00","748","6bd05ea5-44eb-46de-a7f2-cd540b4ca715"
"7da08249-1623-455c-b766-9ae9d9d6efb1","2025-05-05T00:00:00+00:00","3c5abc2e-97ab-426f-8d4c-a155553252bc","1","628","蝦皮","","已入庫","2026-04-21T14:41:29.605448+00:00","628","6bd05ea5-44eb-46de-a7f2-cd540b4ca715"
"db2401b9-de6d-42a8-a564-f1e2d4fd371c","2025-05-05T00:00:00+00:00","25a6ee7d-469f-4018-99aa-96ada95d682f","1","145","蝦皮","","已入庫","2026-04-21T14:41:29.605448+00:00","145","6bd05ea5-44eb-46de-a7f2-cd540b4ca715"
"6dee6028-5b35-433b-bfa8-a9b75a6ab2b1","2025-05-05T00:00:00+00:00","39749fa7-2bb1-4c7a-abe5-1c35b0a3bb5b","1","951","蝦皮","","已入庫","2026-04-21T14:41:29.605448+00:00","951","6bd05ea5-44eb-46de-a7f2-cd540b4ca715"
"44423bc8-8336-4827-ae1f-cdd466c63422","2025-05-05T00:00:00+00:00","25a6ee7d-469f-4018-99aa-96ada95d682f","6","167.83","蝦皮","","已入庫","2026-04-21T14:41:29.605448+00:00","1007","6bd05ea5-44eb-46de-a7f2-cd540b4ca715"
"ee82853e-4319-425d-b86b-7b3b0237a891","2025-05-06T00:00:00+00:00","13a5ef17-86ea-4659-96d4-0d4b67389437","1","1229","蝦皮","Keachi","已入庫","2026-04-21T14:41:29.605448+00:00","1229","6bd05ea5-44eb-46de-a7f2-cd540b4ca715"
"8106e4bb-8542-4b01-9c56-a3cce2f3d7c9","2025-05-06T00:00:00+00:00","dc21ae68-b7c0-45a6-ab09-b05229afa6c6","1","150","蝦皮","","已入庫","2026-04-21T14:41:29.605448+00:00","150","6bd05ea5-44eb-46de-a7f2-cd540b4ca715"
"9f1fbb19-e3b8-480f-a458-979e0ed96a90","2025-05-07T00:00:00+00:00","13a5ef17-86ea-4659-96d4-0d4b67389437","1","1275","蝦皮","咚咚","已入庫","2026-04-21T14:41:29.605448+00:00","1275","6bd05ea5-44eb-46de-a7f2-cd540b4ca715"
"a9d8bf56-3f46-4e29-a8f1-a0af876491a1","2025-05-07T00:00:00+00:00","13a5ef17-86ea-4659-96d4-0d4b67389437","1","1284","蝦皮","班味","已入庫","2026-04-21T14:41:29.605448+00:00","1284","6bd05ea5-44eb-46de-a7f2-cd540b4ca715"
"2c69b78e-b628-4cdf-a297-9ec8845b4fe6","2025-05-07T00:00:00+00:00","13a5ef17-86ea-4659-96d4-0d4b67389437","1","1310","蝦皮","本公司","已入庫","2026-04-21T14:41:29.605448+00:00","1310","6bd05ea5-44eb-46de-a7f2-cd540b4ca715"
"28c8c66f-385b-4917-b1d7-a09bb8e5213a","2025-05-08T00:00:00+00:00","13a5ef17-86ea-4659-96d4-0d4b67389437","1","1345","蝦皮","佳寶寶","已入庫","2026-04-21T14:41:29.605448+00:00","1345","6bd05ea5-44eb-46de-a7f2-cd540b4ca715"
"51104f73-6f13-4a50-a509-5b888d633ed2","2025-05-08T00:00:00+00:00","e9c0f26b-a522-4b23-a18f-1dffe7efbcc0","1","732","蝦皮","","已入庫","2026-04-21T14:41:29.605448+00:00","732","6bd05ea5-44eb-46de-a7f2-cd540b4ca715"
"483871ca-0684-4058-9a92-ca75545daf75","2025-05-08T00:00:00+00:00","13a5ef17-86ea-4659-96d4-0d4b67389437","1","1302","蝦皮","動漫","已入庫","2026-04-21T14:41:29.605448+00:00","1302","6bd05ea5-44eb-46de-a7f2-cd540b4ca715"
"d1145f0a-a893-4979-8f4c-c9fa4ba18bd8","2025-05-09T00:00:00+00:00","3b0bfad1-adc2-43de-a1df-b0bc481abd5f","1","691","蝦皮","","已入庫","2026-04-21T14:41:29.605448+00:00","691","6bd05ea5-44eb-46de-a7f2-cd540b4ca715"
"72e70ab0-58d3-456b-a89c-f1184716f249","2025-05-09T00:00:00+00:00","13a5ef17-86ea-4659-96d4-0d4b67389437","1","1252","蝦皮","柴刀","已入庫","2026-04-21T14:41:29.605448+00:00","1252","6bd05ea5-44eb-46de-a7f2-cd540b4ca715"
"9f916121-46a9-463b-ab6e-1b59c1366490","2025-05-09T00:00:00+00:00","3b0bfad1-adc2-43de-a1df-b0bc481abd5f","1","671","蝦皮","","已入庫","2026-04-21T14:41:29.605448+00:00","671","6bd05ea5-44eb-46de-a7f2-cd540b4ca715"
"29888426-bcf3-45b0-bd09-d74cf72969d5","2025-05-09T00:00:00+00:00","39749fa7-2bb1-4c7a-abe5-1c35b0a3bb5b","1","907","蝦皮","","已入庫","2026-04-21T14:41:29.605448+00:00","907","6bd05ea5-44eb-46de-a7f2-cd540b4ca715"
"334f6926-9aa8-4c52-9296-7c38935e55eb","2025-05-10T00:00:00+00:00","3c5abc2e-97ab-426f-8d4c-a155553252bc","1","690","蝦皮","","已入庫","2026-04-21T14:41:29.605448+00:00","690","6bd05ea5-44eb-46de-a7f2-cd540b4ca715"
"bb681d68-6ef1-4c6b-9a3f-0a1d936ec999","2025-05-10T00:00:00+00:00","39749fa7-2bb1-4c7a-abe5-1c35b0a3bb5b","1","934","蝦皮","","已入庫","2026-04-21T14:41:29.605448+00:00","934","6bd05ea5-44eb-46de-a7f2-cd540b4ca715"
"fb96ba4d-950b-4332-8631-ee883c594564","2025-05-10T00:00:00+00:00","13a5ef17-86ea-4659-96d4-0d4b67389437","1","1292","蝦皮","欺騙仔","已入庫","2026-04-21T14:41:29.605448+00:00","1292","6bd05ea5-44eb-46de-a7f2-cd540b4ca715"
"38877487-d203-4eca-a485-b5f15aa7ef49","2025-05-10T00:00:00+00:00","13a5ef17-86ea-4659-96d4-0d4b67389437","1","1355","蝦皮","辜遇","已入庫","2026-04-21T14:41:29.605448+00:00","1355","6bd05ea5-44eb-46de-a7f2-cd540b4ca715"
"979a216f-b794-4733-9158-dbfe0b7fdd67","2025-05-11T00:00:00+00:00","3c5abc2e-97ab-426f-8d4c-a155553252bc","1","627","蝦皮","","已入庫","2026-04-21T14:41:29.605448+00:00","627","6bd05ea5-44eb-46de-a7f2-cd540b4ca715"
"06ef85a1-1148-4dad-b4f6-d6344a40a5bc","2025-05-11T00:00:00+00:00","b452eb6d-32f7-40fc-b60d-97b1ae53b09d","1","779","蝦皮","","已入庫","2026-04-21T14:41:29.605448+00:00","779","6bd05ea5-44eb-46de-a7f2-cd540b4ca715"
"de495bc5-d430-4f5d-9f50-4d13ed271816","2025-05-11T00:00:00+00:00","dc21ae68-b7c0-45a6-ab09-b05229afa6c6","1","125","蝦皮","","已入庫","2026-04-21T14:41:29.605448+00:00","125","6bd05ea5-44eb-46de-a7f2-cd540b4ca715"
"0bf132fc-dd13-4fb0-9acb-74b323df5c92","2025-05-11T00:00:00+00:00","b452eb6d-32f7-40fc-b60d-97b1ae53b09d","1","832","蝦皮","","已入庫","2026-04-21T14:41:29.605448+00:00","832","6bd05ea5-44eb-46de-a7f2-cd540b4ca715"
"9573df99-d9f1-45b6-8434-1b3a5783cf8e","2025-05-12T00:00:00+00:00","13a5ef17-86ea-4659-96d4-0d4b67389437","1","1378","蝦皮","嶄新名字","已入庫","2026-04-21T14:41:29.605448+00:00","1378","6bd05ea5-44eb-46de-a7f2-cd540b4ca715"
"15448907-b937-4cdc-8d35-a63ade7d7b31","2025-05-12T00:00:00+00:00","13a5ef17-86ea-4659-96d4-0d4b67389437","1","1378","蝦皮","好好學習","已入庫","2026-04-21T14:41:29.605448+00:00","1378","6bd05ea5-44eb-46de-a7f2-cd540b4ca715"
"f6e0dfb3-47ff-4e90-8664-2d440946f143","2025-05-12T00:00:00+00:00","13a5ef17-86ea-4659-96d4-0d4b67389437","1","1313","蝦皮","Mochi","已入庫","2026-04-21T14:41:29.605448+00:00","1313","6bd05ea5-44eb-46de-a7f2-cd540b4ca715"
"ac60d880-a9c3-4ced-b109-bac9c4f0c509","2025-05-12T00:00:00+00:00","39749fa7-2bb1-4c7a-abe5-1c35b0a3bb5b","1","926","蝦皮","","已入庫","2026-04-21T14:41:29.605448+00:00","926","6bd05ea5-44eb-46de-a7f2-cd540b4ca715"
"61d1657b-13b8-4130-beb9-d2f7ddef2472","2025-05-12T00:00:00+00:00","39749fa7-2bb1-4c7a-abe5-1c35b0a3bb5b","1","926","蝦皮","","已入庫","2026-04-21T14:41:29.605448+00:00","926","6bd05ea5-44eb-46de-a7f2-cd540b4ca715"
"dea4127b-0167-480b-8385-5c7a7589f1cc","2025-05-13T00:00:00+00:00","13a5ef17-86ea-4659-96d4-0d4b67389437","1","1349","蝦皮","Luring","已入庫","2026-04-21T14:41:29.605448+00:00","1349","6bd05ea5-44eb-46de-a7f2-cd540b4ca715"
"29d8161f-f705-4e2c-a975-a008f2e56cae","2025-05-16T00:00:00+00:00","3b0bfad1-adc2-43de-a1df-b0bc481abd5f","1","697","蝦皮","","已入庫","2026-04-21T14:41:29.605448+00:00","697","6bd05ea5-44eb-46de-a7f2-cd540b4ca715"
"138c09d2-1601-41ea-9517-1174755598ae","2025-05-16T00:00:00+00:00","3b0bfad1-adc2-43de-a1df-b0bc481abd5f","1","697","蝦皮","","已入庫","2026-04-21T14:41:29.605448+00:00","697","6bd05ea5-44eb-46de-a7f2-cd540b4ca715"
"84f0ba89-13d8-49dc-a64b-b7ff65f1364f","2025-05-16T00:00:00+00:00","13a5ef17-86ea-4659-96d4-0d4b67389437","1","1413","蝦皮","九次浪漫","已入庫","2026-04-21T14:41:29.605448+00:00","1413","6bd05ea5-44eb-46de-a7f2-cd540b4ca715"
"27de6102-e38a-4d6c-86b8-605cba1f9e4d","2025-05-15T00:00:00+00:00","13a5ef17-86ea-4659-96d4-0d4b67389437","1","1408","蝦皮","一時一谷","已入庫","2026-04-21T14:41:29.605448+00:00","1408","6bd05ea5-44eb-46de-a7f2-cd540b4ca715"
"89755987-0b2f-4a54-9249-aa3309eb714f","2025-05-16T00:00:00+00:00","13a5ef17-86ea-4659-96d4-0d4b67389437","1","1413","蝦皮","旺旺","已入庫","2026-04-21T14:41:29.605448+00:00","1413","6bd05ea5-44eb-46de-a7f2-cd540b4ca715"
"09acf664-afe1-4e5b-ade7-1e8e5530ea3e","2025-05-16T00:00:00+00:00","b452eb6d-32f7-40fc-b60d-97b1ae53b09d","1","777","蝦皮","","已入庫","2026-04-21T14:41:29.605448+00:00","777","6bd05ea5-44eb-46de-a7f2-cd540b4ca715"
"3281d712-2bd5-4470-8836-fe228e032e92","2025-05-16T00:00:00+00:00","3c5abc2e-97ab-426f-8d4c-a155553252bc","1","613","蝦皮","","已入庫","2026-04-21T14:41:29.605448+00:00","613","6bd05ea5-44eb-46de-a7f2-cd540b4ca715"
"e16c20b3-54b2-4693-896b-296ca5c39033","2025-05-17T00:00:00+00:00","b452eb6d-32f7-40fc-b60d-97b1ae53b09d","1","777","蝦皮","","已入庫","2026-04-21T14:41:29.605448+00:00","777","6bd05ea5-44eb-46de-a7f2-cd540b4ca715"
"731fcc4d-c803-4c1c-8be8-895fb09a5fcc","2025-05-17T00:00:00+00:00","3b0bfad1-adc2-43de-a1df-b0bc481abd5f","1","673","蝦皮","","已入庫","2026-04-21T14:41:29.605448+00:00","673","6bd05ea5-44eb-46de-a7f2-cd540b4ca715"
"27314047-5032-453e-b01b-b07bce3d43cd","2025-05-17T00:00:00+00:00","3c5abc2e-97ab-426f-8d4c-a155553252bc","1","640","蝦皮","","已入庫","2026-04-21T14:41:29.605448+00:00","640","6bd05ea5-44eb-46de-a7f2-cd540b4ca715"
"967131ec-8481-4892-b0e9-1afee0f15473","2025-05-20T00:00:00+00:00","3c5abc2e-97ab-426f-8d4c-a155553252bc","1","662","蝦皮","","已入庫","2026-04-21T14:41:29.605448+00:00","662","6bd05ea5-44eb-46de-a7f2-cd540b4ca715"
"b6bf0b5c-6f83-4b99-8fe2-63794f33d4c7","2025-05-20T00:00:00+00:00","937c135a-fd34-418a-a3f0-c61e3b52e910","2","522.5","蝦皮","","已入庫","2026-04-21T14:41:29.605448+00:00","1045","6bd05ea5-44eb-46de-a7f2-cd540b4ca715"
"d66c8bb0-827b-472d-b1d1-86d43f10fa86","2025-05-20T00:00:00+00:00","937c135a-fd34-418a-a3f0-c61e3b52e910","1","545","蝦皮","","已入庫","2026-04-21T14:41:29.605448+00:00","545","6bd05ea5-44eb-46de-a7f2-cd540b4ca715"
"1717a1d8-31bc-44b7-8d76-0716ad2f866a","2025-05-20T00:00:00+00:00","ca109ed6-b78e-4566-abaf-8a5c914e57da","1","801","蝦皮","","已入庫","2026-04-21T14:41:29.605448+00:00","801","6bd05ea5-44eb-46de-a7f2-cd540b4ca715"
"d4776823-9b16-403f-a914-85e25839a66e","2025-05-21T00:00:00+00:00","3b0bfad1-adc2-43de-a1df-b0bc481abd5f","1","671","蝦皮","","已入庫","2026-04-21T14:41:29.605448+00:00","671","6bd05ea5-44eb-46de-a7f2-cd540b4ca715"
"bed49726-a81e-408b-85c6-54d61f631bc9","2025-05-21T00:00:00+00:00","937c135a-fd34-418a-a3f0-c61e3b52e910","1","524","蝦皮","","已入庫","2026-04-21T14:41:29.605448+00:00","524","6bd05ea5-44eb-46de-a7f2-cd540b4ca715"
"66752a2b-cf18-4899-b547-f2d147714b03","2025-05-21T00:00:00+00:00","b452eb6d-32f7-40fc-b60d-97b1ae53b09d","1","797","蝦皮","","已入庫","2026-04-21T14:41:29.605448+00:00","797","6bd05ea5-44eb-46de-a7f2-cd540b4ca715"
"7e045dc8-88a1-4224-b859-ebf192a699bb","2025-05-21T00:00:00+00:00","937c135a-fd34-418a-a3f0-c61e3b52e910","1","524","蝦皮","","已入庫","2026-04-21T14:41:29.605448+00:00","524","6bd05ea5-44eb-46de-a7f2-cd540b4ca715"
"14bcd831-f11f-4d50-9ad7-41d75f09a01b","2025-05-21T00:00:00+00:00","937c135a-fd34-418a-a3f0-c61e3b52e910","1","545","蝦皮","","已入庫","2026-04-21T14:41:29.605448+00:00","545","6bd05ea5-44eb-46de-a7f2-cd540b4ca715"
"f5fa04df-6f61-4b62-a7fb-87effe8429c2","2025-05-21T00:00:00+00:00","937c135a-fd34-418a-a3f0-c61e3b52e910","1","524","蝦皮","","已入庫","2026-04-21T14:41:29.605448+00:00","524","6bd05ea5-44eb-46de-a7f2-cd540b4ca715"
"11be3d61-c60c-43b7-aa73-af5838e370e8","2025-05-21T00:00:00+00:00","b452eb6d-32f7-40fc-b60d-97b1ae53b09d","1","776","蝦皮","","已入庫","2026-04-21T14:41:29.605448+00:00","776","6bd05ea5-44eb-46de-a7f2-cd540b4ca715"
"d48d2bcb-1db8-4e8d-81aa-c2cdd5f4a3e4","2025-05-21T00:00:00+00:00","a24c6b57-5c26-4bb8-b408-3cecac3e0af2","4","184.5","蝦皮","","已入庫","2026-04-21T14:41:29.605448+00:00","738","6bd05ea5-44eb-46de-a7f2-cd540b4ca715"
"13271e2b-a62c-4596-9c26-272137d42a64","2025-05-21T00:00:00+00:00","39749fa7-2bb1-4c7a-abe5-1c35b0a3bb5b","1","1033","蝦皮","","已入庫","2026-04-21T14:41:29.605448+00:00","1033","6bd05ea5-44eb-46de-a7f2-cd540b4ca715"
"70175070-3f65-44d3-8d78-b337821905d9","2025-05-21T00:00:00+00:00","25a6ee7d-469f-4018-99aa-96ada95d682f","2","163.5","蝦皮","","已入庫","2026-04-21T14:41:29.605448+00:00","327","6bd05ea5-44eb-46de-a7f2-cd540b4ca715"
"fe1d7f11-f898-4bd1-9edf-5f67e8783807","2025-05-22T00:00:00+00:00","3c5abc2e-97ab-426f-8d4c-a155553252bc","1","648","蝦皮","","已入庫","2026-04-21T14:41:29.605448+00:00","648","6bd05ea5-44eb-46de-a7f2-cd540b4ca715"
"573f2a38-45b6-4303-807e-e87fe339ec8d","2025-05-22T00:00:00+00:00","b452eb6d-32f7-40fc-b60d-97b1ae53b09d","1","738","蝦皮","","已入庫","2026-04-21T14:41:29.605448+00:00","738","6bd05ea5-44eb-46de-a7f2-cd540b4ca715"
"846b0824-e2c5-4bf1-9d06-865d70d44e02","2025-05-23T00:00:00+00:00","3c5abc2e-97ab-426f-8d4c-a155553252bc","1","628","蝦皮","","已入庫","2026-04-21T14:41:29.605448+00:00","628","6bd05ea5-44eb-46de-a7f2-cd540b4ca715"
"f1bb7033-35ca-4668-b85f-421d37eb63e0","2025-05-23T00:00:00+00:00","b452eb6d-32f7-40fc-b60d-97b1ae53b09d","1","754","蝦皮","","已入庫","2026-04-21T14:41:29.605448+00:00","754","6bd05ea5-44eb-46de-a7f2-cd540b4ca715"
"4b2c83bf-7b3d-427c-9690-b07b82fe353a","2026-04-28T00:00:00+00:00","caa4240a-d932-4641-b05a-72ddbf2379e4","1","1881","","","待入庫","2026-04-28T15:23:40.518739+00:00","1881","6bd05ea5-44eb-46de-a7f2-cd540b4ca715"
"1c04082b-3f2f-4999-8d0c-7df21db26f0a","2025-05-23T00:00:00+00:00","3b0bfad1-adc2-43de-a1df-b0bc481abd5f","1","669","蝦皮","","已入庫","2026-04-21T14:41:29.605448+00:00","669","6bd05ea5-44eb-46de-a7f2-cd540b4ca715"
"81cdeda0-eaa5-4bfc-b2c3-2ea47ec8d62c","2025-05-24T00:00:00+00:00","b452eb6d-32f7-40fc-b60d-97b1ae53b09d","1","773","蝦皮","","已入庫","2026-04-21T14:41:29.605448+00:00","773","6bd05ea5-44eb-46de-a7f2-cd540b4ca715"
"654772a5-e8b5-4e85-8a56-371cdbffd06d","2025-05-27T00:00:00+00:00","3b0bfad1-adc2-43de-a1df-b0bc481abd5f","1","669","蝦皮","","已入庫","2026-04-21T14:41:29.605448+00:00","669","6bd05ea5-44eb-46de-a7f2-cd540b4ca715"
"08271d32-e263-4205-ae62-1f63f18f6674","2025-05-27T00:00:00+00:00","3b0bfad1-adc2-43de-a1df-b0bc481abd5f","1","649","蝦皮","","已入庫","2026-04-21T14:41:29.605448+00:00","649","6bd05ea5-44eb-46de-a7f2-cd540b4ca715"
"5bd8f13c-7cf6-42b5-9911-530cd649d456","2025-05-27T00:00:00+00:00","25a6ee7d-469f-4018-99aa-96ada95d682f","1","117","蝦皮","","已入庫","2026-04-21T14:41:29.605448+00:00","117","6bd05ea5-44eb-46de-a7f2-cd540b4ca715"
"aabb1f0c-9e10-4c07-b885-fe26ac830d75","2025-05-27T00:00:00+00:00","25a6ee7d-469f-4018-99aa-96ada95d682f","1","147","蝦皮","","已入庫","2026-04-21T14:41:29.605448+00:00","147","6bd05ea5-44eb-46de-a7f2-cd540b4ca715"
"8001b0ce-cd8c-4a23-b4c8-983db5398a95","2025-05-27T00:00:00+00:00","a5391119-2167-4184-88ac-02a7c2bff8df","1","209","蝦皮","","已入庫","2026-04-21T14:41:29.605448+00:00","209","6bd05ea5-44eb-46de-a7f2-cd540b4ca715"
"f145d790-3491-4d0c-89bf-a1258a15cbd3","2025-05-27T00:00:00+00:00","39749fa7-2bb1-4c7a-abe5-1c35b0a3bb5b","1","931","蝦皮","","已入庫","2026-04-21T14:41:29.605448+00:00","931","6bd05ea5-44eb-46de-a7f2-cd540b4ca715"
"568d10e5-26f5-4fe0-8a65-1080fa332a76","2025-05-27T00:00:00+00:00","ca109ed6-b78e-4566-abaf-8a5c914e57da","1","753","蝦皮","","已入庫","2026-04-21T14:41:29.605448+00:00","753","6bd05ea5-44eb-46de-a7f2-cd540b4ca715"
"075f5bc5-01bb-4377-80a4-06e5fd96a7b8","2025-05-27T00:00:00+00:00","a24c6b57-5c26-4bb8-b408-3cecac3e0af2","13","171.69","蝦皮","","已入庫","2026-04-21T14:41:29.605448+00:00","2232","6bd05ea5-44eb-46de-a7f2-cd540b4ca715"
"a7d203a2-dfdb-48b3-b6b5-1401bbe37af7","2025-06-02T00:00:00+00:00","3a0a3cc8-3890-458a-a8b7-d3cc9b03c498","8","289.88","蝦皮","","已入庫","2026-04-21T15:40:59.559604+00:00","2319","6bd05ea5-44eb-46de-a7f2-cd540b4ca715"
"526055f8-601f-488a-963e-2067eae3c905","2025-06-03T00:00:00+00:00","a030d31a-823d-4380-874b-a807ce5be91b","1","517.75","蝦皮","","已入庫","2026-04-21T15:40:59.559604+00:00","517.75","6bd05ea5-44eb-46de-a7f2-cd540b4ca715"
"1cc746a4-c6ce-49f8-ab56-5ca260e84ae7","2025-06-03T00:00:00+00:00","ad43333d-5d21-4c8a-9e83-3895561bc46c","1","517.75","蝦皮","","已入庫","2026-04-21T15:40:59.559604+00:00","517.75","6bd05ea5-44eb-46de-a7f2-cd540b4ca715"
"42940501-4efa-4eb9-bcfe-c250c7d35160","2025-06-03T00:00:00+00:00","86f1293c-6bd7-45e5-b6a6-ec8a286c1c43","1","517.75","蝦皮","","已入庫","2026-04-21T15:40:59.559604+00:00","517.75","6bd05ea5-44eb-46de-a7f2-cd540b4ca715"
"204542bf-e38e-4f82-bf3a-717697533ac5","2025-06-03T00:00:00+00:00","3a0a3cc8-3890-458a-a8b7-d3cc9b03c498","1","290","蝦皮","","已入庫","2026-04-21T15:40:59.559604+00:00","290","6bd05ea5-44eb-46de-a7f2-cd540b4ca715"
"c42e761b-ed41-41ca-901e-206438e271ac","2025-06-04T00:00:00+00:00","13a5ef17-86ea-4659-96d4-0d4b67389437","1","1424","蝦皮","","已入庫","2026-04-21T15:40:59.559604+00:00","1424","6bd05ea5-44eb-46de-a7f2-cd540b4ca715"
"623a4b29-a783-4225-ac4b-f40857dffa2a","2025-06-04T00:00:00+00:00","13a5ef17-86ea-4659-96d4-0d4b67389437","1","1380","蝦皮","","已入庫","2026-04-21T15:40:59.559604+00:00","1380","6bd05ea5-44eb-46de-a7f2-cd540b4ca715"
"44906523-d9a0-4cb2-9aa6-3b42a86ff318","2025-06-04T00:00:00+00:00","a24c6b57-5c26-4bb8-b408-3cecac3e0af2","11","175.64","蝦皮","","已入庫","2026-04-21T15:40:59.559604+00:00","1932","6bd05ea5-44eb-46de-a7f2-cd540b4ca715"
"2d141faa-0ae0-47d6-9e71-6df3c19714bc","2025-06-04T00:00:00+00:00","13a5ef17-86ea-4659-96d4-0d4b67389437","1","1501","蝦皮","","已入庫","2026-04-21T15:40:59.559604+00:00","1501","6bd05ea5-44eb-46de-a7f2-cd540b4ca715"
"bf407555-15a0-4342-a62f-1e8adb29211f","2025-06-04T00:00:00+00:00","ca109ed6-b78e-4566-abaf-8a5c914e57da","1","753","蝦皮","","已入庫","2026-04-21T15:40:59.559604+00:00","753","6bd05ea5-44eb-46de-a7f2-cd540b4ca715"
"682242fa-4244-4662-b464-376e61f73b3c","2025-06-04T00:00:00+00:00","dc21ae68-b7c0-45a6-ab09-b05229afa6c6","1","174","蝦皮","","已入庫","2026-04-21T15:40:59.559604+00:00","174","6bd05ea5-44eb-46de-a7f2-cd540b4ca715"
"6050d77b-b8f8-404f-9362-a3fd3e51e7eb","2025-06-04T00:00:00+00:00","13a5ef17-86ea-4659-96d4-0d4b67389437","1","1216","蝦皮","","已入庫","2026-04-21T15:40:59.559604+00:00","1216","6bd05ea5-44eb-46de-a7f2-cd540b4ca715"
"552cc2bd-e335-4440-a450-4474db4a5a1d","2025-06-04T00:00:00+00:00","d06de558-e42b-457a-9d55-1b8b8ef4b468","1","174","蝦皮","","已入庫","2026-04-21T15:40:59.559604+00:00","174","6bd05ea5-44eb-46de-a7f2-cd540b4ca715"
"f14c5be1-5b1e-4c97-a6ea-83ef7a71cade","2025-06-05T00:00:00+00:00","a24c6b57-5c26-4bb8-b408-3cecac3e0af2","5","180","蝦皮","","已入庫","2026-04-21T15:40:59.559604+00:00","900","6bd05ea5-44eb-46de-a7f2-cd540b4ca715"
"6a66cd90-08af-47d2-9f6d-a8aacdeaf5e5","2025-06-05T00:00:00+00:00","13a5ef17-86ea-4659-96d4-0d4b67389437","1","1380","蝦皮","","已入庫","2026-04-21T15:40:59.559604+00:00","1380","6bd05ea5-44eb-46de-a7f2-cd540b4ca715"
"81191682-cff7-4ce3-962b-dafa4cad375f","2025-06-09T00:00:00+00:00","3c5abc2e-97ab-426f-8d4c-a155553252bc","1","569","蝦皮","","已入庫","2026-04-21T15:40:59.559604+00:00","569","6bd05ea5-44eb-46de-a7f2-cd540b4ca715"
"a5d746dd-c066-4feb-acab-f3d8fdb85478","2025-06-10T00:00:00+00:00","5b03f140-fb75-4a42-9e7c-a6515abbab08","1","500","蝦皮","","已入庫","2026-04-21T15:40:59.559604+00:00","500","6bd05ea5-44eb-46de-a7f2-cd540b4ca715"
"3e6c53a3-173f-46f3-89e2-4994d0a0ee4e","2025-06-14T00:00:00+00:00","a030d31a-823d-4380-874b-a807ce5be91b","1","578","蝦皮","","已入庫","2026-04-21T15:40:59.559604+00:00","578","6bd05ea5-44eb-46de-a7f2-cd540b4ca715"
"a54f4738-33ec-4db1-a74a-7f723e375280","2025-06-15T00:00:00+00:00","13a5ef17-86ea-4659-96d4-0d4b67389437","1","1377","蝦皮","","已入庫","2026-04-21T15:40:59.559604+00:00","1377","6bd05ea5-44eb-46de-a7f2-cd540b4ca715"
"081fc47e-4ab2-4f71-b019-efa0741d2985","2025-06-17T00:00:00+00:00","ec22c4d3-700e-4b48-b8b2-5fb448e5c713","1","370","蝦皮","","已入庫","2026-04-21T15:40:59.559604+00:00","370","6bd05ea5-44eb-46de-a7f2-cd540b4ca715"
"be04d428-dfd7-47d9-98aa-62507877dcde","2025-06-18T00:00:00+00:00","ec22c4d3-700e-4b48-b8b2-5fb448e5c713","1","413","蝦皮","","已入庫","2026-04-21T15:40:59.559604+00:00","413","6bd05ea5-44eb-46de-a7f2-cd540b4ca715"
"78a06f95-5a75-4f84-bed5-ea705aa328ea","2025-06-18T00:00:00+00:00","ec22c4d3-700e-4b48-b8b2-5fb448e5c713","1","360","蝦皮","","已入庫","2026-04-21T15:40:59.559604+00:00","360","6bd05ea5-44eb-46de-a7f2-cd540b4ca715"
"8f121cb6-d80b-4c2a-b668-237fb3286774","2025-06-18T00:00:00+00:00","ec22c4d3-700e-4b48-b8b2-5fb448e5c713","1","393","蝦皮","","已入庫","2026-04-21T15:40:59.559604+00:00","393","6bd05ea5-44eb-46de-a7f2-cd540b4ca715"
"bafe3480-2bc3-456d-9576-33066d57dbbc","2025-06-18T00:00:00+00:00","ec22c4d3-700e-4b48-b8b2-5fb448e5c713","1","364","蝦皮","","已入庫","2026-04-21T15:40:59.559604+00:00","364","6bd05ea5-44eb-46de-a7f2-cd540b4ca715"
"01b954cf-7e69-422b-bdd6-1679f0f30183","2025-06-18T00:00:00+00:00","13a5ef17-86ea-4659-96d4-0d4b67389437","1","1407","蝦皮","","已入庫","2026-04-21T15:40:59.559604+00:00","1407","6bd05ea5-44eb-46de-a7f2-cd540b4ca715"
"b053910d-b9cd-47e2-84d4-6ccb98046e71","2025-06-18T00:00:00+00:00","ec22c4d3-700e-4b48-b8b2-5fb448e5c713","1","352","蝦皮","","已入庫","2026-04-21T15:40:59.559604+00:00","352","6bd05ea5-44eb-46de-a7f2-cd540b4ca715"
"55be3bc4-0685-4c17-a617-1a5328f3d756","2025-06-18T00:00:00+00:00","3a0a3cc8-3890-458a-a8b7-d3cc9b03c498","2","166","蝦皮","","已入庫","2026-04-21T15:40:59.559604+00:00","332","6bd05ea5-44eb-46de-a7f2-cd540b4ca715"
"6234b770-4a9c-4049-b0f3-b2e7095d8984","2025-06-19T00:00:00+00:00","ec22c4d3-700e-4b48-b8b2-5fb448e5c713","1","421","蝦皮","","已入庫","2026-04-21T15:40:59.559604+00:00","421","6bd05ea5-44eb-46de-a7f2-cd540b4ca715"
"c201127d-6083-4239-b5e3-77feda73fb76","2025-06-19T00:00:00+00:00","86f1293c-6bd7-45e5-b6a6-ec8a286c1c43","1","537","蝦皮","","已入庫","2026-04-21T15:40:59.559604+00:00","537","6bd05ea5-44eb-46de-a7f2-cd540b4ca715"
"89e1efba-8bc0-4c4f-bb43-9ed4931d7815","2025-06-19T00:00:00+00:00","ec22c4d3-700e-4b48-b8b2-5fb448e5c713","1","404","蝦皮","","已入庫","2026-04-21T15:40:59.559604+00:00","404","6bd05ea5-44eb-46de-a7f2-cd540b4ca715"
"685ba05f-3421-48ac-b473-b1ac532c996d","2025-06-19T00:00:00+00:00","3c5abc2e-97ab-426f-8d4c-a155553252bc","1","660","蝦皮","","已入庫","2026-04-21T15:40:59.559604+00:00","660","6bd05ea5-44eb-46de-a7f2-cd540b4ca715"
"d13eba25-e91a-4afe-8313-b6f90bb56417","2025-06-19T00:00:00+00:00","ec22c4d3-700e-4b48-b8b2-5fb448e5c713","1","371","蝦皮","","已入庫","2026-04-21T15:40:59.559604+00:00","371","6bd05ea5-44eb-46de-a7f2-cd540b4ca715"
"cf16923e-9ef9-4cc9-9f2f-80a63f7e7f88","2025-06-19T00:00:00+00:00","ec22c4d3-700e-4b48-b8b2-5fb448e5c713","1","392","蝦皮","","已入庫","2026-04-21T15:40:59.559604+00:00","392","6bd05ea5-44eb-46de-a7f2-cd540b4ca715"
"4ef425ff-78ca-4b27-b55b-480fd5a5ba54","2025-06-19T00:00:00+00:00","ec22c4d3-700e-4b48-b8b2-5fb448e5c713","1","396","蝦皮","","已入庫","2026-04-21T15:40:59.559604+00:00","396","6bd05ea5-44eb-46de-a7f2-cd540b4ca715"
"956f0877-d09f-4d7a-9468-5c29edd62e5d","2025-06-20T00:00:00+00:00","ec22c4d3-700e-4b48-b8b2-5fb448e5c713","1","393","蝦皮","","已入庫","2026-04-21T15:40:59.559604+00:00","393","6bd05ea5-44eb-46de-a7f2-cd540b4ca715"
"3be9b78b-a2c2-4e34-9c7e-71a5891b11a1","2025-06-20T00:00:00+00:00","13a5ef17-86ea-4659-96d4-0d4b67389437","1","1406","蝦皮","","已入庫","2026-04-21T15:40:59.559604+00:00","1406","6bd05ea5-44eb-46de-a7f2-cd540b4ca715"
"3e5e0772-a584-4254-b355-5aca0f53357b","2025-06-20T00:00:00+00:00","ec22c4d3-700e-4b48-b8b2-5fb448e5c713","1","364","蝦皮","","已入庫","2026-04-21T15:40:59.559604+00:00","364","6bd05ea5-44eb-46de-a7f2-cd540b4ca715"
"d30a8cca-5163-4e78-b8d0-88018b1bdd1d","2025-06-20T00:00:00+00:00","ec22c4d3-700e-4b48-b8b2-5fb448e5c713","1","331","蝦皮","","已入庫","2026-04-21T15:40:59.559604+00:00","331","6bd05ea5-44eb-46de-a7f2-cd540b4ca715"
"01587c53-e1ff-42d5-b459-d7be4e10f4dd","2025-06-20T00:00:00+00:00","ec22c4d3-700e-4b48-b8b2-5fb448e5c713","1","331","蝦皮","","已入庫","2026-04-21T15:40:59.559604+00:00","331","6bd05ea5-44eb-46de-a7f2-cd540b4ca715"
"f1c9449e-83f3-4003-ac08-1d71dc97ceff","2025-06-21T00:00:00+00:00","ec22c4d3-700e-4b48-b8b2-5fb448e5c713","1","393","蝦皮","","已入庫","2026-04-21T15:40:59.559604+00:00","393","6bd05ea5-44eb-46de-a7f2-cd540b4ca715"
"158d91c6-a26f-4f0d-aae3-7234b64ea449","2025-06-21T00:00:00+00:00","ec22c4d3-700e-4b48-b8b2-5fb448e5c713","1","405","蝦皮","","已入庫","2026-04-21T15:40:59.559604+00:00","405","6bd05ea5-44eb-46de-a7f2-cd540b4ca715"
"12eef0cf-5fa9-48aa-98f8-dc7f839b31fc","2025-06-21T00:00:00+00:00","b745b7a5-1951-4240-b576-3f45208ab795","1","641","蝦皮","","已入庫","2026-04-21T15:40:59.559604+00:00","641","6bd05ea5-44eb-46de-a7f2-cd540b4ca715"
"67985980-505f-4d91-bf26-881d2a779ffa","2025-06-22T00:00:00+00:00","ec22c4d3-700e-4b48-b8b2-5fb448e5c713","1","331","蝦皮","","已入庫","2026-04-21T15:40:59.559604+00:00","331","6bd05ea5-44eb-46de-a7f2-cd540b4ca715"
"b44d57f8-f72d-4ff0-a8e0-f4072684e696","2025-06-22T00:00:00+00:00","13a5ef17-86ea-4659-96d4-0d4b67389437","1","1354","蝦皮","","已入庫","2026-04-21T15:40:59.559604+00:00","1354","6bd05ea5-44eb-46de-a7f2-cd540b4ca715"
"f0c7df0d-a43d-4a22-b651-70a272a5f25a","2025-06-22T00:00:00+00:00","ec22c4d3-700e-4b48-b8b2-5fb448e5c713","1","327","蝦皮","","已入庫","2026-04-21T15:40:59.559604+00:00","327","6bd05ea5-44eb-46de-a7f2-cd540b4ca715"
"2e5eef48-441a-4f63-ae75-7c7a67a4d385","2025-06-23T00:00:00+00:00","b452eb6d-32f7-40fc-b60d-97b1ae53b09d","1","742","蝦皮","","已入庫","2026-04-21T15:40:59.559604+00:00","742","6bd05ea5-44eb-46de-a7f2-cd540b4ca715"
"404f5474-e5d8-4202-9687-8891379ae194","2025-06-23T00:00:00+00:00","d06de558-e42b-457a-9d55-1b8b8ef4b468","1","85","蝦皮","","已入庫","2026-04-21T15:40:59.559604+00:00","85","6bd05ea5-44eb-46de-a7f2-cd540b4ca715"
"dca92c20-dbf7-452a-bc0b-3fe078a789f6","2025-06-23T00:00:00+00:00","ec22c4d3-700e-4b48-b8b2-5fb448e5c713","1","347","蝦皮","","已入庫","2026-04-21T15:40:59.559604+00:00","347","6bd05ea5-44eb-46de-a7f2-cd540b4ca715"
"89087f97-384f-491f-ae3e-9f47e55ac0f9","2025-06-23T00:00:00+00:00","ec22c4d3-700e-4b48-b8b2-5fb448e5c713","1","331","蝦皮","","已入庫","2026-04-21T15:40:59.559604+00:00","331","6bd05ea5-44eb-46de-a7f2-cd540b4ca715"
"aa801572-26a4-4ce2-b218-84bc20191e8f","2025-06-23T00:00:00+00:00","ec22c4d3-700e-4b48-b8b2-5fb448e5c713","1","364","蝦皮","","已入庫","2026-04-21T15:40:59.559604+00:00","364","6bd05ea5-44eb-46de-a7f2-cd540b4ca715"
"aff5f59e-80d6-4725-877c-18ae5f6f9325","2025-06-24T00:00:00+00:00","ec22c4d3-700e-4b48-b8b2-5fb448e5c713","1","332","蝦皮","","已入庫","2026-04-21T15:40:59.559604+00:00","332","6bd05ea5-44eb-46de-a7f2-cd540b4ca715"
"fad836c8-eb08-40a4-9a09-e21fe57c3f12","2025-06-25T00:00:00+00:00","5b03f140-fb75-4a42-9e7c-a6515abbab08","1","500","蝦皮","","已入庫","2026-04-21T15:40:59.559604+00:00","500","6bd05ea5-44eb-46de-a7f2-cd540b4ca715"
"edbfba6c-6e15-4c29-9874-cd6895b07c6a","2025-06-28T00:00:00+00:00","ec22c4d3-700e-4b48-b8b2-5fb448e5c713","1","343","蝦皮","","已入庫","2026-04-21T15:40:59.559604+00:00","343","6bd05ea5-44eb-46de-a7f2-cd540b4ca715"
"52e322c7-4b0f-45fa-b71c-022cad870267","2025-06-28T00:00:00+00:00","ec22c4d3-700e-4b48-b8b2-5fb448e5c713","1","347","蝦皮","","已入庫","2026-04-21T15:40:59.559604+00:00","347","6bd05ea5-44eb-46de-a7f2-cd540b4ca715"
"6ada7bd0-2886-4399-80a8-9a6c46628f7d","2025-06-30T00:00:00+00:00","ec22c4d3-700e-4b48-b8b2-5fb448e5c713","1","367","蝦皮","","已入庫","2026-04-21T15:40:59.559604+00:00","367","6bd05ea5-44eb-46de-a7f2-cd540b4ca715"
"a1f2e02e-b344-4f04-a1d0-564c1dbaf189","2025-07-17T00:00:00+00:00","ec22c4d3-700e-4b48-b8b2-5fb448e5c713","1","354","蝦皮","","已入庫","2026-04-21T15:56:28.234067+00:00","354","6bd05ea5-44eb-46de-a7f2-cd540b4ca715"
"dcf352db-619b-40d3-92b8-24170563f3f3","2025-07-17T00:00:00+00:00","ec22c4d3-700e-4b48-b8b2-5fb448e5c713","1","363","蝦皮","","已入庫","2026-04-21T15:56:28.234067+00:00","363","6bd05ea5-44eb-46de-a7f2-cd540b4ca715"
"c2d92fcf-a424-43b2-a1b2-b6986b76f866","2025-07-17T00:00:00+00:00","ec22c4d3-700e-4b48-b8b2-5fb448e5c713","1","352","蝦皮","","已入庫","2026-04-21T15:56:28.234067+00:00","352","6bd05ea5-44eb-46de-a7f2-cd540b4ca715"
"e486ef6b-7a0d-493e-8a59-c75f5283a791","2025-07-17T00:00:00+00:00","ec22c4d3-700e-4b48-b8b2-5fb448e5c713","1","371","蝦皮","","已入庫","2026-04-21T15:56:28.234067+00:00","371","6bd05ea5-44eb-46de-a7f2-cd540b4ca715"
"c17b2deb-1d8f-4fe1-85c4-837f8a8c563a","2025-07-18T00:00:00+00:00","ec22c4d3-700e-4b48-b8b2-5fb448e5c713","1","337","蝦皮","","已入庫","2026-04-21T15:56:28.234067+00:00","337","6bd05ea5-44eb-46de-a7f2-cd540b4ca715"
"898e3ed4-126e-42fd-88b4-eb188f4ef1d6","2025-07-19T00:00:00+00:00","ec22c4d3-700e-4b48-b8b2-5fb448e5c713","1","312","蝦皮","","已入庫","2026-04-21T15:56:28.234067+00:00","312","6bd05ea5-44eb-46de-a7f2-cd540b4ca715"
"cb25064b-d588-41df-98b7-ab13aa9c642e","2025-07-19T00:00:00+00:00","ec22c4d3-700e-4b48-b8b2-5fb448e5c713","1","328","蝦皮","","已入庫","2026-04-21T15:56:28.234067+00:00","328","6bd05ea5-44eb-46de-a7f2-cd540b4ca715"
"92116687-da17-4dca-a0a1-1d7263265cac","2025-07-20T00:00:00+00:00","ec22c4d3-700e-4b48-b8b2-5fb448e5c713","1","349","蝦皮","","已入庫","2026-04-21T15:56:28.234067+00:00","349","6bd05ea5-44eb-46de-a7f2-cd540b4ca715"
"8c6ed0ae-b947-4f04-98c9-59d6e1211865","2025-07-20T00:00:00+00:00","ec22c4d3-700e-4b48-b8b2-5fb448e5c713","1","365","蝦皮","","已入庫","2026-04-21T15:56:28.234067+00:00","365","6bd05ea5-44eb-46de-a7f2-cd540b4ca715"
"457f5fa9-8bb7-46ce-a448-73f8066aed2d","2025-07-21T00:00:00+00:00","ec22c4d3-700e-4b48-b8b2-5fb448e5c713","1","349","蝦皮","","已入庫","2026-04-21T15:56:28.234067+00:00","349","6bd05ea5-44eb-46de-a7f2-cd540b4ca715"
"2ea91aa9-c726-4676-92cc-6163e4f338c8","2025-07-22T00:00:00+00:00","ec22c4d3-700e-4b48-b8b2-5fb448e5c713","1","349","蝦皮","","已入庫","2026-04-21T15:56:28.234067+00:00","349","6bd05ea5-44eb-46de-a7f2-cd540b4ca715"
"8ebadcad-5370-4998-981e-26c8f3170a35","2025-07-22T00:00:00+00:00","ec22c4d3-700e-4b48-b8b2-5fb448e5c713","1","349","蝦皮","","已入庫","2026-04-21T15:56:28.234067+00:00","349","6bd05ea5-44eb-46de-a7f2-cd540b4ca715"
"7055a8b9-f0c5-471c-825b-7ba27e76580a","2025-07-22T00:00:00+00:00","ec22c4d3-700e-4b48-b8b2-5fb448e5c713","1","349","蝦皮","","已入庫","2026-04-21T15:56:28.234067+00:00","349","6bd05ea5-44eb-46de-a7f2-cd540b4ca715"
"16330ae9-d644-48bb-af1e-cabd448ee643","2025-07-22T00:00:00+00:00","ec22c4d3-700e-4b48-b8b2-5fb448e5c713","2","343","蝦皮","","已入庫","2026-04-21T15:56:28.234067+00:00","686","6bd05ea5-44eb-46de-a7f2-cd540b4ca715"
"f583790c-df3a-4ee6-94a5-64198a14283a","2025-07-23T00:00:00+00:00","ec22c4d3-700e-4b48-b8b2-5fb448e5c713","1","350","蝦皮","","已入庫","2026-04-21T15:56:28.234067+00:00","350","6bd05ea5-44eb-46de-a7f2-cd540b4ca715"
"d9a71efa-5dd7-43b3-8e35-6fc069225d0c","2025-07-23T00:00:00+00:00","ec22c4d3-700e-4b48-b8b2-5fb448e5c713","1","366","蝦皮","","已入庫","2026-04-21T15:56:28.234067+00:00","366","6bd05ea5-44eb-46de-a7f2-cd540b4ca715"
"7a37f722-434c-4e19-baa6-0581077c6d1b","2025-07-23T00:00:00+00:00","ec22c4d3-700e-4b48-b8b2-5fb448e5c713","1","362","蝦皮","","已入庫","2026-04-21T15:56:28.234067+00:00","362","6bd05ea5-44eb-46de-a7f2-cd540b4ca715"
"e2558f25-b072-43d6-98a4-8590ad1887f9","2025-07-23T00:00:00+00:00","ec22c4d3-700e-4b48-b8b2-5fb448e5c713","1","350","蝦皮","","已入庫","2026-04-21T15:56:28.234067+00:00","350","6bd05ea5-44eb-46de-a7f2-cd540b4ca715"
"b4003dfa-1b92-43a1-9d17-b631d4dd527f","2025-07-23T00:00:00+00:00","ec22c4d3-700e-4b48-b8b2-5fb448e5c713","1","350","蝦皮","","已入庫","2026-04-21T15:56:28.234067+00:00","350","6bd05ea5-44eb-46de-a7f2-cd540b4ca715"
"e1802765-5bda-48f1-b492-d82548895f84","2025-07-23T00:00:00+00:00","ec22c4d3-700e-4b48-b8b2-5fb448e5c713","1","362","蝦皮","","已入庫","2026-04-21T15:56:28.234067+00:00","362","6bd05ea5-44eb-46de-a7f2-cd540b4ca715"
"0fc23174-9e97-4be9-a42c-a8c165dfcf90","2025-07-23T00:00:00+00:00","ec22c4d3-700e-4b48-b8b2-5fb448e5c713","1","329","蝦皮","","已入庫","2026-04-21T15:56:28.234067+00:00","329","6bd05ea5-44eb-46de-a7f2-cd540b4ca715"
"4bb2c87c-2763-4535-a0b8-512fb95f4eb9","2025-07-24T00:00:00+00:00","ec22c4d3-700e-4b48-b8b2-5fb448e5c713","1","335","蝦皮","","已入庫","2026-04-21T15:56:28.234067+00:00","335","6bd05ea5-44eb-46de-a7f2-cd540b4ca715"
"33d4c3d3-846a-4fe0-b3a9-a95504f9751d","2025-07-24T00:00:00+00:00","ec22c4d3-700e-4b48-b8b2-5fb448e5c713","1","361","蝦皮","","已入庫","2026-04-21T15:56:28.234067+00:00","361","6bd05ea5-44eb-46de-a7f2-cd540b4ca715"
"c1d0cd93-3f95-499d-aa2c-f9ad9c32c252","2025-07-24T00:00:00+00:00","ec22c4d3-700e-4b48-b8b2-5fb448e5c713","1","328","蝦皮","","已入庫","2026-04-21T15:56:28.234067+00:00","328","6bd05ea5-44eb-46de-a7f2-cd540b4ca715"
"072b8700-0bc5-4b7a-941e-5e45a1c4e853","2025-07-27T00:00:00+00:00","ec22c4d3-700e-4b48-b8b2-5fb448e5c713","1","351","蝦皮","","已入庫","2026-04-21T15:56:28.234067+00:00","351","6bd05ea5-44eb-46de-a7f2-cd540b4ca715"
"8bc13c19-4f60-4385-a729-c889fd84002a","2025-07-29T00:00:00+00:00","ec22c4d3-700e-4b48-b8b2-5fb448e5c713","1","331","蝦皮","","已入庫","2026-04-21T15:56:28.234067+00:00","331","6bd05ea5-44eb-46de-a7f2-cd540b4ca715"
"f45713b5-d68b-4835-8416-a2ea26ffdb5f","2025-07-29T00:00:00+00:00","ec22c4d3-700e-4b48-b8b2-5fb448e5c713","1","351","蝦皮","","已入庫","2026-04-21T15:56:28.234067+00:00","351","6bd05ea5-44eb-46de-a7f2-cd540b4ca715"
"1547c490-639a-4b05-8739-a3cf245b4f7e","2025-07-29T00:00:00+00:00","ec22c4d3-700e-4b48-b8b2-5fb448e5c713","1","351","蝦皮","","已入庫","2026-04-21T15:56:28.234067+00:00","351","6bd05ea5-44eb-46de-a7f2-cd540b4ca715"
"effe3c01-045d-4929-a64c-c586208e994f","2025-07-29T00:00:00+00:00","ec22c4d3-700e-4b48-b8b2-5fb448e5c713","1","351","蝦皮","","已入庫","2026-04-21T15:56:28.234067+00:00","351","6bd05ea5-44eb-46de-a7f2-cd540b4ca715"
"1a75d6c0-75b5-4def-8007-e9747f93e7b4","2025-07-29T00:00:00+00:00","ec22c4d3-700e-4b48-b8b2-5fb448e5c713","1","364","蝦皮","","已入庫","2026-04-21T15:56:28.234067+00:00","364","6bd05ea5-44eb-46de-a7f2-cd540b4ca715"
"6edf9f78-085f-4126-9c4d-ec30fb18052b","2025-07-30T00:00:00+00:00","ec22c4d3-700e-4b48-b8b2-5fb448e5c713","1","365","蝦皮","","已入庫","2026-04-21T15:56:28.234067+00:00","365","6bd05ea5-44eb-46de-a7f2-cd540b4ca715"
"50a8ad1c-d0f8-4afb-97d9-8d2b74fba42b","2025-07-30T00:00:00+00:00","ec22c4d3-700e-4b48-b8b2-5fb448e5c713","1","353","蝦皮","","已入庫","2026-04-21T15:56:28.234067+00:00","353","6bd05ea5-44eb-46de-a7f2-cd540b4ca715"
"90e19a8b-ed42-416e-b994-ab029bf44181","2025-07-30T00:00:00+00:00","ec22c4d3-700e-4b48-b8b2-5fb448e5c713","1","260","蝦皮","","已入庫","2026-04-21T15:56:28.234067+00:00","260","6bd05ea5-44eb-46de-a7f2-cd540b4ca715"
"2c3eb13b-c3b5-4632-a583-bb5b2fff18f7","2025-07-31T00:00:00+00:00","ec22c4d3-700e-4b48-b8b2-5fb448e5c713","1","329","蝦皮","","已入庫","2026-04-21T15:56:28.234067+00:00","329","6bd05ea5-44eb-46de-a7f2-cd540b4ca715"
"a9098259-b144-4ef6-bc88-6ea938723a46","2025-07-31T00:00:00+00:00","ec22c4d3-700e-4b48-b8b2-5fb448e5c713","1","354","蝦皮","","已入庫","2026-04-21T15:56:28.234067+00:00","354","6bd05ea5-44eb-46de-a7f2-cd540b4ca715"
"157e2dee-c2e9-4bc6-ad59-ca7fe3a63531","2025-07-31T00:00:00+00:00","ec22c4d3-700e-4b48-b8b2-5fb448e5c713","1","333","蝦皮","","已入庫","2026-04-21T15:56:28.234067+00:00","333","6bd05ea5-44eb-46de-a7f2-cd540b4ca715"
"fb4f57c2-63dd-4c17-a268-11427b24e768","2025-08-15T00:00:00+00:00","13a5ef17-86ea-4659-96d4-0d4b67389437","1","1429","蝦皮","","已入庫","2026-04-21T15:59:14.301859+00:00","1429","6bd05ea5-44eb-46de-a7f2-cd540b4ca715"
"9d6637e0-0797-453b-8b49-3334ed131f76","2025-08-15T00:00:00+00:00","3c5abc2e-97ab-426f-8d4c-a155553252bc","1","702","蝦皮","","已入庫","2026-04-21T15:59:14.301859+00:00","702","6bd05ea5-44eb-46de-a7f2-cd540b4ca715"
"452dd82e-caba-49b8-80ad-655e90b2b8f3","2025-08-15T00:00:00+00:00","ec22c4d3-700e-4b48-b8b2-5fb448e5c713","1","315","蝦皮","","已入庫","2026-04-21T15:59:14.301859+00:00","315","6bd05ea5-44eb-46de-a7f2-cd540b4ca715"
"04221996-75b0-4908-937d-cfcc686366e5","2025-08-16T00:00:00+00:00","3c5abc2e-97ab-426f-8d4c-a155553252bc","1","713","蝦皮","","已入庫","2026-04-21T15:59:14.301859+00:00","713","6bd05ea5-44eb-46de-a7f2-cd540b4ca715"
"d88b1bd9-9465-4f13-9820-e56737bed476","2025-08-18T00:00:00+00:00","ec22c4d3-700e-4b48-b8b2-5fb448e5c713","1","336","蝦皮","","已入庫","2026-04-21T15:59:14.301859+00:00","336","6bd05ea5-44eb-46de-a7f2-cd540b4ca715"
"df05a50b-f3a9-4e6b-9f48-917fc959cdfd","2025-08-18T00:00:00+00:00","ec22c4d3-700e-4b48-b8b2-5fb448e5c713","1","336","蝦皮","","已入庫","2026-04-21T15:59:14.301859+00:00","336","6bd05ea5-44eb-46de-a7f2-cd540b4ca715"
"32b7e3ae-3af3-4383-9dd3-4464c9aca06f","2025-08-18T00:00:00+00:00","3c5abc2e-97ab-426f-8d4c-a155553252bc","1","671","蝦皮","","已入庫","2026-04-21T15:59:14.301859+00:00","671","6bd05ea5-44eb-46de-a7f2-cd540b4ca715"
"84e28c8c-e66a-4f1b-809e-0f12655ad9bb","2025-08-18T00:00:00+00:00","ec22c4d3-700e-4b48-b8b2-5fb448e5c713","1","348","蝦皮","","已入庫","2026-04-21T15:59:14.301859+00:00","348","6bd05ea5-44eb-46de-a7f2-cd540b4ca715"
"ab49899f-ca10-43fa-bf06-75626900aaa1","2025-08-18T00:00:00+00:00","ec22c4d3-700e-4b48-b8b2-5fb448e5c713","1","336","蝦皮","","已入庫","2026-04-21T15:59:14.301859+00:00","336","6bd05ea5-44eb-46de-a7f2-cd540b4ca715"
"cd809d6c-658c-4376-9ef6-e9754c9be7ab","2025-08-18T00:00:00+00:00","ec22c4d3-700e-4b48-b8b2-5fb448e5c713","1","327","蝦皮","","已入庫","2026-04-21T15:59:14.301859+00:00","327","6bd05ea5-44eb-46de-a7f2-cd540b4ca715"
"2abc4cd6-0df9-4024-a879-d419632272c4","2025-08-18T00:00:00+00:00","ec22c4d3-700e-4b48-b8b2-5fb448e5c713","1","336","蝦皮","","已入庫","2026-04-21T15:59:14.301859+00:00","336","6bd05ea5-44eb-46de-a7f2-cd540b4ca715"
"55cb7b18-d39f-421b-9b75-5d731353ef36","2025-08-18T00:00:00+00:00","ec22c4d3-700e-4b48-b8b2-5fb448e5c713","1","357","蝦皮","","已入庫","2026-04-21T15:59:14.301859+00:00","357","6bd05ea5-44eb-46de-a7f2-cd540b4ca715"
"3a181e28-4199-40cc-9162-b879f77dc113","2025-08-18T00:00:00+00:00","ec22c4d3-700e-4b48-b8b2-5fb448e5c713","1","357","蝦皮","","已入庫","2026-04-21T15:59:14.301859+00:00","357","6bd05ea5-44eb-46de-a7f2-cd540b4ca715"
"176b1d77-4a23-4898-a67e-289b0e54635f","2025-08-18T00:00:00+00:00","ec22c4d3-700e-4b48-b8b2-5fb448e5c713","1","357","蝦皮","","已入庫","2026-04-21T15:59:14.301859+00:00","357","6bd05ea5-44eb-46de-a7f2-cd540b4ca715"
"13083f92-26b3-4a2d-8e97-a0553c059ebe","2025-08-19T00:00:00+00:00","ec22c4d3-700e-4b48-b8b2-5fb448e5c713","1","336","蝦皮","","已入庫","2026-04-21T15:59:14.301859+00:00","336","6bd05ea5-44eb-46de-a7f2-cd540b4ca715"
"e3a3c243-acf0-4b25-9f9b-2e170d88e1bd","2025-08-19T00:00:00+00:00","ec22c4d3-700e-4b48-b8b2-5fb448e5c713","1","336","蝦皮","","已入庫","2026-04-21T15:59:14.301859+00:00","336","6bd05ea5-44eb-46de-a7f2-cd540b4ca715"
"b4ba69f9-1bb2-446b-8550-9577bea4d5f0","2025-08-19T00:00:00+00:00","ec22c4d3-700e-4b48-b8b2-5fb448e5c713","1","315","蝦皮","","已入庫","2026-04-21T15:59:14.301859+00:00","315","6bd05ea5-44eb-46de-a7f2-cd540b4ca715"
"9e59f7e3-a569-48df-bbd6-7f9f0c44458f","2025-08-19T00:00:00+00:00","39749fa7-2bb1-4c7a-abe5-1c35b0a3bb5b","1","874","蝦皮","","已入庫","2026-04-21T15:59:14.301859+00:00","874","6bd05ea5-44eb-46de-a7f2-cd540b4ca715"
"478a655c-4845-41db-974d-7b26c7ba59c8","2025-08-19T00:00:00+00:00","ec22c4d3-700e-4b48-b8b2-5fb448e5c713","1","328","蝦皮","","已入庫","2026-04-21T15:59:14.301859+00:00","328","6bd05ea5-44eb-46de-a7f2-cd540b4ca715"
"0af68ea9-d1c7-48f7-9f89-85f98386d37c","2025-08-20T00:00:00+00:00","ec22c4d3-700e-4b48-b8b2-5fb448e5c713","1","294","蝦皮","","已入庫","2026-04-21T15:59:14.301859+00:00","294","6bd05ea5-44eb-46de-a7f2-cd540b4ca715"
"537a6efd-bb9b-493a-b177-c8a54aaf4275","2025-08-20T00:00:00+00:00","86f1293c-6bd7-45e5-b6a6-ec8a286c1c43","1","408","蝦皮","","已入庫","2026-04-21T15:59:14.301859+00:00","408","6bd05ea5-44eb-46de-a7f2-cd540b4ca715"
"3eef908c-be6c-406b-b555-434f3ad911d2","2025-08-20T00:00:00+00:00","ec22c4d3-700e-4b48-b8b2-5fb448e5c713","1","337","蝦皮","","已入庫","2026-04-21T15:59:14.301859+00:00","337","6bd05ea5-44eb-46de-a7f2-cd540b4ca715"
"05ed2e33-c3c9-421d-8e69-a2be211a9db5","2025-08-20T00:00:00+00:00","ec22c4d3-700e-4b48-b8b2-5fb448e5c713","1","358","蝦皮","","已入庫","2026-04-21T15:59:14.301859+00:00","358","6bd05ea5-44eb-46de-a7f2-cd540b4ca715"
"4a598adf-56f2-4482-81b7-8e05854465e8","2025-08-21T00:00:00+00:00","ec22c4d3-700e-4b48-b8b2-5fb448e5c713","1","338","蝦皮","","已入庫","2026-04-21T15:59:14.301859+00:00","338","6bd05ea5-44eb-46de-a7f2-cd540b4ca715"
"333d4667-b768-4b4b-9bc8-81d0abcff95b","2025-08-21T00:00:00+00:00","ec22c4d3-700e-4b48-b8b2-5fb448e5c713","1","338","蝦皮","","已入庫","2026-04-21T15:59:14.301859+00:00","338","6bd05ea5-44eb-46de-a7f2-cd540b4ca715"
"150a3eff-2dc8-4aed-a987-2d31319a6294","2025-08-24T00:00:00+00:00","3b0bfad1-adc2-43de-a1df-b0bc481abd5f","1","678","蝦皮","","已入庫","2026-04-21T15:59:14.301859+00:00","678","6bd05ea5-44eb-46de-a7f2-cd540b4ca715"
"7bc0fd7a-1db6-47bb-8a68-89c0ed513e8e","2025-08-24T00:00:00+00:00","ec22c4d3-700e-4b48-b8b2-5fb448e5c713","1","360","蝦皮","","已入庫","2026-04-21T15:59:14.301859+00:00","360","6bd05ea5-44eb-46de-a7f2-cd540b4ca715"
"e6761070-a376-46af-a3e9-9e9ba93de25b","2025-08-27T00:00:00+00:00","ec22c4d3-700e-4b48-b8b2-5fb448e5c713","1","343","蝦皮","","已入庫","2026-04-21T15:59:14.301859+00:00","343","6bd05ea5-44eb-46de-a7f2-cd540b4ca715"
"96d014a0-845b-4e3a-a599-cbd1d299d0be","2025-08-27T00:00:00+00:00","ec22c4d3-700e-4b48-b8b2-5fb448e5c713","1","377","蝦皮","","已入庫","2026-04-21T15:59:14.301859+00:00","377","6bd05ea5-44eb-46de-a7f2-cd540b4ca715"
"ee3e0b38-66d8-47b5-8a20-8183113f32d7","2025-08-27T00:00:00+00:00","ec22c4d3-700e-4b48-b8b2-5fb448e5c713","1","377","蝦皮","","已入庫","2026-04-21T15:59:14.301859+00:00","377","6bd05ea5-44eb-46de-a7f2-cd540b4ca715"
"911803f2-3436-4ccc-8dc8-2684123aa144","2025-08-28T00:00:00+00:00","ec22c4d3-700e-4b48-b8b2-5fb448e5c713","1","343","蝦皮","","已入庫","2026-04-21T15:59:14.301859+00:00","343","6bd05ea5-44eb-46de-a7f2-cd540b4ca715"
"99b705b4-ccad-4067-acad-815a0e5182eb","2025-08-28T00:00:00+00:00","ec22c4d3-700e-4b48-b8b2-5fb448e5c713","1","360","蝦皮","","已入庫","2026-04-21T15:59:14.301859+00:00","360","6bd05ea5-44eb-46de-a7f2-cd540b4ca715"
"9128525d-16b6-41ef-9f42-73d8ba5da401","2025-08-28T00:00:00+00:00","ec22c4d3-700e-4b48-b8b2-5fb448e5c713","1","365","蝦皮","","已入庫","2026-04-21T15:59:14.301859+00:00","365","6bd05ea5-44eb-46de-a7f2-cd540b4ca715"
"6d8e4f08-9776-4aab-989b-6359e6f10827","2025-08-28T00:00:00+00:00","ec22c4d3-700e-4b48-b8b2-5fb448e5c713","1","335","蝦皮","","已入庫","2026-04-21T15:59:14.301859+00:00","335","6bd05ea5-44eb-46de-a7f2-cd540b4ca715"
"fd9023f3-9aed-4136-a646-97a328535825","2025-08-28T00:00:00+00:00","ec22c4d3-700e-4b48-b8b2-5fb448e5c713","1","343","蝦皮","","已入庫","2026-04-21T15:59:14.301859+00:00","343","6bd05ea5-44eb-46de-a7f2-cd540b4ca715"
"de9df1a5-cf5d-4e7f-a25d-dcc2d739c8e2","2025-08-30T00:00:00+00:00","ca109ed6-b78e-4566-abaf-8a5c914e57da","1","847","蝦皮","","已入庫","2026-04-21T15:59:14.301859+00:00","847","6bd05ea5-44eb-46de-a7f2-cd540b4ca715"
"914f0b2d-bec9-4954-8763-771a68ce55e6","2025-08-30T00:00:00+00:00","3a0a3cc8-3890-458a-a8b7-d3cc9b03c498","1","243","蝦皮","","已入庫","2026-04-21T15:59:14.301859+00:00","243","6bd05ea5-44eb-46de-a7f2-cd540b4ca715"
"d10cf372-a3cd-4beb-8770-9d7a47d8a629","2025-08-30T00:00:00+00:00","e416f56e-65b1-4272-898e-de17bbef5e4c","4","259.75","蝦皮","","已入庫","2026-04-21T15:59:14.301859+00:00","1039","6bd05ea5-44eb-46de-a7f2-cd540b4ca715"
"cae7c787-479c-4a92-bb4d-a3b8f036a630","2025-08-30T00:00:00+00:00","d06de558-e42b-457a-9d55-1b8b8ef4b468","1","85","蝦皮","","已入庫","2026-04-21T15:59:14.301859+00:00","85","6bd05ea5-44eb-46de-a7f2-cd540b4ca715"
"3b21fb5e-5c32-43e6-a0ac-86a7b30cb17a","2025-08-30T00:00:00+00:00","39749fa7-2bb1-4c7a-abe5-1c35b0a3bb5b","1","861","蝦皮","","已入庫","2026-04-21T15:59:14.301859+00:00","861","6bd05ea5-44eb-46de-a7f2-cd540b4ca715"
"feceb317-db22-4aed-8f33-6db336eaa3d1","2025-08-30T00:00:00+00:00","ec22c4d3-700e-4b48-b8b2-5fb448e5c713","1","379","蝦皮","","已入庫","2026-04-21T15:59:14.301859+00:00","379","6bd05ea5-44eb-46de-a7f2-cd540b4ca715"
"2051a44d-cafd-4a9e-a56f-b09c8d188287","2025-08-30T00:00:00+00:00","ec22c4d3-700e-4b48-b8b2-5fb448e5c713","3","354.67","蝦皮","","已入庫","2026-04-21T15:59:14.301859+00:00","1064","6bd05ea5-44eb-46de-a7f2-cd540b4ca715"
"17794acb-0e63-4df3-9ea2-7bf6a3813d81","2025-08-31T00:00:00+00:00","3a0a3cc8-3890-458a-a8b7-d3cc9b03c498","1","338","蝦皮","","已入庫","2026-04-21T15:59:14.301859+00:00","338","6bd05ea5-44eb-46de-a7f2-cd540b4ca715"
"f4bd1a6c-173a-413f-bd08-576156c307ba","2025-09-02T00:00:00+00:00","b452eb6d-32f7-40fc-b60d-97b1ae53b09d","1","732","蝦皮","","已入庫","2026-04-21T16:29:17.840875+00:00","732","6bd05ea5-44eb-46de-a7f2-cd540b4ca715"
"efdfa76e-8061-486a-a5c7-757e9de3e88e","2025-09-02T00:00:00+00:00","3c5abc2e-97ab-426f-8d4c-a155553252bc","1","690","蝦皮","","已入庫","2026-04-21T16:29:17.840875+00:00","690","6bd05ea5-44eb-46de-a7f2-cd540b4ca715"
"dc3dcf49-c4e4-4b63-a19e-a61d943acbfd","2025-09-03T00:00:00+00:00","ec22c4d3-700e-4b48-b8b2-5fb448e5c713","1","376","蝦皮","","已入庫","2026-04-21T16:29:17.840875+00:00","376","6bd05ea5-44eb-46de-a7f2-cd540b4ca715"
"af109fcb-d2e6-43d2-9b6c-307755b45392","2025-09-03T00:00:00+00:00","b452eb6d-32f7-40fc-b60d-97b1ae53b09d","1","957","蝦皮","","已入庫","2026-04-21T16:29:17.840875+00:00","957","6bd05ea5-44eb-46de-a7f2-cd540b4ca715"
"c48dd29c-2d0a-4d4d-bb42-13fbf68fa69d","2025-09-04T00:00:00+00:00","39749fa7-2bb1-4c7a-abe5-1c35b0a3bb5b","1","772","蝦皮","","已入庫","2026-04-21T16:29:17.840875+00:00","772","6bd05ea5-44eb-46de-a7f2-cd540b4ca715"
"9f4d40bf-0cbc-4ed2-a56f-7afeb454eede","2025-09-04T00:00:00+00:00","39749fa7-2bb1-4c7a-abe5-1c35b0a3bb5b","1","772","蝦皮","","已入庫","2026-04-21T16:29:17.840875+00:00","772","6bd05ea5-44eb-46de-a7f2-cd540b4ca715"
"98c687db-0bea-45e5-9412-2d6d8e117d70","2025-09-04T00:00:00+00:00","39749fa7-2bb1-4c7a-abe5-1c35b0a3bb5b","1","803","蝦皮","","已入庫","2026-04-21T16:29:17.840875+00:00","803","6bd05ea5-44eb-46de-a7f2-cd540b4ca715"
"777dd68a-1de2-4ebc-912b-fb6468e72c1a","2025-09-04T00:00:00+00:00","b452eb6d-32f7-40fc-b60d-97b1ae53b09d","1","863","蝦皮","","已入庫","2026-04-21T16:29:17.840875+00:00","863","6bd05ea5-44eb-46de-a7f2-cd540b4ca715"
"446cf169-cab5-4703-87ae-f23c51a51e90","2025-09-07T00:00:00+00:00","3c5abc2e-97ab-426f-8d4c-a155553252bc","1","691","蝦皮","","已入庫","2026-04-21T16:29:17.840875+00:00","691","6bd05ea5-44eb-46de-a7f2-cd540b4ca715"
"8e1452c3-3abf-412d-b5d2-cfdf90c5daea","2025-09-07T00:00:00+00:00","13a5ef17-86ea-4659-96d4-0d4b67389437","1","1467","蝦皮","","已入庫","2026-04-21T16:29:17.840875+00:00","1467","6bd05ea5-44eb-46de-a7f2-cd540b4ca715"
"2a205c0e-d6f2-44e6-b076-26db3a4955e3","2025-09-07T00:00:00+00:00","13a5ef17-86ea-4659-96d4-0d4b67389437","1","1467","蝦皮","","已入庫","2026-04-21T16:29:17.840875+00:00","1467","6bd05ea5-44eb-46de-a7f2-cd540b4ca715"
"6d994c06-ef42-4a8d-a03f-f8005df462d1","2025-09-07T00:00:00+00:00","b452eb6d-32f7-40fc-b60d-97b1ae53b09d","1","978","蝦皮","","已入庫","2026-04-21T16:29:17.840875+00:00","978","6bd05ea5-44eb-46de-a7f2-cd540b4ca715"
"594e9b9d-b963-49cd-8dea-94c4240c42f7","2025-09-08T00:00:00+00:00","3a0a3cc8-3890-458a-a8b7-d3cc9b03c498","6","272","蝦皮","","已入庫","2026-04-21T16:29:17.840875+00:00","1632","6bd05ea5-44eb-46de-a7f2-cd540b4ca715"
"17ed1abe-7ce9-4463-8a36-1112d60c97f4","2025-09-10T00:00:00+00:00","ec22c4d3-700e-4b48-b8b2-5fb448e5c713","1","342","蝦皮","","已入庫","2026-04-21T16:29:17.840875+00:00","342","6bd05ea5-44eb-46de-a7f2-cd540b4ca715"
"ae420dee-2a4f-4ae2-93ef-4dbde3eb1fb5","2025-09-11T00:00:00+00:00","a030d31a-823d-4380-874b-a807ce5be91b","1","411","蝦皮","","已入庫","2026-04-21T16:29:17.840875+00:00","411","6bd05ea5-44eb-46de-a7f2-cd540b4ca715"
"adcede72-6f79-4d72-9605-9326d16b8de6","2025-09-12T00:00:00+00:00","ec22c4d3-700e-4b48-b8b2-5fb448e5c713","1","363","蝦皮","","已入庫","2026-04-21T16:29:17.840875+00:00","363","6bd05ea5-44eb-46de-a7f2-cd540b4ca715"
"c594d534-2e74-4efe-9be8-247caeee5e2f","2025-09-12T00:00:00+00:00","ec22c4d3-700e-4b48-b8b2-5fb448e5c713","1","342","蝦皮","","已入庫","2026-04-21T16:29:17.840875+00:00","342","6bd05ea5-44eb-46de-a7f2-cd540b4ca715"
"5b051c74-56d0-47ea-b6e9-3b6ba5cd59a8","2025-09-12T00:00:00+00:00","ec22c4d3-700e-4b48-b8b2-5fb448e5c713","1","350","蝦皮","","已入庫","2026-04-21T16:29:17.840875+00:00","350","6bd05ea5-44eb-46de-a7f2-cd540b4ca715"
"2073818f-668a-4b34-8041-5e8f99847ba8","2025-09-12T00:00:00+00:00","ec22c4d3-700e-4b48-b8b2-5fb448e5c713","1","342","蝦皮","","已入庫","2026-04-21T16:29:17.840875+00:00","342","6bd05ea5-44eb-46de-a7f2-cd540b4ca715"
"5909c933-1379-4ae8-8fd4-d9710dfe3e98","2025-09-13T00:00:00+00:00","13a5ef17-86ea-4659-96d4-0d4b67389437","1","1322","蝦皮","","已入庫","2026-04-21T16:29:17.840875+00:00","1322","6bd05ea5-44eb-46de-a7f2-cd540b4ca715"
"72726e77-4f7a-4125-9f25-abee5f1f11f2","2025-09-13T00:00:00+00:00","3b0bfad1-adc2-43de-a1df-b0bc481abd5f","1","561","蝦皮","","已入庫","2026-04-21T16:29:17.840875+00:00","561","6bd05ea5-44eb-46de-a7f2-cd540b4ca715"
"f30e10f7-f6de-4be0-8ea4-c1d4714ca07f","2025-09-13T00:00:00+00:00","3b0bfad1-adc2-43de-a1df-b0bc481abd5f","1","559","蝦皮","","已入庫","2026-04-21T16:29:17.840875+00:00","559","6bd05ea5-44eb-46de-a7f2-cd540b4ca715"
"45cfb24b-a55a-4d18-9585-a0a27c16a436","2025-09-13T00:00:00+00:00","ec22c4d3-700e-4b48-b8b2-5fb448e5c713","1","342","蝦皮","","已入庫","2026-04-21T16:29:17.840875+00:00","342","6bd05ea5-44eb-46de-a7f2-cd540b4ca715"
"21835556-d6eb-4ec7-a6d1-1558a166b70b","2025-09-13T00:00:00+00:00","ec22c4d3-700e-4b48-b8b2-5fb448e5c713","1","338","蝦皮","","已入庫","2026-04-21T16:29:17.840875+00:00","338","6bd05ea5-44eb-46de-a7f2-cd540b4ca715"
"7a41d6eb-c23c-4de2-83f0-0d59d2302407","2025-09-14T00:00:00+00:00","ec22c4d3-700e-4b48-b8b2-5fb448e5c713","1","342","蝦皮","","已入庫","2026-04-21T16:29:17.840875+00:00","342","6bd05ea5-44eb-46de-a7f2-cd540b4ca715"
"3b68ec1e-9f3d-4eba-89ac-09f12dbd0d48","2025-09-14T00:00:00+00:00","ec22c4d3-700e-4b48-b8b2-5fb448e5c713","1","342","蝦皮","","已入庫","2026-04-21T16:29:17.840875+00:00","342","6bd05ea5-44eb-46de-a7f2-cd540b4ca715"
"06ab4af4-3734-416c-8b40-f4cd41a8d21c","2025-09-14T00:00:00+00:00","ec22c4d3-700e-4b48-b8b2-5fb448e5c713","1","342","蝦皮","","已入庫","2026-04-21T16:29:17.840875+00:00","342","6bd05ea5-44eb-46de-a7f2-cd540b4ca715"
"996130f3-3cc0-4db8-8bb3-32bb2354eba2","2025-09-14T00:00:00+00:00","ec22c4d3-700e-4b48-b8b2-5fb448e5c713","1","342","蝦皮","","已入庫","2026-04-21T16:29:17.840875+00:00","342","6bd05ea5-44eb-46de-a7f2-cd540b4ca715"
"9c8a20c0-1b47-442e-851e-f5fa0193bba6","2025-09-14T00:00:00+00:00","ec22c4d3-700e-4b48-b8b2-5fb448e5c713","1","342","蝦皮","","已入庫","2026-04-21T16:29:17.840875+00:00","342","6bd05ea5-44eb-46de-a7f2-cd540b4ca715"
"cec35502-1566-4c9a-b560-229273fc0721","2025-09-14T00:00:00+00:00","ec22c4d3-700e-4b48-b8b2-5fb448e5c713","1","342","蝦皮","","已入庫","2026-04-21T16:29:17.840875+00:00","342","6bd05ea5-44eb-46de-a7f2-cd540b4ca715"
"5f20b474-6028-4448-a93d-36ab5ea7abcd","2025-09-14T00:00:00+00:00","ec22c4d3-700e-4b48-b8b2-5fb448e5c713","1","342","蝦皮","","已入庫","2026-04-21T16:29:17.840875+00:00","342","6bd05ea5-44eb-46de-a7f2-cd540b4ca715"
"1fb28632-d262-4ab5-9f07-a75793a686f3","2025-09-14T00:00:00+00:00","ec22c4d3-700e-4b48-b8b2-5fb448e5c713","1","342","蝦皮","","已入庫","2026-04-21T16:29:17.840875+00:00","342","6bd05ea5-44eb-46de-a7f2-cd540b4ca715"
"a1c58c6c-f0b7-4248-9a99-7f0258c3541b","2025-09-15T00:00:00+00:00","ec22c4d3-700e-4b48-b8b2-5fb448e5c713","1","321","蝦皮","","已入庫","2026-04-21T16:29:17.840875+00:00","321","6bd05ea5-44eb-46de-a7f2-cd540b4ca715"
"77dc72ea-7dc4-43cb-8da8-0d77114c4c81","2025-09-15T00:00:00+00:00","ec22c4d3-700e-4b48-b8b2-5fb448e5c713","1","321","蝦皮","","已入庫","2026-04-21T16:29:17.840875+00:00","321","6bd05ea5-44eb-46de-a7f2-cd540b4ca715"
"9efa50ef-d0d6-46ff-81a3-3d4b12149eb0","2025-09-15T00:00:00+00:00","ec22c4d3-700e-4b48-b8b2-5fb448e5c713","1","321","蝦皮","","已入庫","2026-04-21T16:29:17.840875+00:00","321","6bd05ea5-44eb-46de-a7f2-cd540b4ca715"
"0b2514d1-1d34-4bb8-87e5-689604147871","2025-09-16T00:00:00+00:00","4580ae23-9c31-4547-b940-2c6bc1ef8a77","1","149","蝦皮","","已入庫","2026-04-21T16:29:17.840875+00:00","149","6bd05ea5-44eb-46de-a7f2-cd540b4ca715"
"9c45f820-12e6-4532-980c-a24e1d32aae1","2025-09-16T00:00:00+00:00","1047bac0-fec4-43f0-8205-00f485f3b3f6","1","149","蝦皮","","已入庫","2026-04-21T16:29:17.840875+00:00","149","6bd05ea5-44eb-46de-a7f2-cd540b4ca715"
"4fd2c178-1ce9-4850-acc9-5989b1e9f48c","2025-09-16T00:00:00+00:00","4580ae23-9c31-4547-b940-2c6bc1ef8a77","1","157.5","蝦皮","","已入庫","2026-04-21T16:29:17.840875+00:00","157.5","6bd05ea5-44eb-46de-a7f2-cd540b4ca715"
"f3f6239d-a58a-4624-ac7f-c72c6e1e2e3e","2025-09-16T00:00:00+00:00","1047bac0-fec4-43f0-8205-00f485f3b3f6","1","157.5","蝦皮","","已入庫","2026-04-21T16:29:17.840875+00:00","157.5","6bd05ea5-44eb-46de-a7f2-cd540b4ca715"
"92ebf5fe-80bc-4dd5-a85a-cd118380faf8","2025-09-16T00:00:00+00:00","1047bac0-fec4-43f0-8205-00f485f3b3f6","1","149","蝦皮","","已入庫","2026-04-21T16:29:17.840875+00:00","149","6bd05ea5-44eb-46de-a7f2-cd540b4ca715"
"8f4332de-d8a1-4792-83ea-b9c211701365","2025-09-16T00:00:00+00:00","4580ae23-9c31-4547-b940-2c6bc1ef8a77","1","149","蝦皮","","已入庫","2026-04-21T16:29:17.840875+00:00","149","6bd05ea5-44eb-46de-a7f2-cd540b4ca715"
"94b9ee7d-4206-4937-848a-444095c6620c","2025-09-16T00:00:00+00:00","a1827b36-e7eb-40ff-a912-3038ed39c058","1","464","蝦皮","","已入庫","2026-04-21T16:29:17.840875+00:00","464","6bd05ea5-44eb-46de-a7f2-cd540b4ca715"
"dcdae9e2-f0c6-4e7f-88ae-b4992901c969","2025-09-16T00:00:00+00:00","a1827b36-e7eb-40ff-a912-3038ed39c058","1","464","蝦皮","","已入庫","2026-04-21T16:29:17.840875+00:00","464","6bd05ea5-44eb-46de-a7f2-cd540b4ca715"
"ea80fcde-062d-4d35-adfc-06591485e97d","2025-09-17T00:00:00+00:00","4580ae23-9c31-4547-b940-2c6bc1ef8a77","1","180","蝦皮","","已入庫","2026-04-21T16:29:17.840875+00:00","180","6bd05ea5-44eb-46de-a7f2-cd540b4ca715"
"fe2b80c2-2eb9-47a4-b727-38bedd21ae74","2025-09-17T00:00:00+00:00","1047bac0-fec4-43f0-8205-00f485f3b3f6","1","180","蝦皮","","已入庫","2026-04-21T16:29:17.840875+00:00","180","6bd05ea5-44eb-46de-a7f2-cd540b4ca715"
"41f19fba-310e-400c-9391-c189699af800","2025-09-17T00:00:00+00:00","4580ae23-9c31-4547-b940-2c6bc1ef8a77","1","191","蝦皮","","已入庫","2026-04-21T16:29:17.840875+00:00","191","6bd05ea5-44eb-46de-a7f2-cd540b4ca715"
"bce7dd5b-9af3-4905-87c9-60e71c3a13a8","2025-09-17T00:00:00+00:00","1047bac0-fec4-43f0-8205-00f485f3b3f6","1","167","蝦皮","","已入庫","2026-04-21T16:29:17.840875+00:00","167","6bd05ea5-44eb-46de-a7f2-cd540b4ca715"
"6ac46b7d-b9f2-49cf-8984-bd8a98c0885f","2025-09-17T00:00:00+00:00","4580ae23-9c31-4547-b940-2c6bc1ef8a77","1","180.5","蝦皮","","已入庫","2026-04-21T16:29:17.840875+00:00","180.5","6bd05ea5-44eb-46de-a7f2-cd540b4ca715"
"c1772031-11c0-44c2-a96b-9a612699e549","2025-09-17T00:00:00+00:00","1047bac0-fec4-43f0-8205-00f485f3b3f6","1","180.5","蝦皮","","已入庫","2026-04-21T16:29:17.840875+00:00","180.5","6bd05ea5-44eb-46de-a7f2-cd540b4ca715"
"602e003b-43c9-410d-a7b1-c2531079c234","2025-09-18T00:00:00+00:00","4580ae23-9c31-4547-b940-2c6bc1ef8a77","1","190.5","蝦皮","","已入庫","2026-04-21T16:29:17.840875+00:00","190.5","6bd05ea5-44eb-46de-a7f2-cd540b4ca715"
"eb786809-8535-424c-8de0-f2c18d953d4f","2025-09-18T00:00:00+00:00","1047bac0-fec4-43f0-8205-00f485f3b3f6","1","190.5","蝦皮","","已入庫","2026-04-21T16:29:17.840875+00:00","190.5","6bd05ea5-44eb-46de-a7f2-cd540b4ca715"
"0fa82f3a-1617-44fe-ac90-f4c4d3ea4b4c","2025-09-18T00:00:00+00:00","4580ae23-9c31-4547-b940-2c6bc1ef8a77","1","148","蝦皮","","已入庫","2026-04-21T16:29:17.840875+00:00","148","6bd05ea5-44eb-46de-a7f2-cd540b4ca715"
"6032ff79-79e7-4a47-8874-9c6c1b43e881","2025-09-18T00:00:00+00:00","1047bac0-fec4-43f0-8205-00f485f3b3f6","1","148","蝦皮","","已入庫","2026-04-21T16:29:17.840875+00:00","148","6bd05ea5-44eb-46de-a7f2-cd540b4ca715"
"da833273-4b45-4220-a0a4-4e6246dce9cc","2025-09-18T00:00:00+00:00","1047bac0-fec4-43f0-8205-00f485f3b3f6","1","165","蝦皮","","已入庫","2026-04-21T16:29:17.840875+00:00","165","6bd05ea5-44eb-46de-a7f2-cd540b4ca715"
"ecb31bd9-6f4e-4de7-a7c8-afa11361e2fa","2025-09-18T00:00:00+00:00","4580ae23-9c31-4547-b940-2c6bc1ef8a77","1","190.5","蝦皮","","已入庫","2026-04-21T16:29:17.840875+00:00","190.5","6bd05ea5-44eb-46de-a7f2-cd540b4ca715"
"39f827cc-11c4-457b-aa73-dec81376ea48","2025-09-18T00:00:00+00:00","1047bac0-fec4-43f0-8205-00f485f3b3f6","1","190.5","蝦皮","","已入庫","2026-04-21T16:29:17.840875+00:00","190.5","6bd05ea5-44eb-46de-a7f2-cd540b4ca715"
"51aab584-df7b-42d3-a31c-5542d08ef434","2025-09-18T00:00:00+00:00","a1827b36-e7eb-40ff-a912-3038ed39c058","1","466","蝦皮","","已入庫","2026-04-21T16:29:17.840875+00:00","466","6bd05ea5-44eb-46de-a7f2-cd540b4ca715"
"db95ca48-badb-42e8-b548-d670a1b12dbc","2025-09-18T00:00:00+00:00","ec22c4d3-700e-4b48-b8b2-5fb448e5c713","1","339","蝦皮","","已入庫","2026-04-21T16:29:17.840875+00:00","339","6bd05ea5-44eb-46de-a7f2-cd540b4ca715"
"a8d13297-d418-4973-ae63-9e0d5e92c223","2025-09-18T00:00:00+00:00","4b2020d3-7362-4b41-8efd-3c3584311d95","1","93","蝦皮","","已入庫","2026-04-21T16:29:17.840875+00:00","93","6bd05ea5-44eb-46de-a7f2-cd540b4ca715"
"e156a42e-5617-4641-8933-0d00b7f22da9","2025-09-18T00:00:00+00:00","6cbc22a9-8bbf-4f20-b344-6cfb89174684","2","95.5","蝦皮","","已入庫","2026-04-21T16:29:17.840875+00:00","191","6bd05ea5-44eb-46de-a7f2-cd540b4ca715"
"5989feec-72a0-43b9-992c-f4bcc437abf2","2025-09-18T00:00:00+00:00","6cbc22a9-8bbf-4f20-b344-6cfb89174684","1","84","蝦皮","","已入庫","2026-04-21T16:29:17.840875+00:00","84","6bd05ea5-44eb-46de-a7f2-cd540b4ca715"
"81638c87-0052-4f33-a3df-1d0c8df23883","2025-09-19T00:00:00+00:00","4580ae23-9c31-4547-b940-2c6bc1ef8a77","1","187.5","蝦皮","","已入庫","2026-04-21T16:29:17.840875+00:00","187.5","6bd05ea5-44eb-46de-a7f2-cd540b4ca715"
"a27fad60-f165-49c8-ac5e-cba50f7c7d41","2025-09-19T00:00:00+00:00","1047bac0-fec4-43f0-8205-00f485f3b3f6","1","187.5","蝦皮","","已入庫","2026-04-21T16:29:17.840875+00:00","187.5","6bd05ea5-44eb-46de-a7f2-cd540b4ca715"
"4e964603-517b-47ba-8e5e-6fcd30a4dd8a","2025-09-19T00:00:00+00:00","4580ae23-9c31-4547-b940-2c6bc1ef8a77","1","187.5","蝦皮","","已入庫","2026-04-21T16:29:17.840875+00:00","187.5","6bd05ea5-44eb-46de-a7f2-cd540b4ca715"
"07b2b67a-35fa-4319-b71a-46b11348d8a8","2025-09-19T00:00:00+00:00","1047bac0-fec4-43f0-8205-00f485f3b3f6","1","187.5","蝦皮","","已入庫","2026-04-21T16:29:17.840875+00:00","187.5","6bd05ea5-44eb-46de-a7f2-cd540b4ca715"
"63e8e6ae-e55f-44f9-844f-62bcb023e5fa","2025-09-19T00:00:00+00:00","3c5abc2e-97ab-426f-8d4c-a155553252bc","1","681","蝦皮","","已入庫","2026-04-21T16:29:17.840875+00:00","681","6bd05ea5-44eb-46de-a7f2-cd540b4ca715"
"a1594e47-013f-412b-bbfe-56e5c54b6a50","2025-09-19T00:00:00+00:00","ec22c4d3-700e-4b48-b8b2-5fb448e5c713","1","341","蝦皮","","已入庫","2026-04-21T16:29:17.840875+00:00","341","6bd05ea5-44eb-46de-a7f2-cd540b4ca715"
"9efe28eb-aad7-46be-a571-cb01fffb0c42","2025-09-19T00:00:00+00:00","4580ae23-9c31-4547-b940-2c6bc1ef8a77","1","191.5","蝦皮","","已入庫","2026-04-21T16:29:17.840875+00:00","191.5","6bd05ea5-44eb-46de-a7f2-cd540b4ca715"
"37f549f2-2fa8-443b-bf81-5aca66102c1c","2025-09-19T00:00:00+00:00","1047bac0-fec4-43f0-8205-00f485f3b3f6","1","191.5","蝦皮","","已入庫","2026-04-21T16:29:17.840875+00:00","191.5","6bd05ea5-44eb-46de-a7f2-cd540b4ca715"
"4d002732-4270-4982-9475-2af1f5ce89b8","2025-09-19T00:00:00+00:00","1047bac0-fec4-43f0-8205-00f485f3b3f6","1","179","蝦皮","","已入庫","2026-04-21T16:29:17.840875+00:00","179","6bd05ea5-44eb-46de-a7f2-cd540b4ca715"
"1d8e4c07-4060-45da-86bb-9ccefa16be09","2025-09-19T00:00:00+00:00","a1827b36-e7eb-40ff-a912-3038ed39c058","1","404","蝦皮","","已入庫","2026-04-21T16:29:17.840875+00:00","404","6bd05ea5-44eb-46de-a7f2-cd540b4ca715"
"a34e835c-b04b-4534-976a-d73b29bec9a0","2025-09-19T00:00:00+00:00","1047bac0-fec4-43f0-8205-00f485f3b3f6","1","191.5","蝦皮","","已入庫","2026-04-21T16:29:17.840875+00:00","191.5","6bd05ea5-44eb-46de-a7f2-cd540b4ca715"
"cbeec80f-2255-4735-86b8-be3e681816b6","2025-09-19T00:00:00+00:00","4580ae23-9c31-4547-b940-2c6bc1ef8a77","1","191.5","蝦皮","","已入庫","2026-04-21T16:29:17.840875+00:00","191.5","6bd05ea5-44eb-46de-a7f2-cd540b4ca715"
"385f905d-a74d-4a9e-9ad3-bbefbbbe1641","2025-09-19T00:00:00+00:00","4b2020d3-7362-4b41-8efd-3c3584311d95","1","106","蝦皮","","已入庫","2026-04-21T16:29:17.840875+00:00","106","6bd05ea5-44eb-46de-a7f2-cd540b4ca715"
"475394b8-af6d-414d-829b-10df5e61edde","2025-09-19T00:00:00+00:00","4b2020d3-7362-4b41-8efd-3c3584311d95","1","75","蝦皮","","已入庫","2026-04-21T16:29:17.840875+00:00","75","6bd05ea5-44eb-46de-a7f2-cd540b4ca715"
"9f643d50-a3d1-4a90-835e-9b883beb30f8","2025-09-19T00:00:00+00:00","6cbc22a9-8bbf-4f20-b344-6cfb89174684","2","75","蝦皮","","已入庫","2026-04-21T16:29:17.840875+00:00","150","6bd05ea5-44eb-46de-a7f2-cd540b4ca715"
"c25bcc29-aa57-45de-8a8a-a082c860de77","2025-09-19T00:00:00+00:00","4b2020d3-7362-4b41-8efd-3c3584311d95","1","94","蝦皮","","已入庫","2026-04-21T16:29:17.840875+00:00","94","6bd05ea5-44eb-46de-a7f2-cd540b4ca715"
"441143d4-d706-41ae-b2cf-0497dac7dcdd","2025-09-19T00:00:00+00:00","baae2e81-583f-4416-934a-25a731f85f5d","1","213","蝦皮","","已入庫","2026-04-21T16:29:17.840875+00:00","213","6bd05ea5-44eb-46de-a7f2-cd540b4ca715"
"30cb4b76-122c-43db-93c1-75dd0057c1c8","2025-09-19T00:00:00+00:00","6cbc22a9-8bbf-4f20-b344-6cfb89174684","10","80.9","蝦皮","","已入庫","2026-04-21T16:29:17.840875+00:00","809","6bd05ea5-44eb-46de-a7f2-cd540b4ca715"
"1306b440-8009-4942-8f9b-f607308d53a5","2025-09-19T00:00:00+00:00","4b2020d3-7362-4b41-8efd-3c3584311d95","1","85","蝦皮","","已入庫","2026-04-21T16:29:17.840875+00:00","85","6bd05ea5-44eb-46de-a7f2-cd540b4ca715"
"ee9be021-207a-4970-a88c-4517553883f0","2025-09-19T00:00:00+00:00","b452eb6d-32f7-40fc-b60d-97b1ae53b09d","1","852","蝦皮","","已入庫","2026-04-21T16:29:17.840875+00:00","852","6bd05ea5-44eb-46de-a7f2-cd540b4ca715"
"3cf41273-3cb9-4796-9dda-3f3ed0071898","2025-09-20T00:00:00+00:00","4580ae23-9c31-4547-b940-2c6bc1ef8a77","1","181.5","蝦皮","","已入庫","2026-04-21T16:29:17.840875+00:00","181.5","6bd05ea5-44eb-46de-a7f2-cd540b4ca715"
"0eee1cf8-531c-4c6b-b426-11801fef1659","2025-09-20T00:00:00+00:00","1047bac0-fec4-43f0-8205-00f485f3b3f6","1","181.5","蝦皮","","已入庫","2026-04-21T16:29:17.840875+00:00","181.5","6bd05ea5-44eb-46de-a7f2-cd540b4ca715"
"6c0bd3ff-3d9f-4081-95a2-4a7fc50462bf","2025-09-20T00:00:00+00:00","1047bac0-fec4-43f0-8205-00f485f3b3f6","1","160.5","蝦皮","","已入庫","2026-04-21T16:29:17.840875+00:00","160.5","6bd05ea5-44eb-46de-a7f2-cd540b4ca715"
"a1064d19-dc99-498d-80a5-6e61418f62f2","2025-09-20T00:00:00+00:00","4580ae23-9c31-4547-b940-2c6bc1ef8a77","1","160.5","蝦皮","","已入庫","2026-04-21T16:29:17.840875+00:00","160.5","6bd05ea5-44eb-46de-a7f2-cd540b4ca715"
"3df399b8-0a8a-43b8-8426-de2f67530acc","2025-09-20T00:00:00+00:00","1047bac0-fec4-43f0-8205-00f485f3b3f6","1","193","蝦皮","","已入庫","2026-04-21T16:29:17.840875+00:00","193","6bd05ea5-44eb-46de-a7f2-cd540b4ca715"
"805819e7-d5d3-4fcb-8f94-1559f87ed517","2025-09-20T00:00:00+00:00","4580ae23-9c31-4547-b940-2c6bc1ef8a77","1","213","蝦皮","","已入庫","2026-04-21T16:29:17.840875+00:00","213","6bd05ea5-44eb-46de-a7f2-cd540b4ca715"
"677ea5f7-54fc-4199-aac9-2283a803a30f","2025-09-20T00:00:00+00:00","1047bac0-fec4-43f0-8205-00f485f3b3f6","1","193","蝦皮","","已入庫","2026-04-21T16:29:17.840875+00:00","193","6bd05ea5-44eb-46de-a7f2-cd540b4ca715"
"e9c32a98-a7ac-415d-840e-42014bb2a2c1","2025-09-20T00:00:00+00:00","1047bac0-fec4-43f0-8205-00f485f3b3f6","1","193","蝦皮","","已入庫","2026-04-21T16:29:17.840875+00:00","193","6bd05ea5-44eb-46de-a7f2-cd540b4ca715"
"07780e49-4f8e-47d7-bc9b-ddeb5ed69c34","2025-09-20T00:00:00+00:00","6cbc22a9-8bbf-4f20-b344-6cfb89174684","2","67.8","蝦皮","","已入庫","2026-04-21T16:29:17.840875+00:00","135.6","6bd05ea5-44eb-46de-a7f2-cd540b4ca715"
"02ed425f-bb51-40d4-ad9b-a8e608490bf2","2025-09-20T00:00:00+00:00","4b2020d3-7362-4b41-8efd-3c3584311d95","3","67.8","蝦皮","","已入庫","2026-04-21T16:29:17.840875+00:00","203.4","6bd05ea5-44eb-46de-a7f2-cd540b4ca715"
"602bb75b-40b6-44aa-98cd-519812106427","2025-09-20T00:00:00+00:00","4580ae23-9c31-4547-b940-2c6bc1ef8a77","3","202.75","蝦皮","","已入庫","2026-04-21T16:29:17.840875+00:00","608.25","6bd05ea5-44eb-46de-a7f2-cd540b4ca715"
"0b3bd6cb-8f3c-4029-bf65-17d88f963700","2025-09-20T00:00:00+00:00","1047bac0-fec4-43f0-8205-00f485f3b3f6","1","202.75","蝦皮","","已入庫","2026-04-21T16:29:17.840875+00:00","202.75","6bd05ea5-44eb-46de-a7f2-cd540b4ca715"
"6f7e71a1-c439-4cfc-a3b0-f16c1b19583a","2025-09-20T00:00:00+00:00","ec22c4d3-700e-4b48-b8b2-5fb448e5c713","1","341","蝦皮","","已入庫","2026-04-21T16:29:17.840875+00:00","341","6bd05ea5-44eb-46de-a7f2-cd540b4ca715"
"f1b7efcb-e455-4009-9907-451abf54c791","2025-09-20T00:00:00+00:00","ec22c4d3-700e-4b48-b8b2-5fb448e5c713","1","341","蝦皮","","已入庫","2026-04-21T16:29:17.840875+00:00","341","6bd05ea5-44eb-46de-a7f2-cd540b4ca715"
"c580df31-0f00-419a-8acb-fdbe1c0a8710","2025-09-21T00:00:00+00:00","4580ae23-9c31-4547-b940-2c6bc1ef8a77","1","192","蝦皮","","已入庫","2026-04-21T16:29:17.840875+00:00","192","6bd05ea5-44eb-46de-a7f2-cd540b4ca715"
"eacfb9ce-0565-4e0b-aa2a-7c87d57737d2","2025-09-21T00:00:00+00:00","1047bac0-fec4-43f0-8205-00f485f3b3f6","1","192","蝦皮","","已入庫","2026-04-21T16:29:17.840875+00:00","192","6bd05ea5-44eb-46de-a7f2-cd540b4ca715"
"4f7e1a11-82e3-420d-8d10-3acb856148db","2025-09-21T00:00:00+00:00","4580ae23-9c31-4547-b940-2c6bc1ef8a77","1","171","蝦皮","","已入庫","2026-04-21T16:29:17.840875+00:00","171","6bd05ea5-44eb-46de-a7f2-cd540b4ca715"
"4e6168e4-2859-43c4-b9a4-7f806f99fd02","2025-09-21T00:00:00+00:00","baae2e81-583f-4416-934a-25a731f85f5d","1","256","蝦皮","","已入庫","2026-04-21T16:29:17.840875+00:00","256","6bd05ea5-44eb-46de-a7f2-cd540b4ca715"
"26e5e6e4-182a-4a35-b4bc-4afa81ee67ff","2025-09-21T00:00:00+00:00","ec22c4d3-700e-4b48-b8b2-5fb448e5c713","1","341","蝦皮","","已入庫","2026-04-21T16:29:17.840875+00:00","341","6bd05ea5-44eb-46de-a7f2-cd540b4ca715"
"d7e3b75b-6088-4b4e-a101-f94f83e6e1c9","2025-09-21T00:00:00+00:00","ec22c4d3-700e-4b48-b8b2-5fb448e5c713","1","341","蝦皮","","已入庫","2026-04-21T16:29:17.840875+00:00","341","6bd05ea5-44eb-46de-a7f2-cd540b4ca715"
"00aef663-d5c2-468c-91d0-75f63b560203","2025-09-21T00:00:00+00:00","ec22c4d3-700e-4b48-b8b2-5fb448e5c713","1","337","蝦皮","","已入庫","2026-04-21T16:29:17.840875+00:00","337","6bd05ea5-44eb-46de-a7f2-cd540b4ca715"
"be06cad3-b67a-475c-ab10-7a78ba950045","2025-09-21T00:00:00+00:00","a1827b36-e7eb-40ff-a912-3038ed39c058","1","422","蝦皮","","已入庫","2026-04-21T16:29:17.840875+00:00","422","6bd05ea5-44eb-46de-a7f2-cd540b4ca715"
"cab83077-327e-4e46-b016-b3f9f3c4d8b5","2025-09-21T00:00:00+00:00","4580ae23-9c31-4547-b940-2c6bc1ef8a77","1","192","蝦皮","","已入庫","2026-04-21T16:29:17.840875+00:00","192","6bd05ea5-44eb-46de-a7f2-cd540b4ca715"
"0e102d16-11bb-4cc6-b449-87f960e316b8","2025-09-21T00:00:00+00:00","1047bac0-fec4-43f0-8205-00f485f3b3f6","1","192","蝦皮","","已入庫","2026-04-21T16:29:17.840875+00:00","192","6bd05ea5-44eb-46de-a7f2-cd540b4ca715"
"05f54f80-6a94-4df0-a7bb-d10e76a5f97c","2025-09-22T00:00:00+00:00","baae2e81-583f-4416-934a-25a731f85f5d","1","256","蝦皮","","已入庫","2026-04-21T16:29:17.840875+00:00","256","6bd05ea5-44eb-46de-a7f2-cd540b4ca715"
"d0ef2ddf-5be9-4e9e-b5b1-16b6cc536f75","2025-09-22T00:00:00+00:00","baae2e81-583f-4416-934a-25a731f85f5d","1","213","蝦皮","","已入庫","2026-04-21T16:29:17.840875+00:00","213","6bd05ea5-44eb-46de-a7f2-cd540b4ca715"
"92b1b77a-b223-4eac-9d0e-2b35c65a788e","2025-09-22T00:00:00+00:00","c1c0a9d6-9eb0-4c1e-bd42-95c1a90e0af9","1","430","蝦皮","","已入庫","2026-04-21T16:29:17.840875+00:00","430","6bd05ea5-44eb-46de-a7f2-cd540b4ca715"
"e8b7ea46-6d86-4d54-b0c4-800c054beff2","2025-09-22T00:00:00+00:00","a1827b36-e7eb-40ff-a912-3038ed39c058","1","427","蝦皮","","已入庫","2026-04-21T16:29:17.840875+00:00","427","6bd05ea5-44eb-46de-a7f2-cd540b4ca715"
"d069f5a3-a713-4b43-82ff-1aaf7a5610e4","2025-09-22T00:00:00+00:00","4580ae23-9c31-4547-b940-2c6bc1ef8a77","1","192","蝦皮","","已入庫","2026-04-21T16:29:17.840875+00:00","192","6bd05ea5-44eb-46de-a7f2-cd540b4ca715"
"4e2ebc88-2404-4435-a078-c04e278fd723","2025-09-22T00:00:00+00:00","1047bac0-fec4-43f0-8205-00f485f3b3f6","1","192","蝦皮","","已入庫","2026-04-21T16:29:17.840875+00:00","192","6bd05ea5-44eb-46de-a7f2-cd540b4ca715"
"65c9e8ef-db69-4f52-9163-5ed911f44e4c","2025-09-22T00:00:00+00:00","4580ae23-9c31-4547-b940-2c6bc1ef8a77","1","192","蝦皮","","已入庫","2026-04-21T16:29:17.840875+00:00","192","6bd05ea5-44eb-46de-a7f2-cd540b4ca715"
"fb942ac2-aaba-4a28-8888-f2fd877680c3","2025-09-22T00:00:00+00:00","1047bac0-fec4-43f0-8205-00f485f3b3f6","1","192","蝦皮","","已入庫","2026-04-21T16:29:17.840875+00:00","192","6bd05ea5-44eb-46de-a7f2-cd540b4ca715"
"67c87bbe-b0a4-4e0b-a335-b4315a2e9b59","2025-09-22T00:00:00+00:00","a1827b36-e7eb-40ff-a912-3038ed39c058","1","469","蝦皮","","已入庫","2026-04-21T16:29:17.840875+00:00","469","6bd05ea5-44eb-46de-a7f2-cd540b4ca715"
"68197594-823e-489b-a814-b323eda6c867","2025-09-22T00:00:00+00:00","baae2e81-583f-4416-934a-25a731f85f5d","2","234.5","蝦皮","","已入庫","2026-04-21T16:29:17.840875+00:00","469","6bd05ea5-44eb-46de-a7f2-cd540b4ca715"
"8c229482-180d-422c-94ff-682ebdb8b324","2025-09-22T00:00:00+00:00","a1827b36-e7eb-40ff-a912-3038ed39c058","1","516","蝦皮","","已入庫","2026-04-21T16:29:17.840875+00:00","516","6bd05ea5-44eb-46de-a7f2-cd540b4ca715"
"9ba57e48-7e0c-4a3a-8d21-c25e51de4de8","2025-09-22T00:00:00+00:00","a1827b36-e7eb-40ff-a912-3038ed39c058","1","452","蝦皮","","已入庫","2026-04-21T16:29:17.840875+00:00","452","6bd05ea5-44eb-46de-a7f2-cd540b4ca715"
"17e1a504-6deb-4c6c-adcc-40b5f3e4ebf0","2025-09-22T00:00:00+00:00","4580ae23-9c31-4547-b940-2c6bc1ef8a77","1","192","蝦皮","","已入庫","2026-04-21T16:29:17.840875+00:00","192","6bd05ea5-44eb-46de-a7f2-cd540b4ca715"
"27f46ab4-af75-405b-a9ce-43b27a1acb72","2025-09-22T00:00:00+00:00","1047bac0-fec4-43f0-8205-00f485f3b3f6","1","192","蝦皮","","已入庫","2026-04-21T16:29:17.840875+00:00","192","6bd05ea5-44eb-46de-a7f2-cd540b4ca715"
"55e67092-02cb-411f-b421-03d0e406ab0d","2025-09-22T00:00:00+00:00","4580ae23-9c31-4547-b940-2c6bc1ef8a77","2","192","蝦皮","","已入庫","2026-04-21T16:29:17.840875+00:00","384","6bd05ea5-44eb-46de-a7f2-cd540b4ca715"
"079bb7a7-766f-43c5-b816-e221bf2c30bb","2025-09-22T00:00:00+00:00","1047bac0-fec4-43f0-8205-00f485f3b3f6","2","192","蝦皮","","已入庫","2026-04-21T16:29:17.840875+00:00","384","6bd05ea5-44eb-46de-a7f2-cd540b4ca715"
"cefc07de-9870-485a-bc0f-7f3e7a48911d","2025-09-22T00:00:00+00:00","4580ae23-9c31-4547-b940-2c6bc1ef8a77","1","192","蝦皮","","已入庫","2026-04-21T16:29:17.840875+00:00","192","6bd05ea5-44eb-46de-a7f2-cd540b4ca715"
"af050511-4a1e-4772-98c5-53f37ce16c5c","2025-09-22T00:00:00+00:00","1047bac0-fec4-43f0-8205-00f485f3b3f6","1","192","蝦皮","","已入庫","2026-04-21T16:29:17.840875+00:00","192","6bd05ea5-44eb-46de-a7f2-cd540b4ca715"
"23f79692-cfb5-45ea-8ca6-9cd0b9c16c29","2025-09-22T00:00:00+00:00","baae2e81-583f-4416-934a-25a731f85f5d","1","235","蝦皮","","已入庫","2026-04-21T16:29:17.840875+00:00","235","6bd05ea5-44eb-46de-a7f2-cd540b4ca715"
"a3abc635-cb35-41f2-bc67-2971ad0a167a","2025-09-22T00:00:00+00:00","a1827b36-e7eb-40ff-a912-3038ed39c058","1","512","蝦皮","","已入庫","2026-04-21T16:29:17.840875+00:00","512","6bd05ea5-44eb-46de-a7f2-cd540b4ca715"
"1993e2ad-a126-48ea-aa13-7327ed7e3b3e","2025-09-23T00:00:00+00:00","ec22c4d3-700e-4b48-b8b2-5fb448e5c713","1","341","蝦皮","","已入庫","2026-04-21T16:29:17.840875+00:00","341","6bd05ea5-44eb-46de-a7f2-cd540b4ca715"
"60b05233-e9b6-448a-9d1e-802e95d82103","2025-09-23T00:00:00+00:00","baae2e81-583f-4416-934a-25a731f85f5d","3","234.67","蝦皮","","已入庫","2026-04-21T16:29:17.840875+00:00","704","6bd05ea5-44eb-46de-a7f2-cd540b4ca715"
"0b91de70-82ae-43a4-a407-1bb6a1591e87","2025-09-23T00:00:00+00:00","4580ae23-9c31-4547-b940-2c6bc1ef8a77","1","213","蝦皮","","已入庫","2026-04-21T16:29:17.840875+00:00","213","6bd05ea5-44eb-46de-a7f2-cd540b4ca715"
"c5aa62fb-86cf-4349-b185-82726790cc13","2025-09-23T00:00:00+00:00","ec22c4d3-700e-4b48-b8b2-5fb448e5c713","1","363","蝦皮","","已入庫","2026-04-21T16:29:17.840875+00:00","363","6bd05ea5-44eb-46de-a7f2-cd540b4ca715"
"e0ded420-81a5-4a22-b615-b92f6c08abb5","2025-09-23T00:00:00+00:00","ec22c4d3-700e-4b48-b8b2-5fb448e5c713","1","363","蝦皮","","已入庫","2026-04-21T16:29:17.840875+00:00","363","6bd05ea5-44eb-46de-a7f2-cd540b4ca715"
"011d75d4-eaf8-45ac-a1d9-ca4ab7ac5ef1","2025-09-23T00:00:00+00:00","ec22c4d3-700e-4b48-b8b2-5fb448e5c713","1","341","蝦皮","","已入庫","2026-04-21T16:29:17.840875+00:00","341","6bd05ea5-44eb-46de-a7f2-cd540b4ca715"
"6dafde65-85dd-4ad9-b618-fc41b0e0219f","2025-09-23T00:00:00+00:00","ec22c4d3-700e-4b48-b8b2-5fb448e5c713","1","341","蝦皮","","已入庫","2026-04-21T16:29:17.840875+00:00","341","6bd05ea5-44eb-46de-a7f2-cd540b4ca715"
"5056f7c0-5ecf-4fa5-acfa-751ea89a8c46","2025-09-23T00:00:00+00:00","ec22c4d3-700e-4b48-b8b2-5fb448e5c713","1","320","蝦皮","","已入庫","2026-04-21T16:29:17.840875+00:00","320","6bd05ea5-44eb-46de-a7f2-cd540b4ca715"
"4e3400d5-4fc2-4b1a-a1f7-a2f6e49a1c2e","2025-09-23T00:00:00+00:00","a1827b36-e7eb-40ff-a912-3038ed39c058","1","515","蝦皮","","已入庫","2026-04-21T16:29:17.840875+00:00","515","6bd05ea5-44eb-46de-a7f2-cd540b4ca715"
"50c8d4cc-0b7d-4324-87ee-f72a038aa5bf","2025-09-23T00:00:00+00:00","4580ae23-9c31-4547-b940-2c6bc1ef8a77","3","206.33","蝦皮","","已入庫","2026-04-21T16:29:17.840875+00:00","619","6bd05ea5-44eb-46de-a7f2-cd540b4ca715"
"f958a25c-17cd-4007-a65a-cd4f36a5a70f","2025-09-23T00:00:00+00:00","663d9ec7-b548-4c6c-9c73-150008d5b512","2","117.5","蝦皮","","已入庫","2026-04-21T16:29:17.840875+00:00","235","6bd05ea5-44eb-46de-a7f2-cd540b4ca715"
"55f20a41-f379-4e04-9bf3-f9a56304452d","2025-09-23T00:00:00+00:00","a1827b36-e7eb-40ff-a912-3038ed39c058","1","384","蝦皮","","已入庫","2026-04-21T16:29:17.840875+00:00","384","6bd05ea5-44eb-46de-a7f2-cd540b4ca715"
"8bb320a6-51f4-42b2-b31f-41a2763e8f35","2025-09-23T00:00:00+00:00","259e737e-228c-4da0-998c-deba449cc0e4","1","845","蝦皮","","已入庫","2026-04-21T16:29:17.840875+00:00","845","6bd05ea5-44eb-46de-a7f2-cd540b4ca715"
"aa76cce7-f0c5-431e-9922-ff641fe81283","2025-09-23T00:00:00+00:00","c1c0a9d6-9eb0-4c1e-bd42-95c1a90e0af9","1","563","蝦皮","","已入庫","2026-04-21T16:29:17.840875+00:00","563","6bd05ea5-44eb-46de-a7f2-cd540b4ca715"
"86fed86d-e1c0-4680-839d-f387b3bca95b","2025-09-23T00:00:00+00:00","ec22c4d3-700e-4b48-b8b2-5fb448e5c713","1","341","蝦皮","","已入庫","2026-04-21T16:29:17.840875+00:00","341","6bd05ea5-44eb-46de-a7f2-cd540b4ca715"
"230654b9-c597-46a6-8fd5-1400930d1a74","2025-09-24T00:00:00+00:00","4580ae23-9c31-4547-b940-2c6bc1ef8a77","1","192","蝦皮","","已入庫","2026-04-21T16:29:17.840875+00:00","192","6bd05ea5-44eb-46de-a7f2-cd540b4ca715"
"c448ef97-1c9b-4cbf-8eb5-30d914347086","2025-09-24T00:00:00+00:00","1047bac0-fec4-43f0-8205-00f485f3b3f6","1","192","蝦皮","","已入庫","2026-04-21T16:29:17.840875+00:00","192","6bd05ea5-44eb-46de-a7f2-cd540b4ca715"
"a18d3b84-6306-45fb-8d8e-460f3c48dbc0","2025-09-24T00:00:00+00:00","baae2e81-583f-4416-934a-25a731f85f5d","1","257","蝦皮","","已入庫","2026-04-21T16:29:17.840875+00:00","257","6bd05ea5-44eb-46de-a7f2-cd540b4ca715"
"5a081159-7922-4501-b2b6-70a58aa3302a","2025-09-24T00:00:00+00:00","4580ae23-9c31-4547-b940-2c6bc1ef8a77","1","192","蝦皮","","已入庫","2026-04-21T16:29:17.840875+00:00","192","6bd05ea5-44eb-46de-a7f2-cd540b4ca715"
"5cf7f095-35c4-4e0e-b04f-aa95f8e41d48","2025-09-24T00:00:00+00:00","663d9ec7-b548-4c6c-9c73-150008d5b512","1","150","蝦皮","","已入庫","2026-04-21T16:29:17.840875+00:00","150","6bd05ea5-44eb-46de-a7f2-cd540b4ca715"
"000cf864-ce0e-46b5-bd1a-6a06fcbeb2ce","2025-09-24T00:00:00+00:00","4580ae23-9c31-4547-b940-2c6bc1ef8a77","1","192","蝦皮","","已入庫","2026-04-21T16:29:17.840875+00:00","192","6bd05ea5-44eb-46de-a7f2-cd540b4ca715"
"9b6629e3-79dc-4e20-9811-d34015c70c22","2025-09-24T00:00:00+00:00","663d9ec7-b548-4c6c-9c73-150008d5b512","1","167","蝦皮","","已入庫","2026-04-21T16:29:17.840875+00:00","167","6bd05ea5-44eb-46de-a7f2-cd540b4ca715"
"efdb92ce-e539-4af9-8d3b-69ec787528db","2025-09-24T00:00:00+00:00","4580ae23-9c31-4547-b940-2c6bc1ef8a77","1","200","蝦皮","","已入庫","2026-04-21T16:29:17.840875+00:00","200","6bd05ea5-44eb-46de-a7f2-cd540b4ca715"
"ddcdc48e-a03f-4ac4-8f29-37071e48db18","2025-09-24T00:00:00+00:00","663d9ec7-b548-4c6c-9c73-150008d5b512","1","185","蝦皮","","已入庫","2026-04-21T16:29:17.840875+00:00","185","6bd05ea5-44eb-46de-a7f2-cd540b4ca715"
"5846ce5a-fc9b-41b2-9e2f-211cf187783e","2025-09-25T00:00:00+00:00","4580ae23-9c31-4547-b940-2c6bc1ef8a77","1","182","蝦皮","","已入庫","2026-04-21T16:29:17.840875+00:00","182","6bd05ea5-44eb-46de-a7f2-cd540b4ca715"
"6c1bdb0e-7fd9-46c3-b1cf-17a6c388291f","2025-09-25T00:00:00+00:00","1047bac0-fec4-43f0-8205-00f485f3b3f6","1","182","蝦皮","","已入庫","2026-04-21T16:29:17.840875+00:00","182","6bd05ea5-44eb-46de-a7f2-cd540b4ca715"
"1eb5c089-e749-4100-8551-85eb20c7a227","2025-09-25T00:00:00+00:00","4580ae23-9c31-4547-b940-2c6bc1ef8a77","1","182","蝦皮","","已入庫","2026-04-21T16:29:17.840875+00:00","182","6bd05ea5-44eb-46de-a7f2-cd540b4ca715"
"b25e3717-658a-494b-85c2-e1c506305c50","2025-09-25T00:00:00+00:00","663d9ec7-b548-4c6c-9c73-150008d5b512","1","161","蝦皮","","已入庫","2026-04-21T16:29:17.840875+00:00","161","6bd05ea5-44eb-46de-a7f2-cd540b4ca715"
"a9331a36-0f91-4442-9b10-e12e88da74ab","2025-09-26T00:00:00+00:00","4580ae23-9c31-4547-b940-2c6bc1ef8a77","1","192","蝦皮","","已入庫","2026-04-21T16:29:17.840875+00:00","192","6bd05ea5-44eb-46de-a7f2-cd540b4ca715"
"d244fb8f-4cff-480b-b426-f8888d2635b2","2025-09-26T00:00:00+00:00","663d9ec7-b548-4c6c-9c73-150008d5b512","1","156","蝦皮","","已入庫","2026-04-21T16:29:17.840875+00:00","156","6bd05ea5-44eb-46de-a7f2-cd540b4ca715"
"4b5900af-6107-4057-9b4b-823d89e8e16c","2025-09-26T00:00:00+00:00","ec22c4d3-700e-4b48-b8b2-5fb448e5c713","1","322","蝦皮","","已入庫","2026-04-21T16:29:17.840875+00:00","322","6bd05ea5-44eb-46de-a7f2-cd540b4ca715"
"2eedebc9-93df-46c2-a256-f196d183f09d","2025-09-26T00:00:00+00:00","ec22c4d3-700e-4b48-b8b2-5fb448e5c713","1","322","蝦皮","","已入庫","2026-04-21T16:29:17.840875+00:00","322","6bd05ea5-44eb-46de-a7f2-cd540b4ca715"
"9660cf2f-589b-4ad0-9806-1c6d450362b8","2025-09-26T00:00:00+00:00","ec22c4d3-700e-4b48-b8b2-5fb448e5c713","1","344","蝦皮","","已入庫","2026-04-21T16:29:17.840875+00:00","344","6bd05ea5-44eb-46de-a7f2-cd540b4ca715"
"212fdca1-97d6-47e7-aeb4-e85016ba10dd","2025-09-26T00:00:00+00:00","ec22c4d3-700e-4b48-b8b2-5fb448e5c713","1","344","蝦皮","","已入庫","2026-04-21T16:29:17.840875+00:00","344","6bd05ea5-44eb-46de-a7f2-cd540b4ca715"
"91cd63e4-ca3a-4713-b6cc-1632ce6bea40","2025-09-26T00:00:00+00:00","ec22c4d3-700e-4b48-b8b2-5fb448e5c713","1","365","蝦皮","","已入庫","2026-04-21T16:29:17.840875+00:00","365","6bd05ea5-44eb-46de-a7f2-cd540b4ca715"
"143dc3e3-ca40-4916-8f8f-40dd9096a54b","2025-09-26T00:00:00+00:00","ec22c4d3-700e-4b48-b8b2-5fb448e5c713","1","352","蝦皮","","已入庫","2026-04-21T16:29:17.840875+00:00","352","6bd05ea5-44eb-46de-a7f2-cd540b4ca715"
"c84fd887-ccbe-4c91-b757-902e9fc2b949","2025-09-26T00:00:00+00:00","ec22c4d3-700e-4b48-b8b2-5fb448e5c713","1","367","蝦皮","","已入庫","2026-04-21T16:29:17.840875+00:00","367","6bd05ea5-44eb-46de-a7f2-cd540b4ca715"
"11800f81-fd94-4f25-860b-e3741948651b","2025-09-26T00:00:00+00:00","4580ae23-9c31-4547-b940-2c6bc1ef8a77","1","192","蝦皮","","已入庫","2026-04-21T16:29:17.840875+00:00","192","6bd05ea5-44eb-46de-a7f2-cd540b4ca715"
"e11e0f04-b37d-4f83-8a77-59e3250febd7","2025-09-26T00:00:00+00:00","663d9ec7-b548-4c6c-9c73-150008d5b512","1","108","蝦皮","","已入庫","2026-04-21T16:29:17.840875+00:00","108","6bd05ea5-44eb-46de-a7f2-cd540b4ca715"
"5f270dc8-4d73-4be7-8e02-52567a61d46d","2025-09-28T00:00:00+00:00","b452eb6d-32f7-40fc-b60d-97b1ae53b09d","1","936","蝦皮","","已入庫","2026-04-21T16:29:17.840875+00:00","936","6bd05ea5-44eb-46de-a7f2-cd540b4ca715"
"1374365a-a3f6-4a97-bebd-306cdf2cc797","2025-09-29T00:00:00+00:00","ec22c4d3-700e-4b48-b8b2-5fb448e5c713","1","352","蝦皮","","已入庫","2026-04-21T16:29:17.840875+00:00","352","6bd05ea5-44eb-46de-a7f2-cd540b4ca715"
"dc608e0a-27da-4cce-b887-bc3a5be42211","2025-09-29T00:00:00+00:00","ec22c4d3-700e-4b48-b8b2-5fb448e5c713","1","343","蝦皮","","已入庫","2026-04-21T16:29:17.840875+00:00","343","6bd05ea5-44eb-46de-a7f2-cd540b4ca715"
"e9bf5f5b-99ca-4956-95ed-bf3389a00a74","2025-09-29T00:00:00+00:00","ec22c4d3-700e-4b48-b8b2-5fb448e5c713","1","343","蝦皮","","已入庫","2026-04-21T16:29:17.840875+00:00","343","6bd05ea5-44eb-46de-a7f2-cd540b4ca715"
"77876f42-e113-4feb-887e-19c9b9417f55","2025-09-29T00:00:00+00:00","b745b7a5-1951-4240-b576-3f45208ab795","1","429","蝦皮","","已入庫","2026-04-21T16:29:17.840875+00:00","429","6bd05ea5-44eb-46de-a7f2-cd540b4ca715"
"ac9e5c58-ddcd-4b26-ac6d-fb0c5fd3e435","2025-09-30T00:00:00+00:00","13a5ef17-86ea-4659-96d4-0d4b67389437","3","1380","蝦皮","","已入庫","2026-04-21T16:29:17.840875+00:00","4140","6bd05ea5-44eb-46de-a7f2-cd540b4ca715"
"0c47f21e-9fa0-4f2b-83e7-27c2f732fe34","2025-10-01T00:00:00+00:00","ec22c4d3-700e-4b48-b8b2-5fb448e5c713","1","279","蝦皮","","已入庫","2026-04-21T16:34:45.610839+00:00","279","6bd05ea5-44eb-46de-a7f2-cd540b4ca715"
"da6b5972-0caa-4a92-8c48-a22fdc36f8ed","2025-10-02T00:00:00+00:00","ec22c4d3-700e-4b48-b8b2-5fb448e5c713","1","343","蝦皮","","已入庫","2026-04-21T16:34:45.610839+00:00","343","6bd05ea5-44eb-46de-a7f2-cd540b4ca715"
"93492af5-316c-4c1b-ac0c-91a8824095d9","2025-10-02T00:00:00+00:00","ec22c4d3-700e-4b48-b8b2-5fb448e5c713","1","352","蝦皮","","已入庫","2026-04-21T16:34:45.610839+00:00","352","6bd05ea5-44eb-46de-a7f2-cd540b4ca715"
"8baff890-dd26-4f73-87e1-60017558b512","2025-10-02T00:00:00+00:00","ec22c4d3-700e-4b48-b8b2-5fb448e5c713","1","365","蝦皮","","已入庫","2026-04-21T16:34:45.610839+00:00","365","6bd05ea5-44eb-46de-a7f2-cd540b4ca715"
"ba253da3-4d06-448f-a765-e4293c40bd8c","2025-10-03T00:00:00+00:00","b452eb6d-32f7-40fc-b60d-97b1ae53b09d","1","823","蝦皮","","已入庫","2026-04-21T16:34:45.610839+00:00","823","6bd05ea5-44eb-46de-a7f2-cd540b4ca715"
"0a7ad96e-526b-4d1f-b6bb-2dfb36bb3ce0","2025-10-03T00:00:00+00:00","3b0bfad1-adc2-43de-a1df-b0bc481abd5f","1","695","蝦皮","","已入庫","2026-04-21T16:34:45.610839+00:00","695","6bd05ea5-44eb-46de-a7f2-cd540b4ca715"
"2aed6436-0882-4d23-b0ff-d2e4ba5616be","2025-10-04T00:00:00+00:00","ec22c4d3-700e-4b48-b8b2-5fb448e5c713","1","364","蝦皮","","已入庫","2026-04-21T16:34:45.610839+00:00","364","6bd05ea5-44eb-46de-a7f2-cd540b4ca715"
"ef1d12f9-1c0b-4660-95b8-2a60a4d67513","2025-10-04T00:00:00+00:00","ec22c4d3-700e-4b48-b8b2-5fb448e5c713","1","343","蝦皮","","已入庫","2026-04-21T16:34:45.610839+00:00","343","6bd05ea5-44eb-46de-a7f2-cd540b4ca715"
"49eee292-92db-4bf9-b169-c70bc8e78a4d","2025-10-04T00:00:00+00:00","ec22c4d3-700e-4b48-b8b2-5fb448e5c713","1","343","蝦皮","","已入庫","2026-04-21T16:34:45.610839+00:00","343","6bd05ea5-44eb-46de-a7f2-cd540b4ca715"
"c11e9cb4-3369-4e76-a91e-e9911181765e","2025-10-04T00:00:00+00:00","ec22c4d3-700e-4b48-b8b2-5fb448e5c713","1","343","蝦皮","","已入庫","2026-04-21T16:34:45.610839+00:00","343","6bd05ea5-44eb-46de-a7f2-cd540b4ca715"
"33515395-11aa-4f7b-88e5-01c21d361f0a","2025-10-05T00:00:00+00:00","13a5ef17-86ea-4659-96d4-0d4b67389437","1","1429","蝦皮","","已入庫","2026-04-21T16:34:45.610839+00:00","1429","6bd05ea5-44eb-46de-a7f2-cd540b4ca715"
"8a4f6770-bbd8-43b7-a7ff-4212d12097e9","2025-10-05T00:00:00+00:00","ec22c4d3-700e-4b48-b8b2-5fb448e5c713","1","343","蝦皮","","已入庫","2026-04-21T16:34:45.610839+00:00","343","6bd05ea5-44eb-46de-a7f2-cd540b4ca715"
"2236b451-fc23-4cd6-87b9-4dd480bd0bcd","2025-10-05T00:00:00+00:00","ec22c4d3-700e-4b48-b8b2-5fb448e5c713","1","360","蝦皮","","已入庫","2026-04-21T16:34:45.610839+00:00","360","6bd05ea5-44eb-46de-a7f2-cd540b4ca715"
"a7f3550e-e8dc-4870-941e-d516b627aa81","2025-10-05T00:00:00+00:00","ec22c4d3-700e-4b48-b8b2-5fb448e5c713","1","338","蝦皮","","已入庫","2026-04-21T16:34:45.610839+00:00","338","6bd05ea5-44eb-46de-a7f2-cd540b4ca715"
"df633eb8-8626-4a29-aa30-c7d366e83158","2025-10-05T00:00:00+00:00","3b0bfad1-adc2-43de-a1df-b0bc481abd5f","1","505","蝦皮","","已入庫","2026-04-21T16:34:45.610839+00:00","505","6bd05ea5-44eb-46de-a7f2-cd540b4ca715"
"ab92570a-1500-4ff7-aa3b-2594c2b03def","2025-10-06T00:00:00+00:00","ec22c4d3-700e-4b48-b8b2-5fb448e5c713","1","364","蝦皮","","已入庫","2026-04-21T16:34:45.610839+00:00","364","6bd05ea5-44eb-46de-a7f2-cd540b4ca715"
"7ff7368d-c22f-4d0b-92b1-b7573c53ce87","2025-10-06T00:00:00+00:00","ec22c4d3-700e-4b48-b8b2-5fb448e5c713","1","364","蝦皮","","已入庫","2026-04-21T16:34:45.610839+00:00","364","6bd05ea5-44eb-46de-a7f2-cd540b4ca715"
"08adb288-b498-4082-aa0f-bedb98dc3323","2025-10-06T00:00:00+00:00","ec22c4d3-700e-4b48-b8b2-5fb448e5c713","1","343","蝦皮","","已入庫","2026-04-21T16:34:45.610839+00:00","343","6bd05ea5-44eb-46de-a7f2-cd540b4ca715"
"8e37fcd4-86ba-4747-aa8a-04597cf82e90","2025-10-06T00:00:00+00:00","ec22c4d3-700e-4b48-b8b2-5fb448e5c713","1","343","蝦皮","","已入庫","2026-04-21T16:34:45.610839+00:00","343","6bd05ea5-44eb-46de-a7f2-cd540b4ca715"
"4f3cf31b-9803-4c23-ba2b-774fb576a068","2025-10-06T00:00:00+00:00","ec22c4d3-700e-4b48-b8b2-5fb448e5c713","1","343","蝦皮","","已入庫","2026-04-21T16:34:45.610839+00:00","343","6bd05ea5-44eb-46de-a7f2-cd540b4ca715"
"4676eb90-3ef4-4b54-8160-b6b6feeed48b","2025-10-09T00:00:00+00:00","3b0bfad1-adc2-43de-a1df-b0bc481abd5f","1","611","蝦皮","","已入庫","2026-04-21T16:34:45.610839+00:00","611","6bd05ea5-44eb-46de-a7f2-cd540b4ca715"
"89e177d4-1605-45ee-82a0-a1781acca1e2","2025-10-09T00:00:00+00:00","3c5abc2e-97ab-426f-8d4c-a155553252bc","1","690","蝦皮","","已入庫","2026-04-21T16:34:45.610839+00:00","690","6bd05ea5-44eb-46de-a7f2-cd540b4ca715"
"2143381b-f2bc-4889-8e3c-aca0f8a8b884","2025-10-09T00:00:00+00:00","b452eb6d-32f7-40fc-b60d-97b1ae53b09d","1","786","蝦皮","","已入庫","2026-04-21T16:34:45.610839+00:00","786","6bd05ea5-44eb-46de-a7f2-cd540b4ca715"
"ea50d46c-0f3c-4daa-8c9e-a06f9bf05e0d","2025-10-09T00:00:00+00:00","13a5ef17-86ea-4659-96d4-0d4b67389437","1","1222","蝦皮","","已入庫","2026-04-21T16:34:45.610839+00:00","1222","6bd05ea5-44eb-46de-a7f2-cd540b4ca715"
"a066a5db-359f-46a0-827e-819c08c88f19","2025-10-09T00:00:00+00:00","39749fa7-2bb1-4c7a-abe5-1c35b0a3bb5b","1","786","蝦皮","","已入庫","2026-04-21T16:34:45.610839+00:00","786","6bd05ea5-44eb-46de-a7f2-cd540b4ca715"
"ec6652c1-8a7c-413b-92d9-4fb896fd94a1","2025-10-09T00:00:00+00:00","4580ae23-9c31-4547-b940-2c6bc1ef8a77","12","188","蝦皮","","已入庫","2026-04-21T16:34:45.610839+00:00","2256","6bd05ea5-44eb-46de-a7f2-cd540b4ca715"
"2a838593-708e-4730-8d1b-da5fbd1b7c50","2025-10-09T00:00:00+00:00","663d9ec7-b548-4c6c-9c73-150008d5b512","2","116","蝦皮","","已入庫","2026-04-21T16:34:45.610839+00:00","232","6bd05ea5-44eb-46de-a7f2-cd540b4ca715"
"f9c98fd4-7ed0-4ae0-b572-824eddcabb6f","2025-10-09T00:00:00+00:00","2d80a4e2-7063-4002-bb90-12bd16746c3a","5","118.2","蝦皮","","已入庫","2026-04-21T16:34:45.610839+00:00","591","6bd05ea5-44eb-46de-a7f2-cd540b4ca715"
"6f0d01e1-946a-46db-a552-3360599c3dd8","2025-10-10T00:00:00+00:00","4580ae23-9c31-4547-b940-2c6bc1ef8a77","1","172.5","蝦皮","","已入庫","2026-04-21T16:34:45.610839+00:00","172.5","6bd05ea5-44eb-46de-a7f2-cd540b4ca715"
"a248ade4-f805-447e-ae77-d55a402facc3","2025-10-10T00:00:00+00:00","4580ae23-9c31-4547-b940-2c6bc1ef8a77","1","168","蝦皮","","已入庫","2026-04-21T16:34:45.610839+00:00","168","6bd05ea5-44eb-46de-a7f2-cd540b4ca715"
"4b1c3c8a-0a90-4786-82d5-5b9ba7e40b4d","2025-10-10T00:00:00+00:00","663d9ec7-b548-4c6c-9c73-150008d5b512","1","168","蝦皮","","已入庫","2026-04-21T16:34:45.610839+00:00","168","6bd05ea5-44eb-46de-a7f2-cd540b4ca715"
"9fb17fbc-ad25-4497-82d0-ad15930fa1bc","2025-10-10T00:00:00+00:00","1047bac0-fec4-43f0-8205-00f485f3b3f6","1","168","蝦皮","","已入庫","2026-04-21T16:34:45.610839+00:00","168","6bd05ea5-44eb-46de-a7f2-cd540b4ca715"
"1a40c302-2773-41bb-8e33-039684b38ea3","2025-10-10T00:00:00+00:00","2d80a4e2-7063-4002-bb90-12bd16746c3a","1","168","蝦皮","","已入庫","2026-04-21T16:34:45.610839+00:00","168","6bd05ea5-44eb-46de-a7f2-cd540b4ca715"
"9444bb13-cb24-4ce6-b604-7f676bfdd646","2025-10-10T00:00:00+00:00","1047bac0-fec4-43f0-8205-00f485f3b3f6","1","172.5","蝦皮","","已入庫","2026-04-21T16:34:45.610839+00:00","172.5","6bd05ea5-44eb-46de-a7f2-cd540b4ca715"
"340cfac6-91ee-4040-b760-785db3c2e517","2025-10-10T00:00:00+00:00","4580ae23-9c31-4547-b940-2c6bc1ef8a77","1","150.5","蝦皮","","已入庫","2026-04-21T16:34:45.610839+00:00","150.5","6bd05ea5-44eb-46de-a7f2-cd540b4ca715"
"1a91565e-8c4d-4d4a-92b7-0fd12cfda6d0","2025-10-10T00:00:00+00:00","663d9ec7-b548-4c6c-9c73-150008d5b512","1","150.5","蝦皮","","已入庫","2026-04-21T16:34:45.610839+00:00","150.5","6bd05ea5-44eb-46de-a7f2-cd540b4ca715"
"fa766015-f6a2-4124-84af-0e1013ef607d","2025-10-10T00:00:00+00:00","ec22c4d3-700e-4b48-b8b2-5fb448e5c713","1","345","蝦皮","","已入庫","2026-04-21T16:34:45.610839+00:00","345","6bd05ea5-44eb-46de-a7f2-cd540b4ca715"
"5ed81c82-a4ea-44bf-a7f8-0900a5682823","2025-10-10T00:00:00+00:00","13a5ef17-86ea-4659-96d4-0d4b67389437","1","1419","蝦皮","","已入庫","2026-04-21T16:34:45.610839+00:00","1419","6bd05ea5-44eb-46de-a7f2-cd540b4ca715"
"d7ffe3fa-cefd-49c5-a248-e149c856d317","2025-10-11T00:00:00+00:00","b452eb6d-32f7-40fc-b60d-97b1ae53b09d","1","933","蝦皮","","已入庫","2026-04-21T16:34:45.610839+00:00","933","6bd05ea5-44eb-46de-a7f2-cd540b4ca715"
"8f41f008-1563-4bc9-9cd8-bf2263d13382","2025-10-11T00:00:00+00:00","a1827b36-e7eb-40ff-a912-3038ed39c058","1","656","蝦皮","","已入庫","2026-04-21T16:34:45.610839+00:00","656","6bd05ea5-44eb-46de-a7f2-cd540b4ca715"
"f06264c6-7a75-4d31-85dc-b2c727f70bd1","2025-10-11T00:00:00+00:00","a1827b36-e7eb-40ff-a912-3038ed39c058","1","647","蝦皮","","已入庫","2026-04-21T16:34:45.610839+00:00","647","6bd05ea5-44eb-46de-a7f2-cd540b4ca715"
"78f6f3a3-e24d-41c6-b02e-4032096b67eb","2025-10-11T00:00:00+00:00","a1827b36-e7eb-40ff-a912-3038ed39c058","1","518","蝦皮","","已入庫","2026-04-21T16:34:45.610839+00:00","518","6bd05ea5-44eb-46de-a7f2-cd540b4ca715"
"69d5ba47-4988-439f-9d5c-2997c8d8056f","2025-10-11T00:00:00+00:00","a1827b36-e7eb-40ff-a912-3038ed39c058","1","561","蝦皮","","已入庫","2026-04-21T16:34:45.610839+00:00","561","6bd05ea5-44eb-46de-a7f2-cd540b4ca715"
"490d8f79-891f-47cc-87a6-4cde718bbb89","2025-10-11T00:00:00+00:00","4580ae23-9c31-4547-b940-2c6bc1ef8a77","1","212","蝦皮","","已入庫","2026-04-21T16:34:45.610839+00:00","212","6bd05ea5-44eb-46de-a7f2-cd540b4ca715"
"fac490b4-9b94-41eb-8828-044e296be3b1","2025-10-11T00:00:00+00:00","1047bac0-fec4-43f0-8205-00f485f3b3f6","1","212","蝦皮","","已入庫","2026-04-21T16:34:45.610839+00:00","212","6bd05ea5-44eb-46de-a7f2-cd540b4ca715"
"5e2f00b7-0e8f-4c22-a74b-3457eda1018d","2025-10-11T00:00:00+00:00","ec22c4d3-700e-4b48-b8b2-5fb448e5c713","1","345","蝦皮","","已入庫","2026-04-21T16:34:45.610839+00:00","345","6bd05ea5-44eb-46de-a7f2-cd540b4ca715"
"07ac3a7b-63e3-4346-8766-88c18d7fe57c","2025-10-11T00:00:00+00:00","ec22c4d3-700e-4b48-b8b2-5fb448e5c713","1","367","蝦皮","","已入庫","2026-04-21T16:34:45.610839+00:00","367","6bd05ea5-44eb-46de-a7f2-cd540b4ca715"
"4251e17b-9b7c-490f-b4e1-b634864c6d12","2025-10-11T00:00:00+00:00","ec22c4d3-700e-4b48-b8b2-5fb448e5c713","1","388","蝦皮","","已入庫","2026-04-21T16:34:45.610839+00:00","388","6bd05ea5-44eb-46de-a7f2-cd540b4ca715"
"88011d8a-bdb3-415c-ab61-69990e88780a","2025-10-11T00:00:00+00:00","ec22c4d3-700e-4b48-b8b2-5fb448e5c713","1","341","蝦皮","","已入庫","2026-04-21T16:34:45.610839+00:00","341","6bd05ea5-44eb-46de-a7f2-cd540b4ca715"
"b088ea56-ebb0-4017-8d09-2200544a7ce1","2025-10-11T00:00:00+00:00","4580ae23-9c31-4547-b940-2c6bc1ef8a77","1","186","蝦皮","","已入庫","2026-04-21T16:34:45.610839+00:00","186","6bd05ea5-44eb-46de-a7f2-cd540b4ca715"
"1d27bd32-ccb8-484f-9448-a7b8396f2340","2025-10-11T00:00:00+00:00","663d9ec7-b548-4c6c-9c73-150008d5b512","1","168","蝦皮","","已入庫","2026-04-21T16:34:45.610839+00:00","168","6bd05ea5-44eb-46de-a7f2-cd540b4ca715"
"ffc54a0a-0598-4b4e-bafb-2a32e2e64d67","2025-10-11T00:00:00+00:00","ad43333d-5d21-4c8a-9e83-3895561bc46c","1","484","蝦皮","","已入庫","2026-04-21T16:34:45.610839+00:00","484","6bd05ea5-44eb-46de-a7f2-cd540b4ca715"
"0d63a121-6902-46b0-8f4c-48b1d86c6f63","2025-10-11T00:00:00+00:00","a1827b36-e7eb-40ff-a912-3038ed39c058","1","647","蝦皮","","已入庫","2026-04-21T16:34:45.610839+00:00","647","6bd05ea5-44eb-46de-a7f2-cd540b4ca715"
"8ccaf9c2-cadc-4431-a2ef-498802595659","2025-10-11T00:00:00+00:00","663d9ec7-b548-4c6c-9c73-150008d5b512","2","131","蝦皮","","已入庫","2026-04-21T16:34:45.610839+00:00","262","6bd05ea5-44eb-46de-a7f2-cd540b4ca715"
"dbbe692b-47e7-4a07-8be6-d55e7795a615","2025-10-11T00:00:00+00:00","a1827b36-e7eb-40ff-a912-3038ed39c058","1","557","蝦皮","","已入庫","2026-04-21T16:34:45.610839+00:00","557","6bd05ea5-44eb-46de-a7f2-cd540b4ca715"
"72a0b4fb-1867-4954-a34e-08e1150ee2bc","2025-10-11T00:00:00+00:00","b745b7a5-1951-4240-b576-3f45208ab795","1","484","蝦皮","","已入庫","2026-04-21T16:34:45.610839+00:00","484","6bd05ea5-44eb-46de-a7f2-cd540b4ca715"
"aac5cf8c-c359-4363-a151-4f86df8ae7fc","2025-10-11T00:00:00+00:00","663d9ec7-b548-4c6c-9c73-150008d5b512","1","131","蝦皮","","已入庫","2026-04-21T16:34:45.610839+00:00","131","6bd05ea5-44eb-46de-a7f2-cd540b4ca715"
"133ed2e3-0020-4e1e-be6a-6b83a94c5fe1","2025-10-11T00:00:00+00:00","a1827b36-e7eb-40ff-a912-3038ed39c058","1","516","蝦皮","","已入庫","2026-04-21T16:34:45.610839+00:00","516","6bd05ea5-44eb-46de-a7f2-cd540b4ca715"
"8fdf073e-24eb-4be7-9cfe-4a1b582aa640","2025-10-11T00:00:00+00:00","a1827b36-e7eb-40ff-a912-3038ed39c058","1","461","蝦皮","","已入庫","2026-04-21T16:34:45.610839+00:00","461","6bd05ea5-44eb-46de-a7f2-cd540b4ca715"
"8abd7b75-2d75-4981-a3d8-599561547b16","2025-10-11T00:00:00+00:00","ec22c4d3-700e-4b48-b8b2-5fb448e5c713","1","345","蝦皮","","已入庫","2026-04-21T16:34:45.610839+00:00","345","6bd05ea5-44eb-46de-a7f2-cd540b4ca715"
"ba85aa21-5c49-49dd-8c31-d8a171e0a710","2025-10-11T00:00:00+00:00","ec22c4d3-700e-4b48-b8b2-5fb448e5c713","1","380","蝦皮","","已入庫","2026-04-21T16:34:45.610839+00:00","380","6bd05ea5-44eb-46de-a7f2-cd540b4ca715"
"6ccba168-d6ce-453e-aa78-50c841eb6545","2025-10-11T00:00:00+00:00","ec22c4d3-700e-4b48-b8b2-5fb448e5c713","1","345","蝦皮","","已入庫","2026-04-21T16:34:45.610839+00:00","345","6bd05ea5-44eb-46de-a7f2-cd540b4ca715"
"b13a3a66-8e1a-47b6-8b06-db02853bc22b","2025-10-12T00:00:00+00:00","4580ae23-9c31-4547-b940-2c6bc1ef8a77","1","231","蝦皮","","已入庫","2026-04-21T16:34:45.610839+00:00","231","6bd05ea5-44eb-46de-a7f2-cd540b4ca715"
"6f326dae-c109-4537-96fe-fdf343cdfb1c","2025-10-12T00:00:00+00:00","a1827b36-e7eb-40ff-a912-3038ed39c058","1","431","蝦皮","","已入庫","2026-04-21T16:34:45.610839+00:00","431","6bd05ea5-44eb-46de-a7f2-cd540b4ca715"
"afca9bb4-730e-40f5-90ab-46412981ed5c","2025-10-12T00:00:00+00:00","1047bac0-fec4-43f0-8205-00f485f3b3f6","1","171","蝦皮","","已入庫","2026-04-21T16:34:45.610839+00:00","171","6bd05ea5-44eb-46de-a7f2-cd540b4ca715"
"7326ea85-f8d7-470b-840e-755d0f03ae93","2025-10-12T00:00:00+00:00","4580ae23-9c31-4547-b940-2c6bc1ef8a77","1","194","蝦皮","","已入庫","2026-04-21T16:34:45.610839+00:00","194","6bd05ea5-44eb-46de-a7f2-cd540b4ca715"
"9f1c511e-5f29-4a94-843f-4c46e5e3dd63","2025-10-12T00:00:00+00:00","a1827b36-e7eb-40ff-a912-3038ed39c058","1","625","蝦皮","","已入庫","2026-04-21T16:34:45.610839+00:00","625","6bd05ea5-44eb-46de-a7f2-cd540b4ca715"
"76f036c9-a033-4189-b00e-a247f24fcec8","2025-10-12T00:00:00+00:00","ec22c4d3-700e-4b48-b8b2-5fb448e5c713","1","345","蝦皮","","已入庫","2026-04-21T16:34:45.610839+00:00","345","6bd05ea5-44eb-46de-a7f2-cd540b4ca715"
"735ad98e-0889-4a60-944a-6422ddad41a6","2025-10-12T00:00:00+00:00","a1827b36-e7eb-40ff-a912-3038ed39c058","1","625","蝦皮","","已入庫","2026-04-21T16:34:45.610839+00:00","625","6bd05ea5-44eb-46de-a7f2-cd540b4ca715"
"964d9983-ee48-4475-b828-c6a2e2baa6f2","2025-10-12T00:00:00+00:00","ec22c4d3-700e-4b48-b8b2-5fb448e5c713","1","367","蝦皮","","已入庫","2026-04-21T16:34:45.610839+00:00","367","6bd05ea5-44eb-46de-a7f2-cd540b4ca715"
"084ec485-63ce-42b5-a887-9e276c78d5d5","2025-10-12T00:00:00+00:00","3b0bfad1-adc2-43de-a1df-b0bc481abd5f","1","689","蝦皮","","已入庫","2026-04-21T16:34:45.610839+00:00","689","6bd05ea5-44eb-46de-a7f2-cd540b4ca715"
"43c977ab-6666-4172-8fa5-59909de3bf2f","2025-10-12T00:00:00+00:00","3b0bfad1-adc2-43de-a1df-b0bc481abd5f","1","647","蝦皮","","已入庫","2026-04-21T16:34:45.610839+00:00","647","6bd05ea5-44eb-46de-a7f2-cd540b4ca715"
"974b62e1-6161-4322-bd23-206f7ee6655d","2025-10-12T00:00:00+00:00","a1827b36-e7eb-40ff-a912-3038ed39c058","1","561","蝦皮","","已入庫","2026-04-21T16:34:45.610839+00:00","561","6bd05ea5-44eb-46de-a7f2-cd540b4ca715"
"ce2ff364-db9e-4543-b50d-649e5b34838d","2025-10-12T00:00:00+00:00","a1827b36-e7eb-40ff-a912-3038ed39c058","1","556","蝦皮","","已入庫","2026-04-21T16:34:45.610839+00:00","556","6bd05ea5-44eb-46de-a7f2-cd540b4ca715"
"d327ba06-b797-4bc6-ab47-a36c1f08ad21","2025-10-12T00:00:00+00:00","a1827b36-e7eb-40ff-a912-3038ed39c058","1","595","蝦皮","","已入庫","2026-04-21T16:34:45.610839+00:00","595","6bd05ea5-44eb-46de-a7f2-cd540b4ca715"
"96e1efa4-ed44-42b7-b131-f21cf64e9956","2025-10-13T00:00:00+00:00","4580ae23-9c31-4547-b940-2c6bc1ef8a77","1","216","蝦皮","","已入庫","2026-04-21T16:34:45.610839+00:00","216","6bd05ea5-44eb-46de-a7f2-cd540b4ca715"
"7a2f728d-2aba-4ca9-8f9e-452fae6fb4c2","2025-10-13T00:00:00+00:00","c1c0a9d6-9eb0-4c1e-bd42-95c1a90e0af9","1","690","蝦皮","","已入庫","2026-04-21T16:34:45.610839+00:00","690","6bd05ea5-44eb-46de-a7f2-cd540b4ca715"
"5f12a853-be1e-4539-a042-9c865134fbc8","2025-10-14T00:00:00+00:00","13a5ef17-86ea-4659-96d4-0d4b67389437","1","1380","蝦皮","","已入庫","2026-04-21T16:34:45.610839+00:00","1380","6bd05ea5-44eb-46de-a7f2-cd540b4ca715"
"676f1ae7-d339-492e-993d-db2c7f79fcf0","2025-10-14T00:00:00+00:00","ec22c4d3-700e-4b48-b8b2-5fb448e5c713","1","311","蝦皮","","已入庫","2026-04-21T16:34:45.610839+00:00","311","6bd05ea5-44eb-46de-a7f2-cd540b4ca715"
"22118ed3-2cd7-4e49-b0e2-1fb6fb23f360","2025-10-14T00:00:00+00:00","4580ae23-9c31-4547-b940-2c6bc1ef8a77","1","190","蝦皮","","已入庫","2026-04-21T16:34:45.610839+00:00","190","6bd05ea5-44eb-46de-a7f2-cd540b4ca715"
"891d2e20-7c45-4f82-98e9-f7aedb3bbf61","2025-10-14T00:00:00+00:00","1047bac0-fec4-43f0-8205-00f485f3b3f6","1","180","蝦皮","","已入庫","2026-04-21T16:34:45.610839+00:00","180","6bd05ea5-44eb-46de-a7f2-cd540b4ca715"
"71ee8d5e-5269-4252-99af-6d1e008d1935","2025-10-14T00:00:00+00:00","baae2e81-583f-4416-934a-25a731f85f5d","1","278","蝦皮","","已入庫","2026-04-21T16:34:45.610839+00:00","278","6bd05ea5-44eb-46de-a7f2-cd540b4ca715"
"143ff3b9-9362-4b76-8a32-e6b869784b27","2025-10-14T00:00:00+00:00","4b2020d3-7362-4b41-8efd-3c3584311d95","1","80","蝦皮","","已入庫","2026-04-21T16:34:45.610839+00:00","80","6bd05ea5-44eb-46de-a7f2-cd540b4ca715"
"2b9fa8a3-cfd6-4111-be6d-36e90b44dbe5","2025-10-14T00:00:00+00:00","4580ae23-9c31-4547-b940-2c6bc1ef8a77","1","205","蝦皮","","已入庫","2026-04-21T16:34:45.610839+00:00","205","6bd05ea5-44eb-46de-a7f2-cd540b4ca715"
"3b9030ad-7045-4a1a-a3f4-8f2cc338e8fc","2025-10-14T00:00:00+00:00","1047bac0-fec4-43f0-8205-00f485f3b3f6","1","205","蝦皮","","已入庫","2026-04-21T16:34:45.610839+00:00","205","6bd05ea5-44eb-46de-a7f2-cd540b4ca715"
"7d246c5d-7c4b-4de8-9f36-08f4b3147b3d","2025-10-14T00:00:00+00:00","a1827b36-e7eb-40ff-a912-3038ed39c058","1","544","蝦皮","","已入庫","2026-04-21T16:34:45.610839+00:00","544","6bd05ea5-44eb-46de-a7f2-cd540b4ca715"
"8eb8ceaf-4953-4c69-bf0b-25746639bb24","2025-10-14T00:00:00+00:00","2d80a4e2-7063-4002-bb90-12bd16746c3a","3","101.67","蝦皮","","已入庫","2026-04-21T16:34:45.610839+00:00","305","6bd05ea5-44eb-46de-a7f2-cd540b4ca715"
"a4e39117-6738-45d9-bf78-6eace87177c9","2025-10-14T00:00:00+00:00","476b6f8e-14d4-4c71-99b2-9145028d625a","40","14.98","蝦皮","","已入庫","2026-04-21T16:34:45.610839+00:00","599","6bd05ea5-44eb-46de-a7f2-cd540b4ca715"
"8622bc34-0bb9-44b6-830d-95ababb5703d","2025-10-14T00:00:00+00:00","551cfb11-ba72-4876-ad1a-38540875fea0","30","13.17","蝦皮","","已入庫","2026-04-21T16:34:45.610839+00:00","395","6bd05ea5-44eb-46de-a7f2-cd540b4ca715"
"0b40f9ba-c36b-4a6c-b221-187f09faee04","2026-04-28T00:00:00+00:00","caa4240a-d932-4641-b05a-72ddbf2379e4","1","1851","","","待入庫","2026-04-28T15:28:45.674077+00:00","1851","6bd05ea5-44eb-46de-a7f2-cd540b4ca715"
"bbd876bc-8196-4e42-9473-c19116b6cf90","2025-10-14T00:00:00+00:00","476b6f8e-14d4-4c71-99b2-9145028d625a","20","21.6","蝦皮","","已入庫","2026-04-21T16:34:45.610839+00:00","432","6bd05ea5-44eb-46de-a7f2-cd540b4ca715"
"5c5cb7d7-ddfc-409c-ac81-c575f16d722f","2025-10-14T00:00:00+00:00","551cfb11-ba72-4876-ad1a-38540875fea0","20","21.6","蝦皮","","已入庫","2026-04-21T16:34:45.610839+00:00","432","6bd05ea5-44eb-46de-a7f2-cd540b4ca715"
"316a74bb-a2fd-43c0-8599-0405210a9afa","2025-10-14T00:00:00+00:00","baae2e81-583f-4416-934a-25a731f85f5d","1","130","蝦皮","","已入庫","2026-04-21T16:34:45.610839+00:00","130","6bd05ea5-44eb-46de-a7f2-cd540b4ca715"
"6e1c3e7f-405d-4da1-85f1-390fef080b47","2025-10-14T00:00:00+00:00","4b2020d3-7362-4b41-8efd-3c3584311d95","2","64.65","蝦皮","","已入庫","2026-04-21T16:34:45.610839+00:00","129.3","6bd05ea5-44eb-46de-a7f2-cd540b4ca715"
"1ba33ddf-692e-4da3-99cf-9506ad06eba9","2025-10-14T00:00:00+00:00","6cbc22a9-8bbf-4f20-b344-6cfb89174684","1","64.6","蝦皮","","已入庫","2026-04-21T16:34:45.610839+00:00","64.6","6bd05ea5-44eb-46de-a7f2-cd540b4ca715"
"4eddaeca-ff99-4f89-8437-2b3b65d84fb2","2025-10-14T00:00:00+00:00","4b2020d3-7362-4b41-8efd-3c3584311d95","4","91.75","蝦皮","","已入庫","2026-04-21T16:34:45.610839+00:00","367","6bd05ea5-44eb-46de-a7f2-cd540b4ca715"
"d6ddd5a6-cce9-401c-9e35-282c86f90b86","2025-10-15T00:00:00+00:00","4b2020d3-7362-4b41-8efd-3c3584311d95","1","367","蝦皮","","已入庫","2026-04-21T16:34:45.610839+00:00","367","6bd05ea5-44eb-46de-a7f2-cd540b4ca715"
"ddde4066-d825-471b-bbc8-237912dd9c86","2025-10-15T00:00:00+00:00","1047bac0-fec4-43f0-8205-00f485f3b3f6","1","181","蝦皮","","已入庫","2026-04-21T16:34:45.610839+00:00","181","6bd05ea5-44eb-46de-a7f2-cd540b4ca715"
"1cb7761f-bda4-4488-a497-b4091f831407","2025-10-15T00:00:00+00:00","4580ae23-9c31-4547-b940-2c6bc1ef8a77","1","162","蝦皮","","已入庫","2026-04-21T16:34:45.610839+00:00","162","6bd05ea5-44eb-46de-a7f2-cd540b4ca715"
"0d0ee05d-ed8d-4f3c-b169-d79965a0ec2b","2025-10-15T00:00:00+00:00","1047bac0-fec4-43f0-8205-00f485f3b3f6","1","162","蝦皮","","已入庫","2026-04-21T16:34:45.610839+00:00","162","6bd05ea5-44eb-46de-a7f2-cd540b4ca715"
"fbc5047b-1b96-4aa8-a823-a7dc9265939c","2025-10-15T00:00:00+00:00","baae2e81-583f-4416-934a-25a731f85f5d","1","234","蝦皮","","已入庫","2026-04-21T16:34:45.610839+00:00","234","6bd05ea5-44eb-46de-a7f2-cd540b4ca715"
"fb4429db-7054-4c2d-a4bb-4d64d6b035fa","2025-10-15T00:00:00+00:00","4580ae23-9c31-4547-b940-2c6bc1ef8a77","2","172","蝦皮","","已入庫","2026-04-21T16:34:45.610839+00:00","344","6bd05ea5-44eb-46de-a7f2-cd540b4ca715"
"3c6fe28b-ca9f-45fc-bd87-3b65c983c289","2025-10-15T00:00:00+00:00","1047bac0-fec4-43f0-8205-00f485f3b3f6","1","160","蝦皮","","已入庫","2026-04-21T16:34:45.610839+00:00","160","6bd05ea5-44eb-46de-a7f2-cd540b4ca715"
"7cec5073-6e71-41f1-a499-f103290d1079","2025-10-15T00:00:00+00:00","1047bac0-fec4-43f0-8205-00f485f3b3f6","1","194","蝦皮","","已入庫","2026-04-21T16:34:45.610839+00:00","194","6bd05ea5-44eb-46de-a7f2-cd540b4ca715"
"0b635eeb-8df9-4431-81b8-17dee4d795ed","2025-10-15T00:00:00+00:00","a1827b36-e7eb-40ff-a912-3038ed39c058","1","302","蝦皮","","已入庫","2026-04-21T16:34:45.610839+00:00","302","6bd05ea5-44eb-46de-a7f2-cd540b4ca715"
"8c84d06b-58b0-418c-9eef-c69b6439dad6","2025-10-15T00:00:00+00:00","3c5abc2e-97ab-426f-8d4c-a155553252bc","1","855","蝦皮","","已入庫","2026-04-21T16:34:45.610839+00:00","855","6bd05ea5-44eb-46de-a7f2-cd540b4ca715"
"63044f97-cc0d-46c7-b6f7-c64d662c1528","2025-10-15T00:00:00+00:00","4580ae23-9c31-4547-b940-2c6bc1ef8a77","13","164.38","蝦皮","","已入庫","2026-04-21T16:34:45.610839+00:00","2137","6bd05ea5-44eb-46de-a7f2-cd540b4ca715"
"a6c56e00-e790-409f-a37f-19386bcc8237","2025-10-15T00:00:00+00:00","1047bac0-fec4-43f0-8205-00f485f3b3f6","13","164.38","蝦皮","","已入庫","2026-04-21T16:34:45.610839+00:00","2137","6bd05ea5-44eb-46de-a7f2-cd540b4ca715"
"afdcaa36-1136-4db4-8b3a-bcd598b8050d","2025-10-16T00:00:00+00:00","663d9ec7-b548-4c6c-9c73-150008d5b512","32","35.95","蝦皮","","已入庫","2026-04-21T16:34:45.610839+00:00","1150.4","6bd05ea5-44eb-46de-a7f2-cd540b4ca715"
"5f81590e-5be8-4031-872e-36a2243adc30","2025-10-16T00:00:00+00:00","2d80a4e2-7063-4002-bb90-12bd16746c3a","28","35.95","蝦皮","","已入庫","2026-04-21T16:34:45.610839+00:00","1006.6","6bd05ea5-44eb-46de-a7f2-cd540b4ca715"
"013277fb-5efe-49b0-9fe1-00e43922cd0a","2025-10-16T00:00:00+00:00","3b0bfad1-adc2-43de-a1df-b0bc481abd5f","1","669","蝦皮","","已入庫","2026-04-21T16:34:45.610839+00:00","669","6bd05ea5-44eb-46de-a7f2-cd540b4ca715"
"40bcaa03-105c-4acd-837d-381678677eb3","2025-10-17T00:00:00+00:00","a1827b36-e7eb-40ff-a912-3038ed39c058","1","561","蝦皮","","已入庫","2026-04-21T16:34:45.610839+00:00","561","6bd05ea5-44eb-46de-a7f2-cd540b4ca715"
"77dd2d6b-a5f4-401a-86e8-30029a06c8b6","2025-10-18T00:00:00+00:00","4b2020d3-7362-4b41-8efd-3c3584311d95","3","138","蝦皮","","已入庫","2026-04-21T16:34:45.610839+00:00","414","6bd05ea5-44eb-46de-a7f2-cd540b4ca715"
"d73b95fa-63e1-46be-a8cf-45a303588b49","2025-10-18T00:00:00+00:00","6cbc22a9-8bbf-4f20-b344-6cfb89174684","1","103","蝦皮","","已入庫","2026-04-21T16:34:45.610839+00:00","103","6bd05ea5-44eb-46de-a7f2-cd540b4ca715"
"fbbba73b-da32-4b7e-806c-40b06ef87db0","2025-10-18T00:00:00+00:00","b452eb6d-32f7-40fc-b60d-97b1ae53b09d","1","864","蝦皮","","已入庫","2026-04-21T16:34:45.610839+00:00","864","6bd05ea5-44eb-46de-a7f2-cd540b4ca715"
"12a26158-42cf-420c-bd7f-4db319720a26","2025-10-19T00:00:00+00:00","ec22c4d3-700e-4b48-b8b2-5fb448e5c713","4","389","蝦皮","","已入庫","2026-04-21T16:34:45.610839+00:00","1556","6bd05ea5-44eb-46de-a7f2-cd540b4ca715"
"12f52b44-36a1-40d8-8205-f41d9a37acce","2025-10-19T00:00:00+00:00","ec22c4d3-700e-4b48-b8b2-5fb448e5c713","1","346","蝦皮","","已入庫","2026-04-21T16:34:45.610839+00:00","346","6bd05ea5-44eb-46de-a7f2-cd540b4ca715"
"7829491e-5c93-4225-8726-74303e11455e","2025-10-19T00:00:00+00:00","ec22c4d3-700e-4b48-b8b2-5fb448e5c713","1","380","蝦皮","","已入庫","2026-04-21T16:34:45.610839+00:00","380","6bd05ea5-44eb-46de-a7f2-cd540b4ca715"
"f2eab703-f9ea-4b4d-8e69-110b2b4481ad","2025-10-19T00:00:00+00:00","ec22c4d3-700e-4b48-b8b2-5fb448e5c713","1","341","蝦皮","","已入庫","2026-04-21T16:34:45.610839+00:00","341","6bd05ea5-44eb-46de-a7f2-cd540b4ca715"
"c7bfc3aa-116f-4f05-96aa-db4dd798900d","2025-10-19T00:00:00+00:00","ec22c4d3-700e-4b48-b8b2-5fb448e5c713","1","380","蝦皮","","已入庫","2026-04-21T16:34:45.610839+00:00","380","6bd05ea5-44eb-46de-a7f2-cd540b4ca715"
"4fe50fc8-41a0-48ad-86a2-b3e2e5aa3dff","2025-10-19T00:00:00+00:00","a1827b36-e7eb-40ff-a912-3038ed39c058","1","596","蝦皮","","已入庫","2026-04-21T16:34:45.610839+00:00","596","6bd05ea5-44eb-46de-a7f2-cd540b4ca715"
"dca4de4c-67c9-496c-9348-5fb3712d9aa4","2025-10-19T00:00:00+00:00","ec22c4d3-700e-4b48-b8b2-5fb448e5c713","1","367","蝦皮","","已入庫","2026-04-21T16:34:45.610839+00:00","367","6bd05ea5-44eb-46de-a7f2-cd540b4ca715"
"a3ab10be-f66a-48bb-b733-18a2512d1ccf","2025-10-20T00:00:00+00:00","3b0bfad1-adc2-43de-a1df-b0bc481abd5f","1","648","蝦皮","","已入庫","2026-04-21T16:34:45.610839+00:00","648","6bd05ea5-44eb-46de-a7f2-cd540b4ca715"
"4ea9308b-55bf-4888-90bc-d7a7b7ee6546","2025-10-20T00:00:00+00:00","a1827b36-e7eb-40ff-a912-3038ed39c058","1","613","蝦皮","","已入庫","2026-04-21T16:34:45.610839+00:00","613","6bd05ea5-44eb-46de-a7f2-cd540b4ca715"
"04690d10-fdf4-4cae-9617-82761881550c","2025-10-20T00:00:00+00:00","ad43333d-5d21-4c8a-9e83-3895561bc46c","1","436","蝦皮","","已入庫","2026-04-21T16:34:45.610839+00:00","436","6bd05ea5-44eb-46de-a7f2-cd540b4ca715"
"d1649a44-6d10-4b9c-8f4f-50b31113c5b4","2025-10-21T00:00:00+00:00","a1827b36-e7eb-40ff-a912-3038ed39c058","1","508","蝦皮","","已入庫","2026-04-21T16:34:45.610839+00:00","508","6bd05ea5-44eb-46de-a7f2-cd540b4ca715"
"43c774a9-533c-4db8-bfe5-85648d29461b","2025-10-21T00:00:00+00:00","b452eb6d-32f7-40fc-b60d-97b1ae53b09d","1","861","蝦皮","","已入庫","2026-04-21T16:34:45.610839+00:00","861","6bd05ea5-44eb-46de-a7f2-cd540b4ca715"
"99071b78-9b16-4e3c-a18b-af99b226a40d","2025-10-21T00:00:00+00:00","a1827b36-e7eb-40ff-a912-3038ed39c058","1","563","蝦皮","","已入庫","2026-04-21T16:34:45.610839+00:00","563","6bd05ea5-44eb-46de-a7f2-cd540b4ca715"
"5bc4bdb3-bcc3-4e97-b20d-19412dbeea40","2025-10-21T00:00:00+00:00","a1827b36-e7eb-40ff-a912-3038ed39c058","1","568","蝦皮","","已入庫","2026-04-21T16:34:45.610839+00:00","568","6bd05ea5-44eb-46de-a7f2-cd540b4ca715"
"c9b011fe-b730-4d23-8754-54a48ee98f79","2025-10-22T00:00:00+00:00","3c5abc2e-97ab-426f-8d4c-a155553252bc","1","696","蝦皮","","已入庫","2026-04-21T16:34:45.610839+00:00","696","6bd05ea5-44eb-46de-a7f2-cd540b4ca715"
"6133a4fb-77bc-47f0-9fe6-77773e4edaf5","2025-10-22T00:00:00+00:00","ec22c4d3-700e-4b48-b8b2-5fb448e5c713","2","389.5","蝦皮","","已入庫","2026-04-21T16:34:45.610839+00:00","779","6bd05ea5-44eb-46de-a7f2-cd540b4ca715"
"14e4b902-3b3e-4129-a8fe-99fbd7e03509","2025-10-22T00:00:00+00:00","a1827b36-e7eb-40ff-a912-3038ed39c058","1","480","蝦皮","","已入庫","2026-04-21T16:34:45.610839+00:00","480","6bd05ea5-44eb-46de-a7f2-cd540b4ca715"
"01b4d424-c53d-4986-a103-763d7a96799e","2025-10-23T00:00:00+00:00","3a0a3cc8-3890-458a-a8b7-d3cc9b03c498","3","282.67","蝦皮","","已入庫","2026-04-21T16:34:45.610839+00:00","848","6bd05ea5-44eb-46de-a7f2-cd540b4ca715"
"84d9f6ca-9940-4fc6-84d7-1f9d5f4b8761","2025-10-24T00:00:00+00:00","3c5abc2e-97ab-426f-8d4c-a155553252bc","1","737","蝦皮","","已入庫","2026-04-21T16:34:45.610839+00:00","737","6bd05ea5-44eb-46de-a7f2-cd540b4ca715"
"01ba18f2-8ed2-42fd-ae8e-634647fe0534","2025-10-24T00:00:00+00:00","ec22c4d3-700e-4b48-b8b2-5fb448e5c713","1","347","蝦皮","","已入庫","2026-04-21T16:34:45.610839+00:00","347","6bd05ea5-44eb-46de-a7f2-cd540b4ca715"
"a950922c-a6de-48e6-bba7-8a98e84edfb5","2025-10-24T00:00:00+00:00","a1827b36-e7eb-40ff-a912-3038ed39c058","1","611","蝦皮","","已入庫","2026-04-21T16:34:45.610839+00:00","611","6bd05ea5-44eb-46de-a7f2-cd540b4ca715"
"1f00e762-096e-4aba-8bf9-514de710ab70","2025-10-28T00:00:00+00:00","3b0bfad1-adc2-43de-a1df-b0bc481abd5f","1","702.5","蝦皮","","已入庫","2026-04-21T16:34:45.610839+00:00","702.5","6bd05ea5-44eb-46de-a7f2-cd540b4ca715"
"b8682f61-8bc5-4ddd-ac3b-107c9eecd829","2025-10-28T00:00:00+00:00","3c5abc2e-97ab-426f-8d4c-a155553252bc","1","702.5","蝦皮","","已入庫","2026-04-21T16:34:45.610839+00:00","702.5","6bd05ea5-44eb-46de-a7f2-cd540b4ca715"
"4f401817-1d07-48b9-8a99-e90a0ce47c57","2025-10-28T00:00:00+00:00","86f1293c-6bd7-45e5-b6a6-ec8a286c1c43","2","486","蝦皮","","已入庫","2026-04-21T16:34:45.610839+00:00","972","6bd05ea5-44eb-46de-a7f2-cd540b4ca715"
"28cb6c5c-5cb3-4ff5-9f61-e535d315bd3c","2025-10-28T00:00:00+00:00","b745b7a5-1951-4240-b576-3f45208ab795","1","459","蝦皮","","已入庫","2026-04-21T16:34:45.610839+00:00","459","6bd05ea5-44eb-46de-a7f2-cd540b4ca715"
"3ca1b663-881c-4523-b7da-a1f8308c78cf","2025-10-28T00:00:00+00:00","ca109ed6-b78e-4566-abaf-8a5c914e57da","1","848","蝦皮","","已入庫","2026-04-21T16:34:45.610839+00:00","848","6bd05ea5-44eb-46de-a7f2-cd540b4ca715"
"3cb9a0bd-9129-481d-b509-382d999f38dc","2025-10-28T00:00:00+00:00","b452eb6d-32f7-40fc-b60d-97b1ae53b09d","1","866","蝦皮","","已入庫","2026-04-21T16:34:45.610839+00:00","866","6bd05ea5-44eb-46de-a7f2-cd540b4ca715"
"98ac4b20-3815-4052-876b-d0d5e7de96d6","2025-10-28T00:00:00+00:00","1fe5369d-09d6-4df8-9384-e1ae0432bc2d","1","520","蝦皮","","已入庫","2026-04-21T16:34:45.610839+00:00","520","6bd05ea5-44eb-46de-a7f2-cd540b4ca715"
"8380a114-3358-4694-9452-003dbd3ba86c","2025-10-28T00:00:00+00:00","b745b7a5-1951-4240-b576-3f45208ab795","1","476","蝦皮","","已入庫","2026-04-21T16:34:45.610839+00:00","476","6bd05ea5-44eb-46de-a7f2-cd540b4ca715"
"fcd8af4d-3c49-4d02-abf0-3aa43291c3e6","2025-10-28T00:00:00+00:00","ad43333d-5d21-4c8a-9e83-3895561bc46c","2","433","蝦皮","","已入庫","2026-04-21T16:34:45.610839+00:00","866","6bd05ea5-44eb-46de-a7f2-cd540b4ca715"
"3b473a53-8d9c-45a1-8c66-ee4e497eb68f","2025-10-29T00:00:00+00:00","a1827b36-e7eb-40ff-a912-3038ed39c058","1","570","蝦皮","","已入庫","2026-04-21T16:34:45.610839+00:00","570","6bd05ea5-44eb-46de-a7f2-cd540b4ca715"
"16325d33-ec69-45b0-aaa7-298fa3546273","2025-11-06T00:00:00+00:00","13a5ef17-86ea-4659-96d4-0d4b67389437","1","1456","蝦皮","","已入庫","2026-04-21T16:44:10.748917+00:00","1456","6bd05ea5-44eb-46de-a7f2-cd540b4ca715"
"30909b8d-6d46-4e9f-bc88-169b66def73c","2025-11-06T00:00:00+00:00","ec22c4d3-700e-4b48-b8b2-5fb448e5c713","1","370","蝦皮","","已入庫","2026-04-21T16:44:10.748917+00:00","370","6bd05ea5-44eb-46de-a7f2-cd540b4ca715"
"bafec5c9-4cfc-42ce-8fde-93f7dfec4e20","2025-11-06T00:00:00+00:00","c8b7df13-e94b-431d-a251-c29f2cf845ba","5","175.2","蝦皮","","已入庫","2026-04-21T16:44:10.748917+00:00","876","6bd05ea5-44eb-46de-a7f2-cd540b4ca715"
"4f6c2161-628b-4968-bf37-e61b8e44e311","2025-11-06T00:00:00+00:00","a24c6b57-5c26-4bb8-b408-3cecac3e0af2","4","235.25","蝦皮","","已入庫","2026-04-21T16:44:10.748917+00:00","941","6bd05ea5-44eb-46de-a7f2-cd540b4ca715"
"b432e623-0c02-419f-96ae-2bf200c977a1","2025-11-07T00:00:00+00:00","b745b7a5-1951-4240-b576-3f45208ab795","1","388","蝦皮","","已入庫","2026-04-21T16:44:10.748917+00:00","388","6bd05ea5-44eb-46de-a7f2-cd540b4ca715"
"faf54dc3-1d3e-4bf0-b05a-0fb33ed84dbc","2025-11-07T00:00:00+00:00","a030d31a-823d-4380-874b-a807ce5be91b","2","413.5","蝦皮","","已入庫","2026-04-21T16:44:10.748917+00:00","827","6bd05ea5-44eb-46de-a7f2-cd540b4ca715"
"e19bbf55-d4db-490f-9976-31d7883ff14f","2025-11-08T00:00:00+00:00","ec22c4d3-700e-4b48-b8b2-5fb448e5c713","2","371.5","蝦皮","","已入庫","2026-04-21T16:44:10.748917+00:00","743","6bd05ea5-44eb-46de-a7f2-cd540b4ca715"
"19466258-eb72-4022-b2fc-fc132ffc4f6d","2025-11-08T00:00:00+00:00","ca109ed6-b78e-4566-abaf-8a5c914e57da","1","810","蝦皮","","已入庫","2026-04-21T16:44:10.748917+00:00","810","6bd05ea5-44eb-46de-a7f2-cd540b4ca715"
"1a578492-ea55-40a3-8d55-d8cf72149c14","2025-11-08T00:00:00+00:00","ad43333d-5d21-4c8a-9e83-3895561bc46c","2","414","蝦皮","","已入庫","2026-04-21T16:44:10.748917+00:00","828","6bd05ea5-44eb-46de-a7f2-cd540b4ca715"
"e8ee0e0b-c054-48a4-8fcd-b7e276b0b86f","2025-11-08T00:00:00+00:00","b452eb6d-32f7-40fc-b60d-97b1ae53b09d","1","870","蝦皮","","已入庫","2026-04-21T16:44:10.748917+00:00","870","6bd05ea5-44eb-46de-a7f2-cd540b4ca715"
"f4794eb0-b483-4658-be4a-4894f2fafe86","2025-11-08T00:00:00+00:00","3c5abc2e-97ab-426f-8d4c-a155553252bc","1","870","蝦皮","","已入庫","2026-04-21T16:44:10.748917+00:00","870","6bd05ea5-44eb-46de-a7f2-cd540b4ca715"
"59b6bbc4-0e18-48ba-ac44-ba77ae0a822c","2025-11-08T00:00:00+00:00","3c5abc2e-97ab-426f-8d4c-a155553252bc","1","699","蝦皮","","已入庫","2026-04-21T16:44:10.748917+00:00","699","6bd05ea5-44eb-46de-a7f2-cd540b4ca715"
"defd1d7a-d2c0-4414-9ff4-5de28d52cecd","2025-11-08T00:00:00+00:00","3b0bfad1-adc2-43de-a1df-b0bc481abd5f","1","655","蝦皮","","已入庫","2026-04-21T16:44:10.748917+00:00","655","6bd05ea5-44eb-46de-a7f2-cd540b4ca715"
"912a9c25-cda3-4d72-9e31-180cb761878f","2025-11-08T00:00:00+00:00","3b0bfad1-adc2-43de-a1df-b0bc481abd5f","1","655","蝦皮","","已入庫","2026-04-21T16:44:10.748917+00:00","655","6bd05ea5-44eb-46de-a7f2-cd540b4ca715"
"64eafb3d-0a55-4514-bcee-b3174b4b8cda","2025-11-08T00:00:00+00:00","13a5ef17-86ea-4659-96d4-0d4b67389437","1","1574","蝦皮","","已入庫","2026-04-21T16:44:10.748917+00:00","1574","6bd05ea5-44eb-46de-a7f2-cd540b4ca715"
"f5eae023-afcd-4e88-b756-6eef406440c6","2025-11-08T00:00:00+00:00","b452eb6d-32f7-40fc-b60d-97b1ae53b09d","1","852","蝦皮","","已入庫","2026-04-21T16:44:10.748917+00:00","852","6bd05ea5-44eb-46de-a7f2-cd540b4ca715"
"fd8d4a0e-8587-4fbd-8ee7-565bfef4b617","2025-11-09T00:00:00+00:00","3c5abc2e-97ab-426f-8d4c-a155553252bc","1","787","蝦皮","","已入庫","2026-04-21T16:44:10.748917+00:00","787","6bd05ea5-44eb-46de-a7f2-cd540b4ca715"
"510cc1cf-790b-4bf0-945a-8ae882a2f7e9","2025-11-09T00:00:00+00:00","3c5abc2e-97ab-426f-8d4c-a155553252bc","1","712","蝦皮","","已入庫","2026-04-21T16:44:10.748917+00:00","712","6bd05ea5-44eb-46de-a7f2-cd540b4ca715"
"b795bbf7-2040-465b-a4f2-779bd8735323","2025-11-09T00:00:00+00:00","b452eb6d-32f7-40fc-b60d-97b1ae53b09d","1","852","蝦皮","","已入庫","2026-04-21T16:44:10.748917+00:00","852","6bd05ea5-44eb-46de-a7f2-cd540b4ca715"
"e355dceb-6160-46f5-8be0-192fb71640c4","2025-11-09T00:00:00+00:00","a24c6b57-5c26-4bb8-b408-3cecac3e0af2","6","206.17","蝦皮","","已入庫","2026-04-21T16:44:10.748917+00:00","1237","6bd05ea5-44eb-46de-a7f2-cd540b4ca715"
"3de06a51-2cb0-42d4-966a-1efc312a1e00","2025-11-10T00:00:00+00:00","4580ae23-9c31-4547-b940-2c6bc1ef8a77","2","212","蝦皮","","已入庫","2026-04-21T16:44:10.748917+00:00","424","6bd05ea5-44eb-46de-a7f2-cd540b4ca715"
"a0ddb5f9-5856-4113-9182-f2dfad0f3c8a","2025-11-10T00:00:00+00:00","663d9ec7-b548-4c6c-9c73-150008d5b512","2","50","蝦皮","","已入庫","2026-04-21T16:44:10.748917+00:00","100","6bd05ea5-44eb-46de-a7f2-cd540b4ca715"
"abc22304-b3ae-4f29-890f-c42a8c90139c","2025-11-10T00:00:00+00:00","4580ae23-9c31-4547-b940-2c6bc1ef8a77","1","218","蝦皮","","已入庫","2026-04-21T16:44:10.748917+00:00","218","6bd05ea5-44eb-46de-a7f2-cd540b4ca715"
"52e2000c-4738-42e3-8c15-03fa9a2ef292","2025-11-10T00:00:00+00:00","4580ae23-9c31-4547-b940-2c6bc1ef8a77","1","218","蝦皮","","已入庫","2026-04-21T16:44:10.748917+00:00","218","6bd05ea5-44eb-46de-a7f2-cd540b4ca715"
"a55db8f3-38da-4947-94f7-8a6036b888d6","2025-11-10T00:00:00+00:00","a1827b36-e7eb-40ff-a912-3038ed39c058","1","590","蝦皮","","已入庫","2026-04-21T16:44:10.748917+00:00","590","6bd05ea5-44eb-46de-a7f2-cd540b4ca715"
"c33a567a-b868-4fb2-9a01-b97173c6204d","2025-11-10T00:00:00+00:00","a1827b36-e7eb-40ff-a912-3038ed39c058","1","620","蝦皮","","已入庫","2026-04-21T16:44:10.748917+00:00","620","6bd05ea5-44eb-46de-a7f2-cd540b4ca715"
"bd027cbb-d1fc-48e9-ba35-5bb185b869e0","2025-11-10T00:00:00+00:00","4580ae23-9c31-4547-b940-2c6bc1ef8a77","3","200","蝦皮","","已入庫","2026-04-21T16:44:10.748917+00:00","600","6bd05ea5-44eb-46de-a7f2-cd540b4ca715"
"e2664445-549b-45a0-aca2-b620f249730c","2025-11-10T00:00:00+00:00","663d9ec7-b548-4c6c-9c73-150008d5b512","3","149.67","蝦皮","","已入庫","2026-04-21T16:44:10.748917+00:00","449","6bd05ea5-44eb-46de-a7f2-cd540b4ca715"
"6de713ea-0ebe-444e-ba2b-8caee1457894","2025-11-10T00:00:00+00:00","c1c0a9d6-9eb0-4c1e-bd42-95c1a90e0af9","1","782","蝦皮","","已入庫","2026-04-21T16:44:10.748917+00:00","782","6bd05ea5-44eb-46de-a7f2-cd540b4ca715"
"ef1268c0-5130-425d-8b75-bb9507c631e4","2025-11-10T00:00:00+00:00","3a0a3cc8-3890-458a-a8b7-d3cc9b03c498","7","243","蝦皮","","已入庫","2026-04-21T16:44:10.748917+00:00","1701","6bd05ea5-44eb-46de-a7f2-cd540b4ca715"
"cd839eaf-aaf1-4b5a-8040-328dd7480988","2025-11-10T00:00:00+00:00","3a0a3cc8-3890-458a-a8b7-d3cc9b03c498","8","247.13","蝦皮","","已入庫","2026-04-21T16:44:10.748917+00:00","1977","6bd05ea5-44eb-46de-a7f2-cd540b4ca715"
"a0822941-7101-49d2-8f69-adde1c6e24eb","2025-11-11T00:00:00+00:00","b452eb6d-32f7-40fc-b60d-97b1ae53b09d","1","984","蝦皮","","已入庫","2026-04-21T16:44:10.748917+00:00","984","6bd05ea5-44eb-46de-a7f2-cd540b4ca715"
"8a3a6bb4-67f0-4fee-b1e2-5d4e0268efca","2025-11-11T00:00:00+00:00","ec22c4d3-700e-4b48-b8b2-5fb448e5c713","3","364","蝦皮","","已入庫","2026-04-21T16:44:10.748917+00:00","1092","6bd05ea5-44eb-46de-a7f2-cd540b4ca715"
"3ef8a4a1-6663-4a4b-8572-b462a630c74a","2025-11-11T00:00:00+00:00","86f1293c-6bd7-45e5-b6a6-ec8a286c1c43","1","477","蝦皮","","已入庫","2026-04-21T16:44:10.748917+00:00","477","6bd05ea5-44eb-46de-a7f2-cd540b4ca715"
"df2c4188-7de0-459d-8ea1-7740ef9503de","2025-11-11T00:00:00+00:00","ec22c4d3-700e-4b48-b8b2-5fb448e5c713","3","338.67","蝦皮","","已入庫","2026-04-21T16:44:10.748917+00:00","1016","6bd05ea5-44eb-46de-a7f2-cd540b4ca715"
"c661e12c-0b52-45b8-a67e-d57cefaa68a2","2025-11-12T00:00:00+00:00","4580ae23-9c31-4547-b940-2c6bc1ef8a77","1","170","蝦皮","","已入庫","2026-04-21T16:44:10.748917+00:00","170","6bd05ea5-44eb-46de-a7f2-cd540b4ca715"
"6dca827e-3d2f-4203-9bb0-b2236ba5af95","2025-11-12T00:00:00+00:00","4580ae23-9c31-4547-b940-2c6bc1ef8a77","1","200","蝦皮","","已入庫","2026-04-21T16:44:10.748917+00:00","200","6bd05ea5-44eb-46de-a7f2-cd540b4ca715"
"b66cbfad-196f-407f-a993-2ad4126c6350","2025-11-12T00:00:00+00:00","663d9ec7-b548-4c6c-9c73-150008d5b512","1","172","蝦皮","","已入庫","2026-04-21T16:44:10.748917+00:00","172","6bd05ea5-44eb-46de-a7f2-cd540b4ca715"
"98749d25-2c78-4cf8-a4d1-616d3dc5844d","2025-11-12T00:00:00+00:00","4580ae23-9c31-4547-b940-2c6bc1ef8a77","1","200","蝦皮","","已入庫","2026-04-21T16:44:10.748917+00:00","200","6bd05ea5-44eb-46de-a7f2-cd540b4ca715"
"dc216e0f-e997-4dd0-910a-0819f5404b5c","2025-11-12T00:00:00+00:00","663d9ec7-b548-4c6c-9c73-150008d5b512","1","172","蝦皮","","已入庫","2026-04-21T16:44:10.748917+00:00","172","6bd05ea5-44eb-46de-a7f2-cd540b4ca715"
"f239e106-d337-48a4-8a95-489ae67791d4","2025-11-12T00:00:00+00:00","4580ae23-9c31-4547-b940-2c6bc1ef8a77","1","219","蝦皮","","已入庫","2026-04-21T16:44:10.748917+00:00","219","6bd05ea5-44eb-46de-a7f2-cd540b4ca715"
"51895eca-0645-4ea0-a742-68c4f0634714","2025-11-12T00:00:00+00:00","4580ae23-9c31-4547-b940-2c6bc1ef8a77","1","220","蝦皮","","已入庫","2026-04-21T16:44:10.748917+00:00","220","6bd05ea5-44eb-46de-a7f2-cd540b4ca715"
"06795e37-017e-460d-8db4-27e166d76ab5","2025-11-12T00:00:00+00:00","663d9ec7-b548-4c6c-9c73-150008d5b512","1","125","蝦皮","","已入庫","2026-04-21T16:44:10.748917+00:00","125","6bd05ea5-44eb-46de-a7f2-cd540b4ca715"
"41fa83cb-283e-41fb-be77-e08f413144b1","2025-11-12T00:00:00+00:00","b745b7a5-1951-4240-b576-3f45208ab795","1","415","蝦皮","","已入庫","2026-04-21T16:44:10.748917+00:00","415","6bd05ea5-44eb-46de-a7f2-cd540b4ca715"
"c162e573-15bd-45da-9f1d-9c0eecf0a810","2025-11-12T00:00:00+00:00","b745b7a5-1951-4240-b576-3f45208ab795","1","415","蝦皮","","已入庫","2026-04-21T16:44:10.748917+00:00","415","6bd05ea5-44eb-46de-a7f2-cd540b4ca715"
"ae570870-f051-4a2e-89a0-8dec4d94d624","2025-11-13T00:00:00+00:00","13a5ef17-86ea-4659-96d4-0d4b67389437","1","1477","蝦皮","","已入庫","2026-04-21T16:44:10.748917+00:00","1477","6bd05ea5-44eb-46de-a7f2-cd540b4ca715"
"e2027123-4733-4dd4-a653-6233ef9d9d66","2025-11-13T00:00:00+00:00","ec22c4d3-700e-4b48-b8b2-5fb448e5c713","2","329","蝦皮","","已入庫","2026-04-21T16:44:10.748917+00:00","658","6bd05ea5-44eb-46de-a7f2-cd540b4ca715"
"6eb85dc6-7959-4ee9-bb13-f30a50536e32","2025-11-13T00:00:00+00:00","a030d31a-823d-4380-874b-a807ce5be91b","2","416.5","蝦皮","","已入庫","2026-04-21T16:44:10.748917+00:00","833","6bd05ea5-44eb-46de-a7f2-cd540b4ca715"
"60d1462f-8cbc-41a5-967c-3073256cf5e2","2025-11-13T00:00:00+00:00","e416f56e-65b1-4272-898e-de17bbef5e4c","1","208","蝦皮","","已入庫","2026-04-21T16:44:10.748917+00:00","208","6bd05ea5-44eb-46de-a7f2-cd540b4ca715"
"09e864b2-3d65-4476-9d45-5628b7ba697f","2025-11-14T00:00:00+00:00","24039aa7-a987-410b-9cd2-fd74f299fd85","2","363","蝦皮","","已入庫","2026-04-21T16:44:10.748917+00:00","726","6bd05ea5-44eb-46de-a7f2-cd540b4ca715"
"9cc5bef9-82ea-4508-aa29-ebdd5b3f77b2","2025-11-14T00:00:00+00:00","86f1293c-6bd7-45e5-b6a6-ec8a286c1c43","1","480","蝦皮","","已入庫","2026-04-21T16:44:10.748917+00:00","480","6bd05ea5-44eb-46de-a7f2-cd540b4ca715"
"186daf77-c08e-4dbf-b02a-fb3e16075429","2025-11-14T00:00:00+00:00","c8b7df13-e94b-431d-a251-c29f2cf845ba","12","169.33","蝦皮","","已入庫","2026-04-21T16:44:10.748917+00:00","2032","6bd05ea5-44eb-46de-a7f2-cd540b4ca715"