id,銷貨日期,訂單編號,商品ID,數量,銷售金額,平台,備註,訂單狀態,建立時間,毛利,當前單位成本,user_id,手續費
"e56e7736-b94f-4bac-b75e-9e6a9c90e123","2026-04-11T00:00:00+00:00","20260411021","3fdbf8de-0d66-4443-8b67-e4595bb19951","1","2890","蝦皮"," (平台手續費: 291)","已出貨","2026-05-01T15:19:33.617828+00:00","779.5","1819.5","6bd05ea5-44eb-46de-a7f2-cd540b4ca715","291"
"598c10b0-6c1e-47a6-b1f6-f016d346f47b","2026-05-16T00:00:00+00:00","20260516001","00d452f9-a0b8-417f-a358-23091ba36053","1","290","賣貨便","","已出貨","2026-05-17T07:13:20.944471+00:00","140","150","6bd05ea5-44eb-46de-a7f2-cd540b4ca715","0"
"0a0031d9-800b-4f73-ba62-fb5b776dca81","2026-05-16T00:00:00+00:00","20260516002","d2d6037f-61f4-453e-a441-794dff80cd51","1","330","賣貨便","","已出貨","2026-05-17T07:13:20.944471+00:00","203.7","126.3","6bd05ea5-44eb-46de-a7f2-cd540b4ca715","0"
"4942e21e-8dea-4152-b7d4-b9caff45c701","2026-04-07T00:00:00+00:00","20260407004","5caa41f6-5c34-4c85-a435-7ef99413fde7","1","500",""," (平台手續費: 45.22)","已出貨","2026-04-27T16:40:27.491254+00:00","198.78","256","6bd05ea5-44eb-46de-a7f2-cd540b4ca715","45.22"
"4ca6818c-e156-4b59-8a61-232e9717b3bc","2026-04-07T00:00:00+00:00","20260407005","e31e1bdc-6fc8-4a6f-955f-1a149d692117","2","900","蝦皮"," (平台手續費: 81.4)","已出貨","2026-04-27T16:40:27.491254+00:00","449.1","184.75","6bd05ea5-44eb-46de-a7f2-cd540b4ca715","81.4"
"43e00ad0-5514-4168-876f-f4c6a929026d","2026-05-19T00:00:00+00:00","20260519004","e793066e-97dc-4948-830f-f4dfd1e3d767","1","290","蝦皮"," (平台手續費: 40.96)","已出貨","2026-05-20T14:52:19.877014+00:00","234.04","15","6bd05ea5-44eb-46de-a7f2-cd540b4ca715","40.96"
"f48eb6f3-faf7-4478-aa50-2bfa5f091e6d","2026-05-19T00:00:00+00:00","20260519005","6f1a5fa4-a8bb-47c3-b4c1-b913e18f1beb","1","300","蝦皮"," (平台手續費: 42.37)","已出貨","2026-05-20T14:52:19.877014+00:00","199.63","58","6bd05ea5-44eb-46de-a7f2-cd540b4ca715","42.37"
"de4e4f4b-8454-4287-bce7-c4ee265ebe0c","2026-05-19T00:00:00+00:00","20260519006","502cdf6c-8f57-4b0f-b74f-dafbbf658b92","1","380","蝦皮"," (平台手續費: 53.67)","已出貨","2026-05-20T14:52:19.877014+00:00","270.33","56","6bd05ea5-44eb-46de-a7f2-cd540b4ca715","53.67"
"05fb60c5-0724-47b2-b951-dfced2eebeaa","2026-05-10T00:00:00+00:00","20260510009","3fdbf8de-0d66-4443-8b67-e4595bb19951","1","2990","蝦皮"," (平台手續費: 300)","已出貨","2026-05-15T15:27:53.7039+00:00","779","1911","6bd05ea5-44eb-46de-a7f2-cd540b4ca715","300"
"deebacc7-a16e-4cf2-8440-8b96296d37c7","2026-04-20T00:00:00+00:00","20260420003","551cfb11-ba72-4876-ad1a-38540875fea0","3","150","蝦皮","","未出貨","2026-04-23T14:47:50.229109+00:00","106.8","14.4","6bd05ea5-44eb-46de-a7f2-cd540b4ca715",""
"652ea54e-ae1f-4db6-89f7-e9de2c69a480","2026-04-25T00:00:00+00:00","20260425002","b745b7a5-1951-4240-b576-3f45208ab795","1","900","賣貨便","","已出貨","2026-04-25T14:12:49.836999+00:00","500","400","6bd05ea5-44eb-46de-a7f2-cd540b4ca715",""
"9bf8ceee-36fc-44b7-ba0d-d3e834696640","2025-08-27T00:00:00+00:00","20250827004","3c5abc2e-97ab-426f-8d4c-a155553252bc","1","1229","蝦皮","","已完成","2026-04-23T07:25:14.828255+00:00","556","673","6bd05ea5-44eb-46de-a7f2-cd540b4ca715",""
"36804bc3-1915-40eb-9d42-1fa0e75cfc69","2026-04-05T00:00:00+00:00","20260405006","a0dafa15-4f32-496b-9872-abdabf489346","1","500","蝦皮"," (平台手續費: 52.69)","已完成","2026-04-27T16:44:17.285033+00:00","194.31","253","6bd05ea5-44eb-46de-a7f2-cd540b4ca715","52.69"
"c7539bc2-d53f-40ab-8913-3eaafa89ae72","2026-04-05T00:00:00+00:00","20260405007","f65ce37d-f24e-44f0-8854-f06b7c95ec00","1","550","蝦皮"," (平台手續費: 57.95)","已完成","2026-04-27T16:44:17.285033+00:00","239.05","253","6bd05ea5-44eb-46de-a7f2-cd540b4ca715","57.95"
"a807c253-64f8-480e-ad0f-122a29a375be","2026-05-14T00:00:00+00:00","20260514004","663d9ec7-b548-4c6c-9c73-150008d5b512","1","350","蝦皮"," (平台手續費: 43.81)","已出貨","2026-05-15T15:29:45.133159+00:00","306.19","0","6bd05ea5-44eb-46de-a7f2-cd540b4ca715","43.81"
"b5b9364a-1e08-45e5-a852-ab725fa12d93","2026-04-05T00:00:00+00:00","20260405009","d2d6037f-61f4-453e-a441-794dff80cd51","1","450","蝦皮"," (平台手續費: 47.42)","已完成","2026-04-27T16:44:17.285033+00:00","238.91","163.67","6bd05ea5-44eb-46de-a7f2-cd540b4ca715","47.42"
"59d6f823-67ea-4257-a12f-5d961e05392b","2026-04-05T00:00:00+00:00","20260405010","3e3e5d56-a723-4816-9e19-4a284d6514ac","1","500","蝦皮"," (平台手續費: 52.69)","已完成","2026-04-27T16:44:17.285033+00:00","247.31","200","6bd05ea5-44eb-46de-a7f2-cd540b4ca715","52.69"
"3f5e161c-f378-4878-a016-6fb991db10fa","2026-04-05T00:00:00+00:00","20260405008","cc399e5e-c57f-4782-88cf-d8e280b9d776","1","420","蝦皮"," (平台手續費: 44.26)","已完成","2026-04-27T16:44:17.285033+00:00","240.74","135","6bd05ea5-44eb-46de-a7f2-cd540b4ca715","44.26"
"ab19fe8f-ee0c-40e4-ab35-ca5d1be09d08","2026-05-15T00:00:00+00:00","20260515001","e31e1bdc-6fc8-4a6f-955f-1a149d692117","1","410","賣貨便","","已出貨","2026-05-17T07:14:01.39534+00:00","220.5","189.5","6bd05ea5-44eb-46de-a7f2-cd540b4ca715","0"
"5252c232-5168-43cc-b5c3-e2b34e8b10af","2026-05-14T00:00:00+00:00","20260514005","476b6f8e-14d4-4c71-99b2-9145028d625a","3","240","蝦皮"," (平台手續費: 30.04)","已出貨","2026-05-15T15:29:45.133159+00:00","209.96","0","6bd05ea5-44eb-46de-a7f2-cd540b4ca715","30.04"
"621a1c0d-ebeb-4284-b868-bab1eea431d3","2026-04-18T00:00:00+00:00","20260418005","00d452f9-a0b8-417f-a358-23091ba36053","1","260","賣貨便","","已出貨","2026-04-25T14:11:41.349657+00:00","97","163","6bd05ea5-44eb-46de-a7f2-cd540b4ca715",""
"8a22dd6c-6eeb-4191-90f2-399ee6ab4927","2025-05-16T00:00:00+00:00","20250516004","13a5ef17-86ea-4659-96d4-0d4b67389437","1","2000","蝦皮","","已完成","2026-04-22T09:29:32.88101+00:00","645","1355","6bd05ea5-44eb-46de-a7f2-cd540b4ca715",""
"824897e2-855d-4225-81d4-eb831bbc81b7","2025-05-11T00:00:00+00:00","20250511007","39749fa7-2bb1-4c7a-abe5-1c35b0a3bb5b","3","5400","蝦皮","","已完成","2026-04-22T09:29:32.88101+00:00","2822","859.33","6bd05ea5-44eb-46de-a7f2-cd540b4ca715",""
"fea2a25e-270e-41b2-8ca9-d8053b8abdf4","2025-05-16T00:00:00+00:00","20250516001","3b0bfad1-adc2-43de-a1df-b0bc481abd5f","1","1100","蝦皮","","已完成","2026-04-22T09:29:32.88101+00:00","429","671","6bd05ea5-44eb-46de-a7f2-cd540b4ca715",""
"c9d3cc46-da1c-49db-8ed1-a5ebeae6fcaf","2025-05-11T00:00:00+00:00","20250511003","3b0bfad1-adc2-43de-a1df-b0bc481abd5f","5","5500","蝦皮","","已完成","2026-04-22T09:29:32.88101+00:00","1992","701.6","6bd05ea5-44eb-46de-a7f2-cd540b4ca715",""
"f46d1c1a-65d4-4a54-9cde-b9cc441dd20c","2025-05-11T00:00:00+00:00","20250511005","3c5abc2e-97ab-426f-8d4c-a155553252bc","5","5000","蝦皮","","已完成","2026-04-22T09:29:32.88101+00:00","1656","668.8","6bd05ea5-44eb-46de-a7f2-cd540b4ca715",""
"e93541f4-185f-4ef7-9b65-dda6840732b8","2025-05-11T00:00:00+00:00","20250511008","eaa5abbf-07ef-422c-822a-bd49f4c9db9e","1","650","蝦皮","","已完成","2026-04-22T09:29:32.88101+00:00","96.5","553.5","6bd05ea5-44eb-46de-a7f2-cd540b4ca715",""
"81015441-a6e7-4a94-8dfd-d558efb77536","2026-05-15T00:00:00+00:00","20260515002","3b260f15-3255-45c4-9467-7002ec0de157","1","560","賣貨便","","已出貨","2026-05-17T07:14:53.817256+00:00","258","302","6bd05ea5-44eb-46de-a7f2-cd540b4ca715","0"
"f5027d2c-54e9-41d2-80ed-19680d33d0d4","2026-04-11T00:00:00+00:00","20260411010","00d452f9-a0b8-417f-a358-23091ba36053","1","260","蝦皮","","已完成","2026-04-23T08:03:47.758209+00:00","154","106","6bd05ea5-44eb-46de-a7f2-cd540b4ca715",""
"9350a255-bd3a-4513-a9f2-d33ee9fe3b5a","2026-05-14T00:00:00+00:00","20260514006","4580ae23-9c31-4547-b940-2c6bc1ef8a77","1","760","蝦皮"," (平台手續費: 95.14)","已出貨","2026-05-15T15:29:45.133159+00:00","612.36","52.5","6bd05ea5-44eb-46de-a7f2-cd540b4ca715","95.14"
"1682e070-7a56-4e5a-b151-fbc4efa9b4dc","2026-04-01T00:00:00+00:00","20260401002","b745b7a5-1951-4240-b576-3f45208ab795","1","900","蝦皮","","已完成","2026-04-23T08:03:47.758209+00:00","487","413","6bd05ea5-44eb-46de-a7f2-cd540b4ca715",""
"1164c2e1-464c-448a-9999-eff0f53d4421","2026-04-07T00:00:00+00:00","20260407003","caa4240a-d932-4641-b05a-72ddbf2379e4","1","3200",""," (平台手續費: 289.42)","未出貨","2026-04-27T16:40:27.491254+00:00","1002.58","1908","6bd05ea5-44eb-46de-a7f2-cd540b4ca715","289.42"
"a23def4b-5022-4ff4-9165-6d343930c0ec","2025-12-08T00:00:00+00:00","20251208007","ec22c4d3-700e-4b48-b8b2-5fb448e5c713","1","795","蝦皮","","已完成","2026-04-23T07:41:26.12012+00:00","449","346","6bd05ea5-44eb-46de-a7f2-cd540b4ca715",""
"19e23431-1e93-4504-9699-6fc2dcd902a6","2026-04-13T00:00:00+00:00","20260413002","ad7e0321-79ee-4ff6-a917-1564a6d6faa0","1","371","蝦皮","","已出貨","2026-04-23T14:49:54.83911+00:00","247","124","6bd05ea5-44eb-46de-a7f2-cd540b4ca715",""
"491466b8-31d7-4ed9-a99c-82dbd324f3eb","2026-03-28T00:00:00+00:00","20260328006","f4525808-8392-4881-8085-77ba4d5fbac5","1","1400","蝦皮","","已完成","2026-04-23T07:59:59.938636+00:00","567","833","6bd05ea5-44eb-46de-a7f2-cd540b4ca715",""
"0d1d1555-dbd8-4057-b0b2-e329cef53457","2026-04-07T00:00:00+00:00","20260407006","bebae2c8-6114-4d9b-9129-f6910d2aae1a","2","1260","蝦皮"," (平台手續費: 113.96)","已出貨","2026-04-27T16:40:27.491254+00:00","399.04","373.5","6bd05ea5-44eb-46de-a7f2-cd540b4ca715","113.96"
"63924da1-d0f8-4ef5-b67b-3f8966d2a461","2026-03-28T00:00:00+00:00","20260328005","3fdbf8de-0d66-4443-8b67-e4595bb19951","1","2550","蝦皮","","已完成","2026-04-23T07:59:59.938636+00:00","778","1772","6bd05ea5-44eb-46de-a7f2-cd540b4ca715",""
"5bb66c75-d633-49b6-8e5a-4a5c0acd3766","2026-04-11T00:00:00+00:00","20260411006","42687ef1-23ac-4ac9-8a31-fec0072b8a69","1","1450","蝦皮","","已完成","2026-04-23T08:03:47.758209+00:00","667","783","6bd05ea5-44eb-46de-a7f2-cd540b4ca715",""
"c5eba6a5-eb50-4c7d-89d9-4800463a7e49","2026-04-11T00:00:00+00:00","20260411022","42687ef1-23ac-4ac9-8a31-fec0072b8a69","1","1650","蝦皮"," (平台手續費: 194)","已出貨","2026-05-01T15:20:04.632385+00:00","678","778","6bd05ea5-44eb-46de-a7f2-cd540b4ca715","194"
"ea5577b7-ee3d-4881-b0ac-19c6d06c845b","2026-03-28T00:00:00+00:00","20260328036","00d452f9-a0b8-417f-a358-23091ba36053","1","230","蝦皮","","已完成","2026-04-23T07:59:59.938636+00:00","90","140","6bd05ea5-44eb-46de-a7f2-cd540b4ca715",""
"e90eb52a-302b-4b4f-b403-c7871e7709c1","2025-09-12T00:00:00+00:00","20250912003","ec22c4d3-700e-4b48-b8b2-5fb448e5c713","1","795","蝦皮","","已完成","2026-04-23T07:30:58.161574+00:00","452","343","6bd05ea5-44eb-46de-a7f2-cd540b4ca715",""
"cf871d0f-875f-4478-a3bd-d47b10f75c17","2026-05-12T00:00:00+00:00","20260512007","42687ef1-23ac-4ac9-8a31-fec0072b8a69","1","1750","蝦皮"," (平台手續費: 201)","已出貨","2026-05-20T14:54:05.628515+00:00","778","771","6bd05ea5-44eb-46de-a7f2-cd540b4ca715","201"
"f11293bd-eccc-498d-98a7-199f54bbf17e","2026-05-12T00:00:00+00:00","20260512006","caa4240a-d932-4641-b05a-72ddbf2379e4","1","3080","蝦皮"," (平台手續費: 308)","已出貨","2026-05-20T14:53:20.994654+00:00","1007","1765","6bd05ea5-44eb-46de-a7f2-cd540b4ca715","308"
"2cd1aa40-9e66-4101-83d3-98bdfcc94607","2025-11-11T00:00:00+00:00","20251111012","b745b7a5-1951-4240-b576-3f45208ab795","1","1068","蝦皮","","已完成","2026-04-23T07:37:48.563128+00:00","592","476","6bd05ea5-44eb-46de-a7f2-cd540b4ca715",""
"4155f58f-829b-4ff1-90f7-8e849dc68910","2025-09-28T00:00:00+00:00","20250928001","ec22c4d3-700e-4b48-b8b2-5fb448e5c713","1","795","蝦皮","","已完成","2026-04-23T07:30:58.161574+00:00","453","342","6bd05ea5-44eb-46de-a7f2-cd540b4ca715",""
"a00679ff-ba9f-4f35-b70e-103b8cf73731","2026-05-21T00:00:00+00:00","20260521005","1ad1960c-56b7-4ec7-ae65-69128f53fc30","1","0","其他","送 (贈品)","已出貨","2026-05-21T05:39:40.209114+00:00","-69","69","6bd05ea5-44eb-46de-a7f2-cd540b4ca715","0"
"3a5c8e81-329b-4c31-b4bf-0d3e7c0f9dc4","2026-05-21T00:00:00+00:00","20260521001","3d76a682-1381-4a5e-b677-dddc4fe35920","1","0","其他","送 (贈品)","已出貨","2026-05-21T05:39:40.209114+00:00","-119","119","6bd05ea5-44eb-46de-a7f2-cd540b4ca715","0"
"4520df0e-b253-4eb7-b6ce-4d946734e73a","2026-05-21T00:00:00+00:00","20260521002","43a184c3-1924-4c8e-bb18-bddda85f02bc","1","0","其他","送 (贈品)","已出貨","2026-05-21T05:39:40.209114+00:00","-119","119","6bd05ea5-44eb-46de-a7f2-cd540b4ca715","0"
"ff89366b-7db1-48a0-b0b5-2a9e645f739f","2026-05-15T00:00:00+00:00","20260515003","521fa2f4-0f4d-47b3-8766-26023deb74f3","1","350","賣貨便","","已出貨","2026-05-17T07:14:53.817256+00:00","231","119","6bd05ea5-44eb-46de-a7f2-cd540b4ca715","0"
"3136c172-059a-497f-9979-d9176dc857fc","2026-05-21T00:00:00+00:00","20260521004","e793066e-97dc-4948-830f-f4dfd1e3d767","1","0","其他","送 (贈品)","已出貨","2026-05-21T05:39:40.209114+00:00","-119","119","6bd05ea5-44eb-46de-a7f2-cd540b4ca715","0"
"54d83a39-8e1b-4661-bb08-edc7549324e3","2026-05-21T00:00:00+00:00","20260521003","6868ff8e-c925-48a8-85e7-62a34395e134","1","0","其他","送 (贈品)","已出貨","2026-05-21T05:39:40.209114+00:00","-100","100","6bd05ea5-44eb-46de-a7f2-cd540b4ca715","0"
"8a33ce24-cfaf-436f-9fba-0d5fa7de2efa","2025-05-19T00:00:00+00:00","20250519007","25a6ee7d-469f-4018-99aa-96ada95d682f","1","260","蝦皮","","已完成","2026-04-22T09:29:32.88101+00:00","115","145","6bd05ea5-44eb-46de-a7f2-cd540b4ca715",""
"8e15a0ae-78b2-4cb3-a44f-b814a0c8e996","2026-04-22T00:00:00+00:00","20260422004","abed326e-e19a-4924-83b8-057e1a8bf60e","1","300","賣貨便","","已出貨","2026-04-25T14:12:05.981877+00:00","176","124","6bd05ea5-44eb-46de-a7f2-cd540b4ca715",""
"8938066b-3a77-4312-97f9-b490503c3d4a","2026-04-25T00:00:00+00:00","20260425006","3a0a3cc8-3890-458a-a8b7-d3cc9b03c498","1","417","蝦皮","","已出貨","2026-04-25T14:15:55.883627+00:00","169.67","247.33","6bd05ea5-44eb-46de-a7f2-cd540b4ca715",""
"fcc42411-6190-4fb6-a2c1-7bef817c23f7","2026-04-25T00:00:00+00:00","20260425001","3a0a3cc8-3890-458a-a8b7-d3cc9b03c498","4","1680","賣貨便","","已出貨","2026-04-25T14:12:35.681968+00:00","606.67","268.33","6bd05ea5-44eb-46de-a7f2-cd540b4ca715",""
"1999a5d6-2c5d-4c54-922a-ffae46377a24","2026-03-31T00:00:00+00:00","20260331019","bd25ab84-0abf-4b20-9de1-813ecb8aeb07","1","350","蝦皮"," (平台手續費: 35)","已完成","2026-04-27T16:48:13.481212+00:00","231.3","83.7","6bd05ea5-44eb-46de-a7f2-cd540b4ca715","35"
"2a1c6b65-c463-4460-b45c-da830015a50a","2026-05-17T00:00:00+00:00","20260517001","f4525808-8392-4881-8085-77ba4d5fbac5","1","1490","蝦皮"," (平台手續費: 181)","已出貨","2026-05-17T07:15:54.952574+00:00","559","750","6bd05ea5-44eb-46de-a7f2-cd540b4ca715","181"
"1b07eff9-2408-4c41-8147-6284ff508523","2026-03-31T00:00:00+00:00","20260331020","065b761a-c4b0-4b32-83b0-e5fe2c876348","1","400","蝦皮"," (平台手續費: 40)","已完成","2026-04-27T16:48:13.481212+00:00","243.75","116.25","6bd05ea5-44eb-46de-a7f2-cd540b4ca715","40"
"958a50a5-d2dc-4d08-9506-2487aab63d3e","2026-03-31T00:00:00+00:00","20260331021","2764835b-156a-46a8-aef0-1fd7740ba799","1","400","蝦皮"," (平台手續費: 40)","已完成","2026-04-27T16:48:13.481212+00:00","220","140","6bd05ea5-44eb-46de-a7f2-cd540b4ca715","40"
"3c2cf7fc-c2c9-4583-ba88-bb9a6caa01e5","2026-04-23T00:00:00+00:00","20260423013","f65ce37d-f24e-44f0-8854-f06b7c95ec00","1","590","蝦皮"," (平台手續費: 70.95)","已完成","2026-04-27T16:50:49.377902+00:00","260.55","258.5","6bd05ea5-44eb-46de-a7f2-cd540b4ca715","70.95"
"5893a695-a9b1-4abd-918c-99cf5e8285e9","2026-04-23T00:00:00+00:00","20260423015","eebdba3c-2f18-4a2e-8adc-10a407ba53c1","1","470","蝦皮"," (平台手續費: 56.52)","已完成","2026-04-27T16:50:49.377902+00:00","246.48","167","6bd05ea5-44eb-46de-a7f2-cd540b4ca715","56.52"
"70ee2a9e-596e-4041-a67c-d4e378abe8a6","2026-04-23T00:00:00+00:00","20260423014","cc399e5e-c57f-4782-88cf-d8e280b9d776","1","470","蝦皮"," (平台手續費: 56.52)","已完成","2026-04-27T16:50:49.377902+00:00","258.48","155","6bd05ea5-44eb-46de-a7f2-cd540b4ca715","56.52"
"e4d5f087-f4e2-4025-a1e2-05919ca87d85","2025-11-01T00:00:00+00:00","20251101004","476b6f8e-14d4-4c71-99b2-9145028d625a","4","338","蝦皮","","已完成","2026-04-23T07:37:48.563128+00:00","278.08","14.98","6bd05ea5-44eb-46de-a7f2-cd540b4ca715",""
"1775e283-975c-4064-870d-a75914b6dbfb","2026-04-18T00:00:00+00:00","20260418014","3b260f15-3255-45c4-9467-7002ec0de157","1","700","蝦皮"," (平台手續費: 92.03)","已出貨","2026-05-01T15:18:14.426388+00:00","327.97","280","6bd05ea5-44eb-46de-a7f2-cd540b4ca715","92.03"
"2776d8ba-b9f7-41f9-90b3-b2518e71d1dc","2026-04-18T00:00:00+00:00","20260418006","bd25ab84-0abf-4b20-9de1-813ecb8aeb07","1","254","蝦皮","","已出貨","2026-04-25T14:15:31.519492+00:00","170","84","6bd05ea5-44eb-46de-a7f2-cd540b4ca715",""
"cdfc7427-f4e8-4985-ae6d-398a1b94b423","2025-07-02T00:00:00+00:00","20250702002","b452eb6d-32f7-40fc-b60d-97b1ae53b09d","1","1202","蝦皮","","已完成","2026-04-22T10:12:19.37881+00:00","431","771","6bd05ea5-44eb-46de-a7f2-cd540b4ca715",""
"9452867a-2178-4e62-a6b2-503ce6bfda55","2025-06-01T00:00:00+00:00","20250601003","a24c6b57-5c26-4bb8-b408-3cecac3e0af2","4","1400","蝦皮","","已完成","2026-04-22T10:06:38.55441+00:00","700.43","174.89","6bd05ea5-44eb-46de-a7f2-cd540b4ca715",""
"734a043d-c9d6-40d0-b881-759548520a79","2026-04-25T00:00:00+00:00","20260425004","3a0a3cc8-3890-458a-a8b7-d3cc9b03c498","1","420","賣貨便","","已出貨","2026-04-25T14:13:13.597928+00:00","172.67","247.33","6bd05ea5-44eb-46de-a7f2-cd540b4ca715",""
"f9bbe4ad-53e2-4328-b3f9-ddc3a95da652","2026-04-24T00:00:00+00:00","20260424001","ec22c4d3-700e-4b48-b8b2-5fb448e5c713","1","858","蝦皮","","已出貨","2026-04-25T14:16:42.044729+00:00","392","466","6bd05ea5-44eb-46de-a7f2-cd540b4ca715",""
"734e7816-e7cd-4ee3-8144-92ac8e668ec1","2026-04-25T00:00:00+00:00","20260425003","3c5abc2e-97ab-426f-8d4c-a155553252bc","1","1300","賣貨便","","已出貨","2026-04-25T14:13:03.256972+00:00","603","697","6bd05ea5-44eb-46de-a7f2-cd540b4ca715",""
"57a6d455-3663-44f1-8e58-fac596b59d8f","2025-10-13T00:00:00+00:00","20251013003","663d9ec7-b548-4c6c-9c73-150008d5b512","1","250","蝦皮","","已完成","2026-04-23T07:34:29.273341+00:00","82","168","6bd05ea5-44eb-46de-a7f2-cd540b4ca715",""
"19004795-6ed3-4470-9425-1e146864ce65","2026-03-26T00:00:00+00:00","20260326002","42687ef1-23ac-4ac9-8a31-fec0072b8a69","1","1400","蝦皮","","已完成","2026-04-23T07:59:59.938636+00:00","664","736","6bd05ea5-44eb-46de-a7f2-cd540b4ca715",""
"f67128b9-1c3c-471a-a914-68c403979d07","2026-05-21T00:00:00+00:00","20260521006","3f4ea6f8-463d-4b22-8770-f1e6edaad26c","3","1440","","補","未出貨","2026-05-21T05:50:49.182248+00:00","784","218.67","6bd05ea5-44eb-46de-a7f2-cd540b4ca715","0"
"a7d455f5-f9f4-4695-9a73-1d30ac00040d","2025-10-22T00:00:00+00:00","20251022005","ec22c4d3-700e-4b48-b8b2-5fb448e5c713","1","795","蝦皮","","已完成","2026-04-23T07:34:29.273341+00:00","475","320","6bd05ea5-44eb-46de-a7f2-cd540b4ca715",""
"1ee8aa6d-6dba-4d40-9a16-673eb02a9c5e","2026-03-31T00:00:00+00:00","20260331022","00d452f9-a0b8-417f-a358-23091ba36053","1","320","蝦皮"," (平台手續費: 32)","已完成","2026-04-27T16:48:13.481212+00:00","148.5","139.5","6bd05ea5-44eb-46de-a7f2-cd540b4ca715","32"
"56218ef7-94a2-46ec-a62c-4d901b92ee95","2026-03-29T00:00:00+00:00","20260329004","3fdbf8de-0d66-4443-8b67-e4595bb19951","1","2550","蝦皮","","已完成","2026-04-23T07:59:59.938636+00:00","872","1678","6bd05ea5-44eb-46de-a7f2-cd540b4ca715",""
"7408dda1-822f-4e29-96e1-b22f0efea237","2026-05-15T00:00:00+00:00","20260515004","3f4ea6f8-463d-4b22-8770-f1e6edaad26c","1","450","賣貨便","","已出貨","2026-05-17T07:14:53.817256+00:00","207","243","6bd05ea5-44eb-46de-a7f2-cd540b4ca715","0"
"935af4c8-a0cd-4ed4-8ff1-3056e5e63f59","2026-01-04T00:00:00+00:00","20260104003","3c5abc2e-97ab-426f-8d4c-a155553252bc","1","1263","蝦皮","","已完成","2026-04-23T07:55:03.582214+00:00","476","787","6bd05ea5-44eb-46de-a7f2-cd540b4ca715",""
"ee333ddc-bc90-4cc7-be66-14d54900fecb","2025-07-31T00:00:00+00:00","20250731002","ec22c4d3-700e-4b48-b8b2-5fb448e5c713","1","785","蝦皮","","已完成","2026-04-22T10:12:19.37881+00:00","423","362","6bd05ea5-44eb-46de-a7f2-cd540b4ca715",""
"3870f29b-18f8-4b55-842d-889f6ebd0a2d","2026-03-02T00:00:00+00:00","20260302001","3a0a3cc8-3890-458a-a8b7-d3cc9b03c498","1","420","蝦皮","","已完成","2026-04-23T07:59:59.938636+00:00","153.33","266.67","6bd05ea5-44eb-46de-a7f2-cd540b4ca715",""
"1ac8c584-c1b5-4629-9e0c-728931981cef","2025-07-08T00:00:00+00:00","20250708001","ec22c4d3-700e-4b48-b8b2-5fb448e5c713","1","790","蝦皮","","已完成","2026-04-22T10:12:19.37881+00:00","434","356","6bd05ea5-44eb-46de-a7f2-cd540b4ca715",""
"22b3f95f-30df-49b0-ad5a-16c1fbf00f31","2025-12-06T00:00:00+00:00","20251206001","ec22c4d3-700e-4b48-b8b2-5fb448e5c713","1","795","蝦皮","","已完成","2026-04-23T07:41:26.12012+00:00","415","380","6bd05ea5-44eb-46de-a7f2-cd540b4ca715",""
"98a4df14-c828-47e1-b643-b52eb6d9b153","2025-11-16T00:00:00+00:00","20251116013","ec22c4d3-700e-4b48-b8b2-5fb448e5c713","1","795","蝦皮","","已完成","2026-04-23T07:37:48.563128+00:00","452","343","6bd05ea5-44eb-46de-a7f2-cd540b4ca715",""
"15ab720c-d552-4618-b940-7a03d3d97b33","2025-10-18T00:00:00+00:00","20251018007","ec22c4d3-700e-4b48-b8b2-5fb448e5c713","1","795","蝦皮","","已完成","2026-04-23T07:34:29.273341+00:00","432","363","6bd05ea5-44eb-46de-a7f2-cd540b4ca715",""
"07296a33-b7bd-4bf6-bd83-3f27eee62e04","2026-04-10T00:00:00+00:00","20260410003","42687ef1-23ac-4ac9-8a31-fec0072b8a69","1","1650","蝦皮"," (平台手續費: 194)","已出貨","2026-05-01T15:21:17.257648+00:00","664","792","6bd05ea5-44eb-46de-a7f2-cd540b4ca715","194"
"60eef851-f29d-4800-9952-62f639bf1ea5","2025-07-18T00:00:00+00:00","20250718001","ec22c4d3-700e-4b48-b8b2-5fb448e5c713","1","768","蝦皮","","已完成","2026-04-22T10:12:19.37881+00:00","406","362","6bd05ea5-44eb-46de-a7f2-cd540b4ca715",""
"1b4df41c-1918-4576-acfe-319f97060b22","2025-12-10T00:00:00+00:00","20251210001","ec22c4d3-700e-4b48-b8b2-5fb448e5c713","1","795","蝦皮","","已完成","2026-04-23T07:41:26.12012+00:00","454","341","6bd05ea5-44eb-46de-a7f2-cd540b4ca715",""
"872c8920-92f8-4c95-8421-a434d454ee38","2026-02-25T00:00:00+00:00","20260225002","ec22c4d3-700e-4b48-b8b2-5fb448e5c713","1","739","蝦皮","","已完成","2026-04-23T07:57:41.657119+00:00","401","338","6bd05ea5-44eb-46de-a7f2-cd540b4ca715",""
"62865e50-4544-449f-b7bc-f28b2dcf21ff","2026-04-18T00:00:00+00:00","20260418008","5caa41f6-5c34-4c85-a435-7ef99413fde7","1","570","蝦皮"," (平台手續費: 70.52)","已出貨","2026-04-27T16:49:45.779221+00:00","243.48","256","6bd05ea5-44eb-46de-a7f2-cd540b4ca715","70.52"
"9462420f-13bc-47b8-a4c9-4e2924b3c821","2026-04-18T00:00:00+00:00","20260418009","44ddd95c-e45f-448b-a1eb-fd57f46db195","1","540","蝦皮"," (平台手續費: 66.81)","已出貨","2026-04-27T16:49:45.779221+00:00","323.19","150","6bd05ea5-44eb-46de-a7f2-cd540b4ca715","66.81"
"e674a99c-522f-4c7b-82be-67c95c00da85","2026-04-10T00:00:00+00:00","20260410005","cc399e5e-c57f-4782-88cf-d8e280b9d776","1","420","蝦皮"," (平台手續費: 41.37)","已出貨","2026-05-01T15:22:28.259938+00:00","198.63","180","6bd05ea5-44eb-46de-a7f2-cd540b4ca715","41.37"
"00e3af64-fb50-41f9-a97c-700bcfb62e58","2026-04-18T00:00:00+00:00","20260418010","2e8e374f-1462-48f8-a05b-5793b52afa22","1","500","蝦皮"," (平台手續費: 61.86)","已出貨","2026-04-27T16:49:45.779221+00:00","205.14","233","6bd05ea5-44eb-46de-a7f2-cd540b4ca715","61.86"
"0e54e4ea-600d-4cd1-b6e3-42faa5b8733a","2026-04-18T00:00:00+00:00","20260418011","eebdba3c-2f18-4a2e-8adc-10a407ba53c1","1","470","蝦皮"," (平台手續費: 58.15)","已出貨","2026-04-27T16:49:45.779221+00:00","238.35","173.5","6bd05ea5-44eb-46de-a7f2-cd540b4ca715","58.15"
"9f387d4f-42d3-4379-8a55-4f31b7df384d","2026-03-29T00:00:00+00:00","20260329012","3f4ea6f8-463d-4b22-8770-f1e6edaad26c","1","480","蝦皮","","已完成","2026-04-23T07:59:59.938636+00:00","211","269","6bd05ea5-44eb-46de-a7f2-cd540b4ca715",""
"2572cb6b-ca1f-4258-a473-30b668970016","2025-12-13T00:00:00+00:00","20251213004","476b6f8e-14d4-4c71-99b2-9145028d625a","32","640","蝦皮","","已完成","2026-04-23T07:41:26.12012+00:00","158.8","15.04","6bd05ea5-44eb-46de-a7f2-cd540b4ca715",""
"7732754c-3dc3-491f-a096-689c62c93fe5","2026-05-10T00:00:00+00:00","20260510001","3c5abc2e-97ab-426f-8d4c-a155553252bc","1","1490","蝦皮"," (平台手續費: 179)","已出貨","2026-05-10T14:04:59.069921+00:00","567","744","6bd05ea5-44eb-46de-a7f2-cd540b4ca715","179"
"85cbcb39-d790-437e-a710-de86740924d1","2025-07-11T00:00:00+00:00","20250711007","3a0a3cc8-3890-458a-a8b7-d3cc9b03c498","1","410","蝦皮","","已完成","2026-04-22T10:12:19.37881+00:00","120.12","289.88","6bd05ea5-44eb-46de-a7f2-cd540b4ca715",""
"66cb3e98-7eb1-4dee-b08a-251073b45ef4","2026-04-25T00:00:00+00:00","20260425005","3a0a3cc8-3890-458a-a8b7-d3cc9b03c498","1","420","賣貨便","","已出貨","2026-04-25T14:13:31.959445+00:00","172.67","247.33","6bd05ea5-44eb-46de-a7f2-cd540b4ca715",""
"e9503de6-e9bc-4a75-987b-ba30aa20cdb5","2026-04-04T00:00:00+00:00","20260404020","3b260f15-3255-45c4-9467-7002ec0de157","1","700","蝦皮"," (平台手續費: 103.64)","已完成","2026-04-27T16:52:16.680647+00:00","262.36","334","6bd05ea5-44eb-46de-a7f2-cd540b4ca715","103.64"
"88cb0530-dbfa-44d3-88f5-e33c4d1f0ec8","2026-05-21T00:00:00+00:00","20260521007","bebae2c8-6114-4d9b-9129-f6910d2aae1a","3","1440","","補","未出貨","2026-05-21T06:24:33.4048+00:00","430","336.67","6bd05ea5-44eb-46de-a7f2-cd540b4ca715","0"
"b2edebb2-b865-4e3e-899a-b113d91de9f8","2026-04-25T00:00:00+00:00","20260425007","ec22c4d3-700e-4b48-b8b2-5fb448e5c713","1","838","蝦皮","","已出貨","2026-04-25T14:16:18.742844+00:00","418","420","6bd05ea5-44eb-46de-a7f2-cd540b4ca715","0"
"64508ea2-c969-4fa2-9379-b5b27f4aaa01","2025-12-11T00:00:00+00:00","20251211003","476b6f8e-14d4-4c71-99b2-9145028d625a","4","136","蝦皮","","已完成","2026-04-23T07:41:26.12012+00:00","49.6","21.6","6bd05ea5-44eb-46de-a7f2-cd540b4ca715",""
"8ab8068d-2e46-4596-88e8-4ca3e6ff88dc","2026-05-16T00:00:00+00:00","20260516004","00d452f9-a0b8-417f-a358-23091ba36053","1","380","蝦皮"," (平台手續費: 50.34)","已出貨","2026-05-17T07:17:58.168494+00:00","190.66","139","6bd05ea5-44eb-46de-a7f2-cd540b4ca715","50.34"
"00938c19-f972-4f87-83c6-230bff14eb5d","2025-09-07T00:00:00+00:00","20250907001","ec22c4d3-700e-4b48-b8b2-5fb448e5c713","1","795","蝦皮","","已完成","2026-04-23T07:30:58.161574+00:00","435","360","6bd05ea5-44eb-46de-a7f2-cd540b4ca715",""
"cb7de94b-d09d-4beb-b6f9-3eefde54202a","2026-05-16T00:00:00+00:00","20260516005","d2d6037f-61f4-453e-a441-794dff80cd51","1","420","蝦皮"," (平台手續費: 55.64)","已出貨","2026-05-17T07:17:58.168494+00:00","238.06","126.3","6bd05ea5-44eb-46de-a7f2-cd540b4ca715","55.64"
"da29193d-20e8-4e54-866e-2a55dda7cc9a","2025-07-26T00:00:00+00:00","20250726002","b452eb6d-32f7-40fc-b60d-97b1ae53b09d","1","1229","蝦皮","","已完成","2026-04-22T10:12:19.37881+00:00","427","802","6bd05ea5-44eb-46de-a7f2-cd540b4ca715",""
"f000fe61-a46a-486b-80ad-944695725f85","2025-07-16T00:00:00+00:00","20250716002","ec22c4d3-700e-4b48-b8b2-5fb448e5c713","1","785","蝦皮","","已完成","2026-04-22T10:12:19.37881+00:00","417","368","6bd05ea5-44eb-46de-a7f2-cd540b4ca715",""
"fba77bc6-fbbb-4744-b724-994c5d1de187","2025-07-25T00:00:00+00:00","20250725005","ec22c4d3-700e-4b48-b8b2-5fb448e5c713","1","768","蝦皮","","已完成","2026-04-22T10:12:19.37881+00:00","431","337","6bd05ea5-44eb-46de-a7f2-cd540b4ca715",""
"d61a324e-0fb9-4bb0-bd85-86ae22804dc5","2025-08-27T00:00:00+00:00","20250827001","b452eb6d-32f7-40fc-b60d-97b1ae53b09d","1","1331","蝦皮","","已完成","2026-04-23T07:25:14.828255+00:00","463","868","6bd05ea5-44eb-46de-a7f2-cd540b4ca715",""
"0d2e244d-0e47-4e85-8fa6-fcde7d7fa5da","2025-09-21T00:00:00+00:00","20250921003","4580ae23-9c31-4547-b940-2c6bc1ef8a77","1","340","蝦皮","","已完成","2026-04-23T07:30:58.161574+00:00","137.25","202.75","6bd05ea5-44eb-46de-a7f2-cd540b4ca715",""
"3ebb74be-1327-45a4-b592-561b2c57e9e8","2026-04-04T00:00:00+00:00","20260404019","3f4ea6f8-463d-4b22-8770-f1e6edaad26c","1","590","蝦皮"," (平台手續費: 87.36)","已完成","2026-04-27T16:52:16.680647+00:00","271.64","231","6bd05ea5-44eb-46de-a7f2-cd540b4ca715","87.36"
"cedc990e-f28e-4866-95cc-a9db5569f746","2026-04-10T00:00:00+00:00","20260410004","3fdbf8de-0d66-4443-8b67-e4595bb19951","1","2890","蝦皮"," (平台手續費: 284.63)","已出貨","2026-05-01T15:22:28.259938+00:00","782.37","1823","6bd05ea5-44eb-46de-a7f2-cd540b4ca715","284.63"
"97599830-369b-4c7d-945a-688d1540f1cc","2025-07-28T00:00:00+00:00","20250728001","ec22c4d3-700e-4b48-b8b2-5fb448e5c713","1","785","蝦皮","","已完成","2026-04-22T10:12:19.37881+00:00","436","349","6bd05ea5-44eb-46de-a7f2-cd540b4ca715",""
"6e3d4191-3333-4564-af2b-95f4d6e7ef52","2026-04-10T00:00:00+00:00","20260410006","3fdbf8de-0d66-4443-8b67-e4595bb19951","1","2890","蝦皮"," (平台手續費: 293)","已出貨","2026-05-01T15:23:22.043298+00:00","775","1822","6bd05ea5-44eb-46de-a7f2-cd540b4ca715","293"
"9c10a7f0-3dc5-4eec-af75-3a9864464d11","2025-07-18T00:00:00+00:00","20250718006","ec22c4d3-700e-4b48-b8b2-5fb448e5c713","1","769","蝦皮","","已完成","2026-04-22T10:12:19.37881+00:00","407","362","6bd05ea5-44eb-46de-a7f2-cd540b4ca715",""
"c6bbf011-856b-4c9c-bb1a-ddcf473f9f23","2025-07-30T00:00:00+00:00","20250730002","ec22c4d3-700e-4b48-b8b2-5fb448e5c713","1","785","蝦皮","","已完成","2026-04-22T10:12:19.37881+00:00","435","350","6bd05ea5-44eb-46de-a7f2-cd540b4ca715",""
"1d2584d3-c2d1-423c-bae4-afc346d3b059","2025-07-10T00:00:00+00:00","20250710001","ec22c4d3-700e-4b48-b8b2-5fb448e5c713","1","785","蝦皮","","已完成","2026-04-22T10:12:19.37881+00:00","418","367","6bd05ea5-44eb-46de-a7f2-cd540b4ca715",""
"882ead54-6848-45c1-8dde-f69846cab93c","2025-10-13T00:00:00+00:00","20251013001","ec22c4d3-700e-4b48-b8b2-5fb448e5c713","1","795","蝦皮","","已完成","2026-04-23T07:34:29.273341+00:00","454","341","6bd05ea5-44eb-46de-a7f2-cd540b4ca715",""
"9a95b248-17e3-4495-978d-aa5569d1ec5d","2025-07-11T00:00:00+00:00","20250711006","ec22c4d3-700e-4b48-b8b2-5fb448e5c713","1","785","蝦皮","","已完成","2026-04-22T10:12:19.37881+00:00","437","348","6bd05ea5-44eb-46de-a7f2-cd540b4ca715",""
"be856d37-ec24-48f5-bfd0-5e90ec6a57f3","2025-07-29T00:00:00+00:00","20250729001","ec22c4d3-700e-4b48-b8b2-5fb448e5c713","1","785","蝦皮","","已完成","2026-04-22T10:12:19.37881+00:00","435","350","6bd05ea5-44eb-46de-a7f2-cd540b4ca715",""
"737f2111-5def-4aef-8f2f-b1f3a96f970b","2026-04-18T00:00:00+00:00","20260418007","9d623512-b92a-45ef-8b9b-90e38dcaae52","1","450",""," (平台手續費: 55.67)","未出貨","2026-04-27T16:49:45.779221+00:00","240","154.33","6bd05ea5-44eb-46de-a7f2-cd540b4ca715","55.67"
"e511adde-4897-4973-88b8-55d18cfb0839","2025-07-16T00:00:00+00:00","20250716001","ec22c4d3-700e-4b48-b8b2-5fb448e5c713","1","785","蝦皮","","已完成","2026-04-22T10:12:19.37881+00:00","425","360","6bd05ea5-44eb-46de-a7f2-cd540b4ca715",""
"3c7a7aff-f17d-4c7d-ada9-8a157c27c8f9","2025-10-14T00:00:00+00:00","20251014011","ec22c4d3-700e-4b48-b8b2-5fb448e5c713","1","790","蝦皮","","已完成","2026-04-23T07:34:29.273341+00:00","449","341","6bd05ea5-44eb-46de-a7f2-cd540b4ca715",""
"8cb0119b-1265-4222-ae1c-1675a583eddc","2025-12-24T00:00:00+00:00","20251224001","3c5abc2e-97ab-426f-8d4c-a155553252bc","1","1201","蝦皮","","已完成","2026-04-23T07:41:26.12012+00:00","331","870","6bd05ea5-44eb-46de-a7f2-cd540b4ca715",""
"1e471314-25e9-4d74-a7fb-f32dd2279b68","2026-03-03T00:00:00+00:00","20260303004","3a0a3cc8-3890-458a-a8b7-d3cc9b03c498","1","415","蝦皮","","已完成","2026-04-23T07:59:59.938636+00:00","148.33","266.67","6bd05ea5-44eb-46de-a7f2-cd540b4ca715",""
"bf7672d7-61e2-467e-9bf3-a665a068e4e0","2025-07-26T00:00:00+00:00","20250726003","ec22c4d3-700e-4b48-b8b2-5fb448e5c713","1","785","蝦皮","","已完成","2026-04-22T10:12:19.37881+00:00","473","312","6bd05ea5-44eb-46de-a7f2-cd540b4ca715",""
"b8fed2d0-97ee-4f71-a56c-2df973c1bd67","2025-07-08T00:00:00+00:00","20250708008","ec22c4d3-700e-4b48-b8b2-5fb448e5c713","1","769","蝦皮","","已完成","2026-04-22T10:12:19.37881+00:00","370","399","6bd05ea5-44eb-46de-a7f2-cd540b4ca715",""
"8079f031-1678-4ae8-86d4-0753daf78329","2025-07-16T00:00:00+00:00","20250716005","ec22c4d3-700e-4b48-b8b2-5fb448e5c713","1","785","蝦皮","","已完成","2026-04-22T10:12:19.37881+00:00","423","362","6bd05ea5-44eb-46de-a7f2-cd540b4ca715",""
"6ced7315-9aba-4eef-96d2-00c64ee5eccd","2025-07-27T00:00:00+00:00","20250727003","ec22c4d3-700e-4b48-b8b2-5fb448e5c713","1","785","蝦皮","","已完成","2026-04-22T10:12:19.37881+00:00","436","349","6bd05ea5-44eb-46de-a7f2-cd540b4ca715",""
"958a87ca-4820-4358-b1ce-1c27098e8097","2025-07-30T00:00:00+00:00","20250730001","ec22c4d3-700e-4b48-b8b2-5fb448e5c713","1","785","蝦皮","","已完成","2026-04-22T10:12:19.37881+00:00","423","362","6bd05ea5-44eb-46de-a7f2-cd540b4ca715",""
"e7878a12-150c-40fc-a7e7-b62fea3f6cc7","2025-07-26T00:00:00+00:00","20250726001","ec22c4d3-700e-4b48-b8b2-5fb448e5c713","1","785","蝦皮","","已完成","2026-04-22T10:12:19.37881+00:00","457","328","6bd05ea5-44eb-46de-a7f2-cd540b4ca715",""
"bb98d8ea-6cda-4abf-a395-f56fa519fb7d","2026-04-25T00:00:00+00:00","20260425008","c1c0a9d6-9eb0-4c1e-bd42-95c1a90e0af9","1","2000","蝦皮"," (平台手續費: 260)","已出貨","2026-05-05T11:11:20.870152+00:00","1082","658","6bd05ea5-44eb-46de-a7f2-cd540b4ca715","260"
"6a2e2b61-51b5-4949-9743-dc094fa8e1f4","2026-03-28T00:00:00+00:00","20260328020","cfbcf6c5-4ed4-49b9-87ba-5ec1230d71b9","1","503","蝦皮","","已完成","2026-04-23T07:59:59.938636+00:00","195","308","6bd05ea5-44eb-46de-a7f2-cd540b4ca715",""
"10e98cf4-1c6e-4648-925d-7784ca58415d","2026-05-09T00:00:00+00:00","20260509001","a0dafa15-4f32-496b-9872-abdabf489346","2","1080","蝦皮"," (平台手續費: 148)","已出貨","2026-05-10T14:05:35.936263+00:00","426","253","6bd05ea5-44eb-46de-a7f2-cd540b4ca715","148"
"64f7810a-f3ab-4f04-8822-6ab6f472d158","2026-05-21T00:00:00+00:00","20260521008","d42b6451-613f-4d9b-88a7-bc7090a2fb0d","2","700","","補","未出貨","2026-05-21T06:54:27.771175+00:00","442.5","128.75","6bd05ea5-44eb-46de-a7f2-cd540b4ca715","0"
"09bdb4ff-cd67-4620-80ba-dadabbdabc16","2025-07-11T00:00:00+00:00","20250711005","ec22c4d3-700e-4b48-b8b2-5fb448e5c713","1","785","蝦皮","","已完成","2026-04-22T10:12:19.37881+00:00","418","367","6bd05ea5-44eb-46de-a7f2-cd540b4ca715",""
"c44fb1b4-4738-4da3-8682-0e407b1f4929","2026-05-04T00:00:00+00:00","20260504001","f4525808-8392-4881-8085-77ba4d5fbac5","1","1390","蝦皮"," (平台手續費: 181)","已出貨","2026-05-05T11:12:05.817757+00:00","416","793","6bd05ea5-44eb-46de-a7f2-cd540b4ca715","181"
"52e977c6-28d5-4c66-845b-e446d26c1ccb","2025-11-15T00:00:00+00:00","20251115004","4580ae23-9c31-4547-b940-2c6bc1ef8a77","1","481","蝦皮","","已完成","2026-04-23T07:37:48.563128+00:00","316.62","164.38","6bd05ea5-44eb-46de-a7f2-cd540b4ca715",""
"681ec0e3-4f86-4713-887c-e5dc5eb3e6db","2026-05-09T00:00:00+00:00","20260509002","3fdbf8de-0d66-4443-8b67-e4595bb19951","1","2950","蝦皮"," (平台手續費: 297)","已出貨","2026-05-10T14:06:17.226707+00:00","814","1839","6bd05ea5-44eb-46de-a7f2-cd540b4ca715","297"
"b939d6da-f0b8-4e22-85bb-44ef25062619","2026-03-31T00:00:00+00:00","20260331011","cfbcf6c5-4ed4-49b9-87ba-5ec1230d71b9","1","530","蝦皮","","已完成","2026-04-23T07:59:59.938636+00:00","201","329","6bd05ea5-44eb-46de-a7f2-cd540b4ca715",""
"a895bf31-198f-45a3-8aa7-1e1a62ea52f5","2026-04-24T00:00:00+00:00","20260424002","3a0a3cc8-3890-458a-a8b7-d3cc9b03c498","1","426","","","已出貨","2026-04-25T14:17:01.29081+00:00","140","286","6bd05ea5-44eb-46de-a7f2-cd540b4ca715",""
"c0e42f11-5e04-4a69-a1d5-1d5c062fe75f","2026-05-05T00:00:00+00:00","20260505001","f4525808-8392-4881-8085-77ba4d5fbac5","1","1490","蝦皮"," (平台手續費: 181)","已出貨","2026-05-05T11:14:42.478104+00:00","516","793","6bd05ea5-44eb-46de-a7f2-cd540b4ca715","181"
"756920ff-297d-4ac3-8b77-15eae92c8a65","2026-05-16T00:00:00+00:00","20260516006","44ddd95c-e45f-448b-a1eb-fd57f46db195","1","540","蝦皮"," (平台手續費: 55.16)","已出貨","2026-05-17T07:22:42.091085+00:00","309.84","175","6bd05ea5-44eb-46de-a7f2-cd540b4ca715","55.16"
"76a3abf6-03a0-4250-b7c1-eb45d297599c","2026-05-10T00:00:00+00:00","20260510004","3708dc12-ce62-4bb4-8ec8-92efbc962737","1","450","賣貨便","","已出貨","2026-05-10T14:08:55.550412+00:00","209","241","6bd05ea5-44eb-46de-a7f2-cd540b4ca715","0"
"851f5b48-6ffc-4c9e-929b-cc32c9569514","2026-05-16T00:00:00+00:00","20260516007","818363fc-045b-4e2a-8b11-1235b30611f8","1","350","蝦皮"," (平台手續費: 35.75)","已出貨","2026-05-17T07:22:42.091085+00:00","216.25","98","6bd05ea5-44eb-46de-a7f2-cd540b4ca715","35.75"
"e84c12c4-0df4-4bf7-a901-48b94e73fca9","2026-05-10T00:00:00+00:00","20260510006","eebdba3c-2f18-4a2e-8adc-10a407ba53c1","1","400","賣貨便","","已出貨","2026-05-10T14:08:55.550412+00:00","240.5","159.5","6bd05ea5-44eb-46de-a7f2-cd540b4ca715","0"
"e1405e8c-f71a-482b-9e43-0e579a8739c3","2026-05-10T00:00:00+00:00","20260510007","a1c0c779-53eb-4dc9-80da-721ad7130d4b","1","230","賣貨便","","已出貨","2026-05-10T14:08:55.550412+00:00","130","100","6bd05ea5-44eb-46de-a7f2-cd540b4ca715","0"
"227be9bb-0846-4093-beb9-03d194526965","2026-05-16T00:00:00+00:00","20260516008","a0dafa15-4f32-496b-9872-abdabf489346","1","540","蝦皮"," (平台手續費: 55.16)","已出貨","2026-05-17T07:22:42.091085+00:00","290.84","194","6bd05ea5-44eb-46de-a7f2-cd540b4ca715","55.16"
"98372c9b-b09b-41e2-957f-8d947fc7cd84","2026-05-10T00:00:00+00:00","20260510003","2764835b-156a-46a8-aef0-1fd7740ba799","1","270","賣貨便","","已出貨","2026-05-10T14:08:55.550412+00:00","144.5","125.5","6bd05ea5-44eb-46de-a7f2-cd540b4ca715","0"
"c8487b57-5647-462c-9407-063569c073c7","2025-07-17T00:00:00+00:00","20250717001","3a0a3cc8-3890-458a-a8b7-d3cc9b03c498","1","410","蝦皮","","已完成","2026-04-22T10:12:19.37881+00:00","120.12","289.88","6bd05ea5-44eb-46de-a7f2-cd540b4ca715",""
"3a19e1ff-f2c2-4695-a748-d15ba93875f2","2026-05-10T00:00:00+00:00","20260510005","d42b6451-613f-4d9b-88a7-bc7090a2fb0d","1","350","賣貨便","","已出貨","2026-05-10T14:08:55.550412+00:00","225.5","124.5","6bd05ea5-44eb-46de-a7f2-cd540b4ca715","0"
"2b89afd3-e419-4975-b617-4a9daec4d8a5","2026-05-16T00:00:00+00:00","20260516009","df0d8565-0eb9-4c00-8e7d-8b42d0d04fd3","1","450","蝦皮"," (平台手續費: 45.96)","已出貨","2026-05-17T07:22:42.091085+00:00","310.04","94","6bd05ea5-44eb-46de-a7f2-cd540b4ca715","45.96"
"39bd1b61-8f7c-4d45-a051-5960ad3af337","2026-05-16T00:00:00+00:00","20260516011","cfbcf6c5-4ed4-49b9-87ba-5ec1230d71b9","1","570","蝦皮"," (平台手續費: 58.22)","已出貨","2026-05-17T07:22:42.091085+00:00","280.78","231","6bd05ea5-44eb-46de-a7f2-cd540b4ca715","58.22"
"7ed20e60-8d39-48b5-8f40-14d367f1ec34","2025-09-20T00:00:00+00:00","20250920007","4580ae23-9c31-4547-b940-2c6bc1ef8a77","1","325","蝦皮","","已完成","2026-04-23T07:30:58.161574+00:00","134.5","190.5","6bd05ea5-44eb-46de-a7f2-cd540b4ca715",""
"7588f59a-1035-4b3a-b359-30ef5649beae","2026-04-07T00:00:00+00:00","20260407010","3f4ea6f8-463d-4b22-8770-f1e6edaad26c","1","590","蝦皮"," (平台手續費: 68.54)","已完成","2026-04-27T16:55:28.326844+00:00","292.71","228.75","6bd05ea5-44eb-46de-a7f2-cd540b4ca715","68.54"
"0aca94e7-2fa4-4f1a-87d2-a74db4d01846","2026-05-16T00:00:00+00:00","20260516010","065b761a-c4b0-4b32-83b0-e5fe2c876348","1","350","蝦皮"," (平台手續費: 35.75)","已出貨","2026-05-17T07:22:42.091085+00:00","214.25","100","6bd05ea5-44eb-46de-a7f2-cd540b4ca715","35.75"
"7b4afe54-527d-4d01-bd34-2287f2af7e98","2026-05-21T00:00:00+00:00","20260521010","dc21ae68-b7c0-45a6-ab09-b05229afa6c6","1","0","","補 (贈品)","未出貨","2026-05-21T08:13:14.767218+00:00","-174","174","6bd05ea5-44eb-46de-a7f2-cd540b4ca715","0"
"8bbc191a-97d9-4556-acd1-77a60ee4f10f","2025-09-16T00:00:00+00:00","20250916008","4580ae23-9c31-4547-b940-2c6bc1ef8a77","1","320","蝦皮","","已完成","2026-04-23T07:30:58.161574+00:00","139.5","180.5","6bd05ea5-44eb-46de-a7f2-cd540b4ca715",""
"246a5260-5ca1-474d-87ea-eaeb4d42f17c","2025-07-26T00:00:00+00:00","20250726004","ec22c4d3-700e-4b48-b8b2-5fb448e5c713","1","785","蝦皮","","已完成","2026-04-22T10:12:19.37881+00:00","420","365","6bd05ea5-44eb-46de-a7f2-cd540b4ca715",""
"a7b69c39-9f0f-40dc-904c-076064beb130","2026-04-07T00:00:00+00:00","20260407007","bebae2c8-6114-4d9b-9129-f6910d2aae1a","1","630","蝦皮"," (平台手續費: 82.11)","已完成","2026-04-27T16:53:51.844167+00:00","148.89","399","6bd05ea5-44eb-46de-a7f2-cd540b4ca715","82.11"
"00081951-abf7-44b9-9fa9-2a5d4429c2d8","2026-04-07T00:00:00+00:00","20260407011","3708dc12-ce62-4bb4-8ec8-92efbc962737","1","450","蝦皮"," (平台手續費: 52.28)","已完成","2026-04-27T16:55:28.326844+00:00","207.72","190","6bd05ea5-44eb-46de-a7f2-cd540b4ca715","52.28"
"92f2224c-f187-4746-8be2-4e394f5bda36","2026-04-07T00:00:00+00:00","20260407009","bebae2c8-6114-4d9b-9129-f6910d2aae1a","1","630","蝦皮"," (平台手續費: 73.19)","已完成","2026-04-27T16:55:28.326844+00:00","209.81","347","6bd05ea5-44eb-46de-a7f2-cd540b4ca715","73.19"
"8b02a285-165e-4bea-88e4-72fcaca0d016","2026-05-10T00:00:00+00:00","20260510002","18b00cf0-705b-4b4b-b61f-2dd5be5440b1","1","230","賣貨便","","已出貨","2026-05-10T14:08:55.550412+00:00","170","60","6bd05ea5-44eb-46de-a7f2-cd540b4ca715","0"
"6cbdf46c-3adb-4d1d-93f5-b0357825d4f2","2026-04-07T00:00:00+00:00","20260407008","cfbcf6c5-4ed4-49b9-87ba-5ec1230d71b9","1","590","蝦皮"," (平台手續費: 76.89)","已完成","2026-04-27T16:53:51.844167+00:00","293.11","220","6bd05ea5-44eb-46de-a7f2-cd540b4ca715","76.89"
"1332a682-f8dc-4f08-b1f3-db24bb6c10f6","2025-07-28T00:00:00+00:00","20250728003","ec22c4d3-700e-4b48-b8b2-5fb448e5c713","1","785","蝦皮","","已完成","2026-04-22T10:12:19.37881+00:00","442","343","6bd05ea5-44eb-46de-a7f2-cd540b4ca715",""
"c620bae1-cd3d-42e2-ab00-00a4af775f31","2025-07-18T00:00:00+00:00","20250718004","ec22c4d3-700e-4b48-b8b2-5fb448e5c713","1","769","蝦皮","","已完成","2026-04-22T10:12:19.37881+00:00","428","341","6bd05ea5-44eb-46de-a7f2-cd540b4ca715",""
"7823758f-9a7a-4feb-881a-908c11167631","2026-05-01T00:00:00+00:00","20260501001","42687ef1-23ac-4ac9-8a31-fec0072b8a69","1","1650","蝦皮"," (平台手續費: 134)","已出貨","2026-05-07T17:50:16.291716+00:00","724","792","6bd05ea5-44eb-46de-a7f2-cd540b4ca715","134"
"38c360e9-b819-478c-a94b-3bd532ab19cc","2025-11-11T00:00:00+00:00","20251111009","ec22c4d3-700e-4b48-b8b2-5fb448e5c713","1","788","蝦皮","","已完成","2026-04-23T07:37:48.563128+00:00","436","352","6bd05ea5-44eb-46de-a7f2-cd540b4ca715",""
"6bd50ecb-bfa2-47fb-b040-45d3d6659cbb","2025-06-28T00:00:00+00:00","20250628001","ec22c4d3-700e-4b48-b8b2-5fb448e5c713","1","785","蝦皮","","已完成","2026-04-22T10:06:38.55441+00:00","380","405","6bd05ea5-44eb-46de-a7f2-cd540b4ca715",""
"2479a1d8-992f-4697-bd9f-d66a02af1da9","2025-07-11T00:00:00+00:00","20250711001","ec22c4d3-700e-4b48-b8b2-5fb448e5c713","1","785","蝦皮","","已完成","2026-04-22T10:12:19.37881+00:00","479","306","6bd05ea5-44eb-46de-a7f2-cd540b4ca715",""
"819c8cd9-6fee-4d84-ab1a-89b5cf417719","2025-07-29T00:00:00+00:00","20250729002","ec22c4d3-700e-4b48-b8b2-5fb448e5c713","1","785","蝦皮","","已完成","2026-04-22T10:12:19.37881+00:00","419","366","6bd05ea5-44eb-46de-a7f2-cd540b4ca715",""
"ada53f1f-4f18-4d95-b37a-5ab5168da10d","2026-05-09T00:00:00+00:00","20260509014","42687ef1-23ac-4ac9-8a31-fec0072b8a69","1","1650","蝦皮"," (平台手續費: 192)","已出貨","2026-05-17T07:18:31.352021+00:00","707","751","6bd05ea5-44eb-46de-a7f2-cd540b4ca715","192"
"2a6d22d5-f637-4ce1-af1f-c3a4629438ac","2026-05-21T00:00:00+00:00","20260521009","3708dc12-ce62-4bb4-8ec8-92efbc962737","3","1350","","","未出貨","2026-05-21T06:54:27.771175+00:00","767","194.33","6bd05ea5-44eb-46de-a7f2-cd540b4ca715","0"
"b430b400-a555-4551-818f-b85b02e5909f","2025-07-27T00:00:00+00:00","20250727001","ec22c4d3-700e-4b48-b8b2-5fb448e5c713","1","785","蝦皮","","已完成","2026-04-22T10:12:19.37881+00:00","436","349","6bd05ea5-44eb-46de-a7f2-cd540b4ca715",""
"54a36db0-493a-494e-910b-4371cd4c1bf7","2026-05-16T00:00:00+00:00","20260516012","3708dc12-ce62-4bb4-8ec8-92efbc962737","1","540","蝦皮"," (平台手續費: 105)","已出貨","2026-05-17T07:23:19.612592+00:00","180","255","6bd05ea5-44eb-46de-a7f2-cd540b4ca715","105"
"ae63f30e-08eb-4eb7-aa7b-f7e958cdf38b","2026-05-05T00:00:00+00:00","20260505002","44ddd95c-e45f-448b-a1eb-fd57f46db195","1","520","蝦皮"," (平台手續費: 80.11)","已出貨","2026-05-05T11:15:43.615483+00:00","206.89","233","6bd05ea5-44eb-46de-a7f2-cd540b4ca715","80.11"
"9d1466ee-85ca-4d96-8842-c6394418fc26","2026-04-15T00:00:00+00:00","20260415008","2e8e374f-1462-48f8-a05b-5793b52afa22","1","500","蝦皮"," (平台手續費: 71.65)","已完成","2026-04-27T16:56:54.159425+00:00","228.35","200","6bd05ea5-44eb-46de-a7f2-cd540b4ca715","71.65"
"440c9e56-1c39-44f6-87cb-d01600ea1931","2026-04-15T00:00:00+00:00","20260415009","eebdba3c-2f18-4a2e-8adc-10a407ba53c1","1","470","蝦皮"," (平台手續費: 67.35)","已完成","2026-04-27T16:56:54.159425+00:00","240.65","162","6bd05ea5-44eb-46de-a7f2-cd540b4ca715","67.35"
"79795d5e-b3cd-4b86-a289-3e83f8728927","2026-05-05T00:00:00+00:00","20260505003","5caa41f6-5c34-4c85-a435-7ef99413fde7","1","590","蝦皮"," (平台手續費: 90.89)","已出貨","2026-05-05T11:15:43.615483+00:00","308.61","190.5","6bd05ea5-44eb-46de-a7f2-cd540b4ca715","90.89"
"87523b1e-4762-4922-a4a4-a9b59f6a3e66","2025-11-15T00:00:00+00:00","20251115006","4580ae23-9c31-4547-b940-2c6bc1ef8a77","1","479","蝦皮","","已完成","2026-04-23T07:37:48.563128+00:00","314.62","164.38","6bd05ea5-44eb-46de-a7f2-cd540b4ca715",""
"b8e5236d-1b6c-4b44-a4d0-ce704fc5c890","2026-05-09T00:00:00+00:00","20260509005","e4c49e83-c66c-43d3-ab5c-c70933d260b0","1","200","賣貨便","","已出貨","2026-05-10T14:11:56.001006+00:00","194","6","6bd05ea5-44eb-46de-a7f2-cd540b4ca715","0"
"b869441a-a002-4f06-851c-cec2ee55ee87","2026-05-21T00:00:00+00:00","20260521011","19950d68-ffe2-41d3-91e7-a7f542da55e0","1","450","","補","未出貨","2026-05-21T08:14:15.44469+00:00","100","350","6bd05ea5-44eb-46de-a7f2-cd540b4ca715","0"
"d06f1319-6cfe-408d-b240-139c02b066e7","2026-05-09T00:00:00+00:00","20260509003","c9312678-b872-45eb-963c-50ecf4053558","1","200","賣貨便","","已出貨","2026-05-10T14:11:56.001006+00:00","130.5","69.5","6bd05ea5-44eb-46de-a7f2-cd540b4ca715","0"
"67aa49d2-bf2e-4af6-8ca8-8fcf7a86c4a8","2026-05-09T00:00:00+00:00","20260509007","ad7e0321-79ee-4ff6-a917-1564a6d6faa0","1","360","賣貨便","","已出貨","2026-05-10T14:11:56.001006+00:00","221","139","6bd05ea5-44eb-46de-a7f2-cd540b4ca715","0"
"dfed0d72-67c6-4998-bf9a-e8325cc50802","2025-07-26T00:00:00+00:00","20250726005","3a0a3cc8-3890-458a-a8b7-d3cc9b03c498","1","415","蝦皮","","已完成","2026-04-22T10:12:19.37881+00:00","125.12","289.88","6bd05ea5-44eb-46de-a7f2-cd540b4ca715",""
"f7b7e1dc-f6c5-4600-aa1d-97a46fb41951","2026-04-23T00:00:00+00:00","20260423009","1ad1960c-56b7-4ec7-ae65-69128f53fc30","1","232","蝦皮","","已出貨","2026-04-23T14:52:13.171627+00:00","149","83","6bd05ea5-44eb-46de-a7f2-cd540b4ca715",""
"2a7f73ce-bd25-44fd-8086-73bd6857cc3c","2026-04-04T00:00:00+00:00","20260404023","ef09d7e9-d241-46df-94ab-924b7d06afbd","1","290","蝦皮"," (平台手續費: 37.64)","已完成","2026-04-27T16:58:39.25537+00:00","202.36","50","6bd05ea5-44eb-46de-a7f2-cd540b4ca715","37.64"
"f372683e-07e7-41e3-9a3f-8045871c3423","2026-05-02T00:00:00+00:00","20260502001","5caa41f6-5c34-4c85-a435-7ef99413fde7","1","520","蝦皮"," (平台手續費: 107)","已出貨","2026-05-05T11:16:46.084421+00:00","191.4","221.6","6bd05ea5-44eb-46de-a7f2-cd540b4ca715","107"
"b1592aa4-d9b2-49b8-b6b2-0279e4e6ffe1","2026-04-04T00:00:00+00:00","20260404022","fbebbc51-5e15-47ef-978e-601234d0353e","1","200","蝦皮"," (平台手續費: 25.96)","已完成","2026-04-27T16:58:39.25537+00:00","94.04","80","6bd05ea5-44eb-46de-a7f2-cd540b4ca715","25.96"
"479cb2a2-e982-4346-8e88-9830c9d9ec6a","2026-05-21T00:00:00+00:00","20260521012","388bf01e-dd56-4b73-9c18-5e5913f3c4a3","2","1020","","補","未出貨","2026-05-21T08:15:37.485394+00:00","474","273","6bd05ea5-44eb-46de-a7f2-cd540b4ca715","0"
"d98aa8b3-b4c5-4101-bd26-86cb1c517aee","2026-04-03T00:00:00+00:00","20260403011","d42b6451-613f-4d9b-88a7-bc7090a2fb0d","1","350","蝦皮"," (平台手續費: 36.67)","已完成","2026-04-27T17:00:54.187485+00:00","183.33","130","6bd05ea5-44eb-46de-a7f2-cd540b4ca715","36.67"
"78e7b25f-f4e4-4cd7-807f-e85e57045b74","2026-04-03T00:00:00+00:00","20260403012","a1c0c779-53eb-4dc9-80da-721ad7130d4b","1","350","蝦皮"," (平台手續費: 36.67)","已完成","2026-04-27T17:00:54.187485+00:00","229.63","83.7","6bd05ea5-44eb-46de-a7f2-cd540b4ca715","36.67"
"55a4a0aa-99d7-4e23-8d37-0d02e9e73075","2026-04-03T00:00:00+00:00","20260403014","cc399e5e-c57f-4782-88cf-d8e280b9d776","1","420","蝦皮"," (平台手續費: 44)","已完成","2026-04-27T17:00:54.187485+00:00","206","170","6bd05ea5-44eb-46de-a7f2-cd540b4ca715","44"
"07d083af-94c3-48d6-8530-a80bda9ff083","2026-04-03T00:00:00+00:00","20260403015","00d452f9-a0b8-417f-a358-23091ba36053","1","350","蝦皮"," (平台手續費: 36.67)","已完成","2026-04-27T17:00:54.187485+00:00","173.33","140","6bd05ea5-44eb-46de-a7f2-cd540b4ca715","36.67"
"88b80de8-b074-4be6-a37c-a82885f3f397","2026-04-03T00:00:00+00:00","20260403016","d0268e9b-5218-4eec-894d-41a21db20291","1","300","蝦皮"," (平台手續費: 31.43)","已完成","2026-04-27T17:00:54.187485+00:00","222.57","46","6bd05ea5-44eb-46de-a7f2-cd540b4ca715","31.43"
"49b9e06a-a679-4127-b283-21d6745baad1","2026-05-05T00:00:00+00:00","20260505004","f4525808-8392-4881-8085-77ba4d5fbac5","1","1490","蝦皮"," (平台手續費: 211)","已出貨","2026-05-05T11:17:19.586029+00:00","534","745","6bd05ea5-44eb-46de-a7f2-cd540b4ca715","211"
"c1ef638d-3618-4ad8-b003-c8c1c0cdcccd","2026-04-03T00:00:00+00:00","20260403013","47895700-d4d2-4dad-87fa-910b4b216b01","1","300","蝦皮"," (平台手續費: 31.43)","已完成","2026-04-27T17:00:54.187485+00:00","175.57","93","6bd05ea5-44eb-46de-a7f2-cd540b4ca715","31.43"
"6a5de2cd-86a6-41d3-be9e-2e40641d9052","2026-04-03T00:00:00+00:00","20260403017","3708dc12-ce62-4bb4-8ec8-92efbc962737","1","450","蝦皮"," (平台手續費: 47.14)","已完成","2026-04-27T17:00:54.187485+00:00","114.86","288","6bd05ea5-44eb-46de-a7f2-cd540b4ca715","47.14"
"a4f0f866-724e-4ae4-bcfe-6ec567f18159","2025-09-26T00:00:00+00:00","20250926002","663d9ec7-b548-4c6c-9c73-150008d5b512","1","250","蝦皮","","已完成","2026-04-23T07:30:58.161574+00:00","83","167","6bd05ea5-44eb-46de-a7f2-cd540b4ca715",""
"fe37be2b-dc6b-49eb-b528-10de4829aa2a","2026-04-05T00:00:00+00:00","20260405013","e31e1bdc-6fc8-4a6f-955f-1a149d692117","1","450","蝦皮"," (平台手續費: 44.31)","已出貨","2026-04-27T17:02:36.670323+00:00","196.19","209.5","6bd05ea5-44eb-46de-a7f2-cd540b4ca715","44.31"
"37facb2d-a7e6-4ed6-ac5e-741f9794b966","2025-10-12T00:00:00+00:00","20251012004","4580ae23-9c31-4547-b940-2c6bc1ef8a77","1","600","蝦皮","","已完成","2026-04-23T07:34:29.273341+00:00","432","168","6bd05ea5-44eb-46de-a7f2-cd540b4ca715",""
"87f42fff-07a3-4bd2-9a5a-b1294ffe0a7d","2026-05-09T00:00:00+00:00","20260509004","18b00cf0-705b-4b4b-b61f-2dd5be5440b1","1","230","賣貨便","","已出貨","2026-05-10T14:11:56.001006+00:00","136","94","6bd05ea5-44eb-46de-a7f2-cd540b4ca715","0"
"3dc3433e-49e3-4cd4-a437-9b658dd9a5fa","2026-04-11T00:00:00+00:00","20260411012","caa4240a-d932-4641-b05a-72ddbf2379e4","1","2950","蝦皮","","已完成","2026-04-23T08:03:47.758209+00:00","1074","1876","6bd05ea5-44eb-46de-a7f2-cd540b4ca715",""
"da08c3bc-f544-4433-8843-147131900bc9","2025-07-31T00:00:00+00:00","20250731004","ec22c4d3-700e-4b48-b8b2-5fb448e5c713","2","1570","蝦皮","","已完成","2026-04-22T10:12:19.37881+00:00","874","348","6bd05ea5-44eb-46de-a7f2-cd540b4ca715",""
"faf0ae17-0112-411f-a4f2-3a78610c899f","2026-03-24T00:00:00+00:00","20260324001","42687ef1-23ac-4ac9-8a31-fec0072b8a69","1","1365","蝦皮","","已完成","2026-04-23T07:59:59.938636+00:00","528","837","6bd05ea5-44eb-46de-a7f2-cd540b4ca715",""
"9192c526-92ad-43c9-b1ec-5f95b2757db1","2026-03-29T00:00:00+00:00","20260329014","42687ef1-23ac-4ac9-8a31-fec0072b8a69","1","1506","蝦皮","","已完成","2026-04-23T07:59:59.938636+00:00","646","860","6bd05ea5-44eb-46de-a7f2-cd540b4ca715",""
"abf2ad7f-87c8-4a60-a15b-e04f200dd926","2026-04-04T00:00:00+00:00","20260404021","42687ef1-23ac-4ac9-8a31-fec0072b8a69","1","1590","蝦皮"," (平台手續費: 206.39)","已完成","2026-04-27T16:58:39.25537+00:00","605.61","778","6bd05ea5-44eb-46de-a7f2-cd540b4ca715","206.39"
"4ebf1473-e577-4efe-9f3d-1ab4d091915f","2026-04-05T00:00:00+00:00","20260405005","f4525808-8392-4881-8085-77ba4d5fbac5","1","1402","蝦皮","","已出貨","2026-04-25T14:18:11.557146+00:00","602","800","6bd05ea5-44eb-46de-a7f2-cd540b4ca715",""
"5ab779db-ad46-4f7d-99fa-5802e078129d","2026-04-05T00:00:00+00:00","20260405012","bebae2c8-6114-4d9b-9129-f6910d2aae1a","1","630","蝦皮"," (平台手續費: 62.03)","已出貨","2026-04-27T17:02:36.670323+00:00","218.97","349","6bd05ea5-44eb-46de-a7f2-cd540b4ca715","62.03"
"855b764d-1e1d-4828-953e-27b9af4a4e92","2026-04-05T00:00:00+00:00","20260405014","3f4ea6f8-463d-4b22-8770-f1e6edaad26c","1","590","蝦皮"," (平台手續費: 58.1)","已出貨","2026-04-27T17:02:36.670323+00:00","303.15","228.75","6bd05ea5-44eb-46de-a7f2-cd540b4ca715","58.1"
"2195a7c2-e907-49f1-bde5-edd8c0b17401","2025-07-09T00:00:00+00:00","20250709002","ec22c4d3-700e-4b48-b8b2-5fb448e5c713","1","785","蝦皮","","已完成","2026-04-22T10:12:19.37881+00:00","423","362","6bd05ea5-44eb-46de-a7f2-cd540b4ca715",""
"906a889c-5325-4dca-82bf-a9497ecb1c17","2026-04-04T00:00:00+00:00","20260404015","42687ef1-23ac-4ac9-8a31-fec0072b8a69","1","1370","蝦皮","","已出貨","2026-04-25T14:17:47.189263+00:00","577","793","6bd05ea5-44eb-46de-a7f2-cd540b4ca715",""
"dc4a39ed-4cec-4b87-9a4e-38d3c22996bf","2025-07-18T00:00:00+00:00","20250718005","ec22c4d3-700e-4b48-b8b2-5fb448e5c713","2","1538","蝦皮","","已完成","2026-04-22T10:12:19.37881+00:00","897","320.5","6bd05ea5-44eb-46de-a7f2-cd540b4ca715",""
"55d2f13e-40f0-4d42-92ce-b9e231d608e5","2025-07-09T00:00:00+00:00","20250709003","ec22c4d3-700e-4b48-b8b2-5fb448e5c713","1","785","蝦皮","","已完成","2026-04-22T10:12:19.37881+00:00","435","350","6bd05ea5-44eb-46de-a7f2-cd540b4ca715",""
"8bae9690-45f0-4700-b21f-1dabd72d9184","2026-05-10T00:00:00+00:00","20260510011","42687ef1-23ac-4ac9-8a31-fec0072b8a69","1","1690","蝦皮"," (平台手續費: 197)","已出貨","2026-05-15T15:30:51.217432+00:00","731","762","6bd05ea5-44eb-46de-a7f2-cd540b4ca715","197"
"79867746-8568-4a66-bd1b-ddf797fb1315","2026-03-26T00:00:00+00:00","20260326001","42687ef1-23ac-4ac9-8a31-fec0072b8a69","1","1400","蝦皮","","已完成","2026-04-23T07:59:59.938636+00:00","562","838","6bd05ea5-44eb-46de-a7f2-cd540b4ca715",""
"4f779bf4-f349-46ba-b5a6-3f4ffc8b5305","2026-05-10T00:00:00+00:00","20260510010","42687ef1-23ac-4ac9-8a31-fec0072b8a69","1","1690","蝦皮"," (平台手續費: 197)","已出貨","2026-05-15T15:30:25.454629+00:00","731","762","6bd05ea5-44eb-46de-a7f2-cd540b4ca715","197"
"eccde8e6-2d69-486c-ad40-1fcd4df46c03","2025-07-09T00:00:00+00:00","20250709001","ec22c4d3-700e-4b48-b8b2-5fb448e5c713","1","785","蝦皮","","已完成","2026-04-22T10:12:19.37881+00:00","398","387","6bd05ea5-44eb-46de-a7f2-cd540b4ca715",""
"1d46ba17-c8dc-489e-8d3b-b2d2c00792b0","2026-04-05T00:00:00+00:00","20260405011","f4525808-8392-4881-8085-77ba4d5fbac5","1","1590","蝦皮"," (平台手續費: 156.56)","已出貨","2026-04-27T17:02:36.670323+00:00","640.44","793","6bd05ea5-44eb-46de-a7f2-cd540b4ca715","156.56"
"dfec2624-c0f9-4da8-9b80-bbe09c7406d9","2026-04-18T00:00:00+00:00","20260418017","74bde7af-4f81-42ed-8948-902920eca0d6","1","320","賣貨便","","已出貨","2026-05-15T15:32:30.097634+00:00","157","163","6bd05ea5-44eb-46de-a7f2-cd540b4ca715","0"
"a0e43ab4-6399-4f9b-b0f5-5af38d6447c9","2026-05-04T00:00:00+00:00","20260504005","3fdbf8de-0d66-4443-8b67-e4595bb19951","1","2990","蝦皮"," (平台手續費: 300)","已出貨","2026-05-12T06:57:04.30574+00:00","925","1765","6bd05ea5-44eb-46de-a7f2-cd540b4ca715","300"
"a0b186ba-086c-433b-b83f-bd7c0a032624","2025-07-27T00:00:00+00:00","20250727002","ec22c4d3-700e-4b48-b8b2-5fb448e5c713","1","785","蝦皮","","已完成","2026-04-22T10:12:19.37881+00:00","436","349","6bd05ea5-44eb-46de-a7f2-cd540b4ca715",""
"32a0b7eb-f7ae-46bf-96d1-27ecb95c1f8f","2026-05-04T00:00:00+00:00","20260504002","c9312678-b872-45eb-963c-50ecf4053558","1","200","賣貨便","","已出貨","2026-05-05T11:26:21.103264+00:00","197","3","6bd05ea5-44eb-46de-a7f2-cd540b4ca715","0"
"48ea41f6-27d5-43da-b547-bf4bef4c84c3","2026-05-04T00:00:00+00:00","20260504003","44ddd95c-e45f-448b-a1eb-fd57f46db195","1","410","賣貨便","","已出貨","2026-05-05T11:26:21.103264+00:00","177","233","6bd05ea5-44eb-46de-a7f2-cd540b4ca715","0"
"e34c5fa2-607f-4a07-ae8b-d017b9c98535","2026-04-23T00:00:00+00:00","20260423011","2e8e374f-1462-48f8-a05b-5793b52afa22","1","398","蝦皮","","已出貨","2026-04-25T14:18:55.469258+00:00","165","233","6bd05ea5-44eb-46de-a7f2-cd540b4ca715",""
"999e7c39-793e-4734-861f-47e669e37fac","2025-10-09T00:00:00+00:00","20251009030","baae2e81-583f-4416-934a-25a731f85f5d","1","490","蝦皮","","已完成","2026-04-23T07:34:29.273341+00:00","234","256","6bd05ea5-44eb-46de-a7f2-cd540b4ca715",""
"2b514e87-6aa2-4001-8771-d0a62798fd45","2025-07-11T00:00:00+00:00","20250711003","25a6ee7d-469f-4018-99aa-96ada95d682f","1","190","蝦皮","","已完成","2026-04-22T10:12:19.37881+00:00","90","100","6bd05ea5-44eb-46de-a7f2-cd540b4ca715",""
"1cfa2656-f8ea-4b2f-8122-69db40ce448c","2025-07-11T00:00:00+00:00","20250711002","39749fa7-2bb1-4c7a-abe5-1c35b0a3bb5b","1","1750","蝦皮","","已完成","2026-04-22T10:12:19.37881+00:00","819","931","6bd05ea5-44eb-46de-a7f2-cd540b4ca715",""
"4178213c-6b26-4106-a4c5-fc02f0e7e592","2025-07-11T00:00:00+00:00","20250711008","3b0bfad1-adc2-43de-a1df-b0bc481abd5f","1","1100","蝦皮","","已完成","2026-04-22T10:12:19.37881+00:00","431","669","6bd05ea5-44eb-46de-a7f2-cd540b4ca715",""
"aae71ec3-07c7-4908-be25-a3f244d34d36","2025-07-16T00:00:00+00:00","20250716003","3b0bfad1-adc2-43de-a1df-b0bc481abd5f","1","1100","蝦皮","","已完成","2026-04-22T10:12:19.37881+00:00","451","649","6bd05ea5-44eb-46de-a7f2-cd540b4ca715",""
"ed1775d0-5856-4b5b-ad29-55a0615bb2e0","2025-07-25T00:00:00+00:00","20250725002","ca109ed6-b78e-4566-abaf-8a5c914e57da","1","1150","蝦皮","","已完成","2026-04-22T10:12:19.37881+00:00","303","847","6bd05ea5-44eb-46de-a7f2-cd540b4ca715",""
"a31baf2d-ef6f-4747-91b5-9c018ab3f258","2025-07-19T00:00:00+00:00","20250719001","ca109ed6-b78e-4566-abaf-8a5c914e57da","1","1150","蝦皮","","已完成","2026-04-22T10:12:19.37881+00:00","297","853","6bd05ea5-44eb-46de-a7f2-cd540b4ca715",""
"cb714c2c-1be2-4e5e-9205-0fadb0a6aff5","2025-07-31T00:00:00+00:00","20250731005","13a5ef17-86ea-4659-96d4-0d4b67389437","1","2000","蝦皮","","已完成","2026-04-22T10:12:19.37881+00:00","594","1406","6bd05ea5-44eb-46de-a7f2-cd540b4ca715",""
"1f17dc79-e4df-42b9-b991-60a8f32af45c","2025-11-30T00:00:00+00:00","20251130001","9d577969-5b08-4aa5-8a46-ba742aafddd3","1","215","蝦皮","","已完成","2026-04-23T07:37:48.563128+00:00","79.25","135.75","6bd05ea5-44eb-46de-a7f2-cd540b4ca715",""
"c6f0741e-b2a4-41dc-8c1c-f1d70942cda0","2026-05-11T00:00:00+00:00","20260511001","e4c49e83-c66c-43d3-ab5c-c70933d260b0","1","200","賣貨便","","已出貨","2026-05-15T16:03:28.550993+00:00","130.5","69.5","6bd05ea5-44eb-46de-a7f2-cd540b4ca715","0"
"38e34e54-11f5-46cf-91c1-41818fa0b822","2026-04-23T00:00:00+00:00","20260423012","3c5abc2e-97ab-426f-8d4c-a155553252bc","1","1311","蝦皮","","已出貨","2026-04-25T14:20:03.184444+00:00","581","730","6bd05ea5-44eb-46de-a7f2-cd540b4ca715",""
"f36ad831-6c0f-4d63-940a-a92ca7f21ad6","2026-04-26T00:00:00+00:00","20260426001","caa4240a-d932-4641-b05a-72ddbf2379e4","1","3200","蝦皮"," (平台手續費: 303.16)","已出貨","2026-04-28T15:30:53.03898+00:00","1049.84","1847","6bd05ea5-44eb-46de-a7f2-cd540b4ca715","303.16"
"b1b5f776-59df-44ce-b5ee-a3dbb8b500ff","2026-05-05T00:00:00+00:00","20260505005","2e8e374f-1462-48f8-a05b-5793b52afa22","1","410","賣貨便","","已出貨","2026-05-05T11:29:01.413945+00:00","232","178","6bd05ea5-44eb-46de-a7f2-cd540b4ca715","0"
"48fb3c5c-aaba-423f-80bc-47fac0b7f5b7","2026-05-05T00:00:00+00:00","20260505006","bebae2c8-6114-4d9b-9129-f6910d2aae1a","1","590","賣貨便","","已出貨","2026-05-05T11:29:01.413945+00:00","310.5","279.5","6bd05ea5-44eb-46de-a7f2-cd540b4ca715","0"
"ec02c15f-5143-4fd8-8931-f5aacd90f369","2026-05-05T00:00:00+00:00","20260505008","abed326e-e19a-4924-83b8-057e1a8bf60e","1","260","賣貨便","","已出貨","2026-05-05T11:29:01.413945+00:00","136","124","6bd05ea5-44eb-46de-a7f2-cd540b4ca715","0"
"a3f08463-3795-48a1-a679-502c427d9e18","2026-05-05T00:00:00+00:00","20260505009","8c39dc33-8ade-40c9-9aea-ec9003281c80","1","230","賣貨便","","已出貨","2026-05-05T11:29:01.413945+00:00","114","116","6bd05ea5-44eb-46de-a7f2-cd540b4ca715","0"
"ea05c1f6-d79f-4707-ad06-d4dbc9ce6635","2026-04-26T00:00:00+00:00","20260426003","521fa2f4-0f4d-47b3-8766-26023deb74f3","1","420","蝦皮"," (平台手續費: 39.79)","已出貨","2026-04-28T15:30:53.03898+00:00","261.21","119","6bd05ea5-44eb-46de-a7f2-cd540b4ca715","39.79"
"7824d55e-99bc-45d1-8354-909f5af8fa68","2026-04-07T00:00:00+00:00","20260407012","f4525808-8392-4881-8085-77ba4d5fbac5","1","1590","蝦皮"," (平台手續費: 188)","已出貨","2026-04-28T15:31:49.633486+00:00","647","755","6bd05ea5-44eb-46de-a7f2-cd540b4ca715","188"
"bd8145e7-a4a8-4f97-86ed-53667883707b","2025-07-11T00:00:00+00:00","20250711004","ec22c4d3-700e-4b48-b8b2-5fb448e5c713","1","785","蝦皮","","已完成","2026-04-22T10:12:19.37881+00:00","418","367","6bd05ea5-44eb-46de-a7f2-cd540b4ca715",""
"8afe0c4e-3a9d-4f99-9dc4-ef69962fbeea","2026-05-05T00:00:00+00:00","20260505007","3f4ea6f8-463d-4b22-8770-f1e6edaad26c","1","490","賣貨便","","已出貨","2026-05-05T11:29:01.413945+00:00","212.5","277.5","6bd05ea5-44eb-46de-a7f2-cd540b4ca715","0"
"1b4c18c8-f4f1-48db-998b-b966f742967b","2026-04-11T00:00:00+00:00","20260411013","2e8e374f-1462-48f8-a05b-5793b52afa22","1","410","蝦皮","","已完成","2026-04-23T08:03:47.758209+00:00","180","230","6bd05ea5-44eb-46de-a7f2-cd540b4ca715",""
"23a4ee35-79e7-4611-877b-884647f4ecb5","2026-04-26T00:00:00+00:00","20260426002","3f4ea6f8-463d-4b22-8770-f1e6edaad26c","1","560","蝦皮"," (平台手續費: 53.05)","已出貨","2026-04-28T15:30:53.03898+00:00","229.45","277.5","6bd05ea5-44eb-46de-a7f2-cd540b4ca715","53.05"
"08a186e0-26d5-4c6c-aaa9-14efd3dd09cc","2025-07-09T00:00:00+00:00","20250709004","ec22c4d3-700e-4b48-b8b2-5fb448e5c713","1","785","蝦皮","","已完成","2026-04-22T10:12:19.37881+00:00","434","351","6bd05ea5-44eb-46de-a7f2-cd540b4ca715",""
"9f1a7868-522d-44b4-8f95-4f1d706d39a5","2025-07-08T00:00:00+00:00","20250708010","ec22c4d3-700e-4b48-b8b2-5fb448e5c713","1","769","蝦皮","","已完成","2026-04-22T10:12:19.37881+00:00","463","306","6bd05ea5-44eb-46de-a7f2-cd540b4ca715",""
"3a3152e3-40ba-414f-828b-52035c304709","2025-07-25T00:00:00+00:00","20250725001","ec22c4d3-700e-4b48-b8b2-5fb448e5c713","1","768","蝦皮","","已完成","2026-04-22T10:12:19.37881+00:00","397","371","6bd05ea5-44eb-46de-a7f2-cd540b4ca715",""
"25c98353-8475-4dfe-898c-9f803bd6301f","2025-07-25T00:00:00+00:00","20250725003","ec22c4d3-700e-4b48-b8b2-5fb448e5c713","1","768","蝦皮","","已完成","2026-04-22T10:12:19.37881+00:00","414","354","6bd05ea5-44eb-46de-a7f2-cd540b4ca715",""
"30b92970-03e7-4f88-ae36-11996b9d1225","2025-08-20T00:00:00+00:00","20250820002","ec22c4d3-700e-4b48-b8b2-5fb448e5c713","1","785","蝦皮","","已完成","2026-04-23T07:25:14.828255+00:00","428","357","6bd05ea5-44eb-46de-a7f2-cd540b4ca715",""
"96da891d-b214-42f7-9615-604094154b81","2025-07-16T00:00:00+00:00","20250716004","ec22c4d3-700e-4b48-b8b2-5fb448e5c713","1","785","蝦皮","","已完成","2026-04-22T10:12:19.37881+00:00","448","337","6bd05ea5-44eb-46de-a7f2-cd540b4ca715",""
"d5788379-82eb-44ba-8a97-7c6a9ebf4b29","2025-07-28T00:00:00+00:00","20250728004","ec22c4d3-700e-4b48-b8b2-5fb448e5c713","1","785","蝦皮","","已完成","2026-04-22T10:12:19.37881+00:00","436","349","6bd05ea5-44eb-46de-a7f2-cd540b4ca715",""
"8becb397-3253-44f5-a307-78a8b16605fa","2025-07-25T00:00:00+00:00","20250725004","ec22c4d3-700e-4b48-b8b2-5fb448e5c713","1","768","蝦皮","","已完成","2026-04-22T10:12:19.37881+00:00","405","363","6bd05ea5-44eb-46de-a7f2-cd540b4ca715",""
"bd3fe5ae-57bb-47c0-8e16-25a98324464f","2025-07-18T00:00:00+00:00","20250718002","ec22c4d3-700e-4b48-b8b2-5fb448e5c713","1","769","蝦皮","","已完成","2026-04-22T10:12:19.37881+00:00","440","329","6bd05ea5-44eb-46de-a7f2-cd540b4ca715",""
"f0127773-a1d6-4362-98ae-5534ebb1331b","2025-07-28T00:00:00+00:00","20250728002","ec22c4d3-700e-4b48-b8b2-5fb448e5c713","1","785","蝦皮","","已完成","2026-04-22T10:12:19.37881+00:00","442","343","6bd05ea5-44eb-46de-a7f2-cd540b4ca715",""
"d24f93c8-299f-4e09-8844-5b67abe47f2b","2026-05-05T00:00:00+00:00","20260505010","00d452f9-a0b8-417f-a358-23091ba36053","1","280","賣貨便","","已出貨","2026-05-05T11:29:01.413945+00:00","140.5","139.5","6bd05ea5-44eb-46de-a7f2-cd540b4ca715","0"
"f1133d44-6ab4-4eb4-af00-196ef8d8a339","2026-05-02T00:00:00+00:00","20260502005","caa4240a-d932-4641-b05a-72ddbf2379e4","1","3110","蝦皮"," (平台手續費: 310)","已出貨","2026-05-12T06:57:33.318506+00:00","933","1867","6bd05ea5-44eb-46de-a7f2-cd540b4ca715","310"
"fdc7974a-1824-4bac-8045-8e8ec841f79f","2026-04-04T00:00:00+00:00","20260404012","1047bac0-fec4-43f0-8205-00f485f3b3f6","2","900","蝦皮","","已出貨","2026-04-23T14:48:24.36919+00:00","500","200","6bd05ea5-44eb-46de-a7f2-cd540b4ca715",""
"06f52a8d-ac68-4e53-b681-4ff50199a8ea","2025-08-13T00:00:00+00:00","20250813007","3c5abc2e-97ab-426f-8d4c-a155553252bc","1","1229","蝦皮","","已完成","2026-04-23T07:25:14.828255+00:00","560","669","6bd05ea5-44eb-46de-a7f2-cd540b4ca715",""
"930479fd-4137-464f-a51c-4e04455a49c8","2026-03-28T00:00:00+00:00","20260328026","e31e1bdc-6fc8-4a6f-955f-1a149d692117","1","310","蝦皮","","已完成","2026-04-23T07:59:59.938636+00:00","83","227","6bd05ea5-44eb-46de-a7f2-cd540b4ca715",""
"28d2f05a-cab3-4cc2-97e7-08c14f743003","2025-08-21T00:00:00+00:00","20250821002","ec22c4d3-700e-4b48-b8b2-5fb448e5c713","1","785","蝦皮","","已完成","2026-04-23T07:25:14.828255+00:00","449","336","6bd05ea5-44eb-46de-a7f2-cd540b4ca715",""
"34622b9b-69b1-4b56-82e3-dacfd1bd5673","2026-04-04T00:00:00+00:00","20260404017","caa4240a-d932-4641-b05a-72ddbf2379e4","1","2820","蝦皮","","已出貨","2026-04-25T14:19:12.464233+00:00","1040","1780","6bd05ea5-44eb-46de-a7f2-cd540b4ca715",""
"0f768a0d-e74e-4f78-a019-e1ede2d4cea0","2026-04-26T00:00:00+00:00","20260426005","d42b6451-613f-4d9b-88a7-bc7090a2fb0d","1","380","賣貨便","","已出貨","2026-05-15T16:04:34.960336+00:00","275","105","6bd05ea5-44eb-46de-a7f2-cd540b4ca715","0"
"177a9e10-7590-4d88-9ea7-cd111d8b8661","2026-04-26T00:00:00+00:00","20260426004","3fdbf8de-0d66-4443-8b67-e4595bb19951","1","2650","賣貨便","","已出貨","2026-05-15T16:04:34.960336+00:00","830.5","1819.5","6bd05ea5-44eb-46de-a7f2-cd540b4ca715","0"
"05c5be26-a655-4bea-b499-ef0277ac78d2","2026-05-08T00:00:00+00:00","20260508002","3fdbf8de-0d66-4443-8b67-e4595bb19951","1","2990","蝦皮"," (平台手續費: 300)","已出貨","2026-05-14T06:09:01.931554+00:00","803","1887","6bd05ea5-44eb-46de-a7f2-cd540b4ca715","300"
"285d0890-631e-4d0e-9ba4-e198413a6b5a","2026-05-05T00:00:00+00:00","20260505011","9d623512-b92a-45ef-8b9b-90e38dcaae52","1","350","賣貨便","","未出貨","2026-05-07T17:36:30.985819+00:00","223","127","6bd05ea5-44eb-46de-a7f2-cd540b4ca715","0"
"5a5107b1-99da-4634-9124-0989bf360b2b","2026-05-05T00:00:00+00:00","20260505012","44ddd95c-e45f-448b-a1eb-fd57f46db195","1","450","賣貨便","","未出貨","2026-05-07T17:36:30.985819+00:00","194","256","6bd05ea5-44eb-46de-a7f2-cd540b4ca715","0"
"65427167-d8c8-4c69-9385-923502f80fa4","2025-10-11T00:00:00+00:00","20251011005","4580ae23-9c31-4547-b940-2c6bc1ef8a77","1","462","蝦皮","","已完成","2026-04-23T07:34:29.273341+00:00","311.5","150.5","6bd05ea5-44eb-46de-a7f2-cd540b4ca715",""
"2da4e32e-5af5-44bf-9eea-ecb71f7b622d","2026-04-08T00:00:00+00:00","20260408007","13a5ef17-86ea-4659-96d4-0d4b67389437","1","2480","蝦皮"," (平台手續費: 258)","已出貨","2026-04-28T15:32:26.37215+00:00","685","1537","6bd05ea5-44eb-46de-a7f2-cd540b4ca715","258"
"0db1fc56-c858-4b1f-a536-8b84065a06ba","2026-05-12T00:00:00+00:00","20260512001","3fdbf8de-0d66-4443-8b67-e4595bb19951","1","2990","蝦皮"," (平台手續費: 300)","已出貨","2026-05-12T06:58:45.407707+00:00","851","1839","6bd05ea5-44eb-46de-a7f2-cd540b4ca715","300"
"95bf0829-f66b-45dd-9ecd-cb326aa92e32","2026-04-19T00:00:00+00:00","20260419001","42687ef1-23ac-4ac9-8a31-fec0072b8a69","1","1450","賣貨便","","已出貨","2026-05-15T16:05:13.143966+00:00","658","792","6bd05ea5-44eb-46de-a7f2-cd540b4ca715","0"
"51e3ea98-7e4d-4891-af6c-60d3100a4b2d","2025-08-03T00:00:00+00:00","20250803001","b452eb6d-32f7-40fc-b60d-97b1ae53b09d","1","1200","蝦皮","","已完成","2026-04-23T07:25:14.828255+00:00","471","729","6bd05ea5-44eb-46de-a7f2-cd540b4ca715",""
"c0787621-824d-4502-bfb7-9204059177e3","2025-08-17T00:00:00+00:00","20250817006","ec22c4d3-700e-4b48-b8b2-5fb448e5c713","1","785","蝦皮","","已完成","2026-04-23T07:25:14.828255+00:00","451","334","6bd05ea5-44eb-46de-a7f2-cd540b4ca715",""
"167da3ef-fa19-4efd-8846-9c9124861191","2025-08-18T00:00:00+00:00","20250818002","ec22c4d3-700e-4b48-b8b2-5fb448e5c713","1","785","蝦皮","","已完成","2026-04-23T07:25:14.828255+00:00","450","335","6bd05ea5-44eb-46de-a7f2-cd540b4ca715",""
"588dace0-1575-4e24-a427-686379355386","2025-08-14T00:00:00+00:00","20250814002","b452eb6d-32f7-40fc-b60d-97b1ae53b09d","1","1285","蝦皮","","已完成","2026-04-23T07:25:14.828255+00:00","376","909","6bd05ea5-44eb-46de-a7f2-cd540b4ca715",""
"ba957cd4-7e72-409f-8612-2547382aef00","2025-12-26T00:00:00+00:00","20251226001","fed51161-1f87-4f2e-8192-38c416248234","1","3200","蝦皮","","已完成","2026-04-23T07:41:26.12012+00:00","779","2421","6bd05ea5-44eb-46de-a7f2-cd540b4ca715",""
"3ffbe87f-187e-4fe8-8daf-b1e73b780641","2025-12-27T00:00:00+00:00","20251227001","46b9c9d0-d20a-4246-96e1-3a5e8f969e02","1","850","蝦皮","","已完成","2026-04-23T07:41:26.12012+00:00","224.5","625.5","6bd05ea5-44eb-46de-a7f2-cd540b4ca715",""
"ec765c26-6a05-44a2-b454-dacbcdf03094","2025-12-27T00:00:00+00:00","20251227002","0a8f1409-d167-44aa-bddb-bac511d0bc7d","2","780","蝦皮","","已完成","2026-04-23T07:41:26.12012+00:00","429","175.5","6bd05ea5-44eb-46de-a7f2-cd540b4ca715",""
"897f0159-7178-4ac2-87e5-524ca6637511","2025-08-17T00:00:00+00:00","20250817008","b452eb6d-32f7-40fc-b60d-97b1ae53b09d","1","1285","蝦皮","","已完成","2026-04-23T07:25:14.828255+00:00","449","836","6bd05ea5-44eb-46de-a7f2-cd540b4ca715",""
"7289f252-8a2c-4c96-99d5-46fa8189fdaa","2025-08-01T00:00:00+00:00","20250801002","ec22c4d3-700e-4b48-b8b2-5fb448e5c713","1","785","蝦皮","","已完成","2026-04-23T07:25:14.828255+00:00","434","351","6bd05ea5-44eb-46de-a7f2-cd540b4ca715",""
"d8aa8df2-5f07-449f-97ca-606489fb4eff","2025-08-10T00:00:00+00:00","20250810003","3c5abc2e-97ab-426f-8d4c-a155553252bc","1","1229","蝦皮","","已完成","2026-04-23T07:25:14.828255+00:00","557","672","6bd05ea5-44eb-46de-a7f2-cd540b4ca715",""
"d448ba14-ed92-43e4-a828-2593f2fdcbee","2025-08-12T00:00:00+00:00","20250812002","3c5abc2e-97ab-426f-8d4c-a155553252bc","1","1229","蝦皮","","已完成","2026-04-23T07:25:14.828255+00:00","594","635","6bd05ea5-44eb-46de-a7f2-cd540b4ca715",""
"98f0d5c3-3084-40bf-afc9-0b36971b41b4","2025-08-02T00:00:00+00:00","20250802002","3c5abc2e-97ab-426f-8d4c-a155553252bc","1","1127","蝦皮","","已完成","2026-04-23T07:25:14.828255+00:00","399","728","6bd05ea5-44eb-46de-a7f2-cd540b4ca715",""
"44052ea4-f52b-43b2-b4b0-8f9acf4ec335","2025-08-02T00:00:00+00:00","20250802005","5b03f140-fb75-4a42-9e7c-a6515abbab08","1","790","蝦皮","","已完成","2026-04-23T07:25:14.828255+00:00","290","500","6bd05ea5-44eb-46de-a7f2-cd540b4ca715",""
"0cfc1a17-a4aa-4c34-8dde-2b092357dfae","2025-08-03T00:00:00+00:00","20250803003","5b03f140-fb75-4a42-9e7c-a6515abbab08","1","790","蝦皮","","已完成","2026-04-23T07:25:14.828255+00:00","290","500","6bd05ea5-44eb-46de-a7f2-cd540b4ca715",""
"520ae4ca-b703-43fe-8a16-0535f44abfc2","2026-03-24T00:00:00+00:00","20260324006","caa4240a-d932-4641-b05a-72ddbf2379e4","1","2882","蝦皮","","已完成","2026-04-23T07:59:59.938636+00:00","975","1907","6bd05ea5-44eb-46de-a7f2-cd540b4ca715",""
"32529201-c4cf-427c-8065-fd46540b3737","2026-04-10T00:00:00+00:00","20260410002","caa4240a-d932-4641-b05a-72ddbf2379e4","1","3200","蝦皮"," (平台手續費: 318)","已出貨","2026-04-28T15:31:21.837253+00:00","1049","1833","6bd05ea5-44eb-46de-a7f2-cd540b4ca715","318"
"d7c874c6-8a82-44c9-a737-3f7e66ded865","2025-08-08T00:00:00+00:00","20250808002","ec22c4d3-700e-4b48-b8b2-5fb448e5c713","1","768","蝦皮","","已完成","2026-04-23T07:25:14.828255+00:00","414","354","6bd05ea5-44eb-46de-a7f2-cd540b4ca715",""
"d92e780d-0325-4020-b3aa-446e23f93dcd","2025-08-13T00:00:00+00:00","20250813004","ec22c4d3-700e-4b48-b8b2-5fb448e5c713","1","768","蝦皮","","已完成","2026-04-23T07:25:14.828255+00:00","402","366","6bd05ea5-44eb-46de-a7f2-cd540b4ca715",""
"6cb10ce9-9e9c-4367-a087-23847fa1d89c","2025-08-17T00:00:00+00:00","20250817001","ec22c4d3-700e-4b48-b8b2-5fb448e5c713","1","785","蝦皮","","已完成","2026-04-23T07:25:14.828255+00:00","403","382","6bd05ea5-44eb-46de-a7f2-cd540b4ca715",""
"5aa67e25-847d-494a-ae7e-7d8a81ddf479","2025-08-21T00:00:00+00:00","20250821004","ec22c4d3-700e-4b48-b8b2-5fb448e5c713","1","785","蝦皮","","已完成","2026-04-23T07:25:14.828255+00:00","449","336","6bd05ea5-44eb-46de-a7f2-cd540b4ca715",""
"85a723fb-4239-4ecd-a055-8b05ab8b8775","2025-08-21T00:00:00+00:00","20250821001","ec22c4d3-700e-4b48-b8b2-5fb448e5c713","1","785","蝦皮","","已完成","2026-04-23T07:25:14.828255+00:00","437","348","6bd05ea5-44eb-46de-a7f2-cd540b4ca715",""
"b6d1dea9-0302-4e16-bef6-633225c15f3e","2025-08-17T00:00:00+00:00","20250817004","ec22c4d3-700e-4b48-b8b2-5fb448e5c713","1","785","蝦皮","","已完成","2026-04-23T07:25:14.828255+00:00","409","376","6bd05ea5-44eb-46de-a7f2-cd540b4ca715",""
"66d51a81-52e4-4edd-9a96-779cbe6aed6e","2025-08-14T00:00:00+00:00","20250814001","ec22c4d3-700e-4b48-b8b2-5fb448e5c713","1","785","蝦皮","","已完成","2026-04-23T07:25:14.828255+00:00","452","333","6bd05ea5-44eb-46de-a7f2-cd540b4ca715",""
"fdcdd65d-5685-4ed8-bfb9-d5d8e87a8e44","2025-08-13T00:00:00+00:00","20250813005","ec22c4d3-700e-4b48-b8b2-5fb448e5c713","1","768","蝦皮","","已完成","2026-04-23T07:25:14.828255+00:00","402","366","6bd05ea5-44eb-46de-a7f2-cd540b4ca715",""
"2a68fbab-adf2-4e58-8451-e3ed771dac11","2025-08-04T00:00:00+00:00","20250804002","ec22c4d3-700e-4b48-b8b2-5fb448e5c713","1","785","蝦皮","","已完成","2026-04-23T07:25:14.828255+00:00","452","333","6bd05ea5-44eb-46de-a7f2-cd540b4ca715",""
"67fe5700-3bca-453f-a276-df4d812ec245","2025-08-02T00:00:00+00:00","20250802001","ec22c4d3-700e-4b48-b8b2-5fb448e5c713","1","785","蝦皮","","已完成","2026-04-23T07:25:14.828255+00:00","434","351","6bd05ea5-44eb-46de-a7f2-cd540b4ca715",""
"4c278b0c-669e-47fd-9d7a-6e6b4deb3006","2026-05-08T00:00:00+00:00","20260508001","caa4240a-d932-4641-b05a-72ddbf2379e4","1","3110","蝦皮"," (平台手續費: 310)","已出貨","2026-05-12T06:58:01.890828+00:00","949","1851","6bd05ea5-44eb-46de-a7f2-cd540b4ca715","310"
"3e3d13d6-463f-45de-9699-5950b9f29a6a","2026-05-04T00:00:00+00:00","20260504006","caa4240a-d932-4641-b05a-72ddbf2379e4","1","3110","蝦皮"," (平台手續費: 310)","已出貨","2026-05-12T06:58:23.896587+00:00","919","1881","6bd05ea5-44eb-46de-a7f2-cd540b4ca715","310"
"ad3403bf-8ec3-4b8e-ac20-a04dba6ff80f","2025-08-12T00:00:00+00:00","20250812001","ec22c4d3-700e-4b48-b8b2-5fb448e5c713","1","785","蝦皮","","已完成","2026-04-23T07:25:14.828255+00:00","419","366","6bd05ea5-44eb-46de-a7f2-cd540b4ca715",""
"e228eb1f-8ad0-4a2d-b96d-4575294e9ec8","2025-08-15T00:00:00+00:00","20250815001","ec22c4d3-700e-4b48-b8b2-5fb448e5c713","1","785","蝦皮","","已完成","2026-04-23T07:25:14.828255+00:00","409","376","6bd05ea5-44eb-46de-a7f2-cd540b4ca715",""
"57fc3867-8855-4579-ae4d-f894287718cb","2025-08-01T00:00:00+00:00","20250801006","ec22c4d3-700e-4b48-b8b2-5fb448e5c713","1","785","蝦皮","","已完成","2026-04-23T07:25:14.828255+00:00","454","331","6bd05ea5-44eb-46de-a7f2-cd540b4ca715",""
"412bc454-5ad7-4c93-b84e-351abeaddb2b","2025-08-21T00:00:00+00:00","20250821003","ec22c4d3-700e-4b48-b8b2-5fb448e5c713","1","785","蝦皮","","已完成","2026-04-23T07:25:14.828255+00:00","458","327","6bd05ea5-44eb-46de-a7f2-cd540b4ca715",""
"2299e614-f9fc-45bb-a60d-0a31e2879209","2025-08-18T00:00:00+00:00","20250818001","ec22c4d3-700e-4b48-b8b2-5fb448e5c713","1","785","蝦皮","","已完成","2026-04-23T07:25:14.828255+00:00","417","368","6bd05ea5-44eb-46de-a7f2-cd540b4ca715",""
"9f52a78f-c010-437d-a75a-3528945bf9c9","2025-08-09T00:00:00+00:00","20250809001","ec22c4d3-700e-4b48-b8b2-5fb448e5c713","1","769","蝦皮","","已完成","2026-04-23T07:25:14.828255+00:00","414","355","6bd05ea5-44eb-46de-a7f2-cd540b4ca715",""
"43dad0c8-55ff-4ca8-9ee3-1095680f69eb","2025-08-03T00:00:00+00:00","20250803002","86f1293c-6bd7-45e5-b6a6-ec8a286c1c43","1","1008","蝦皮","","已完成","2026-04-23T07:25:14.828255+00:00","530","478","6bd05ea5-44eb-46de-a7f2-cd540b4ca715",""
"563d85ce-94bf-4a96-b7a7-8a4e194f44f1","2025-08-06T00:00:00+00:00","20250806001","13a5ef17-86ea-4659-96d4-0d4b67389437","1","2000","蝦皮","","已完成","2026-04-23T07:25:14.828255+00:00","646","1354","6bd05ea5-44eb-46de-a7f2-cd540b4ca715",""
"9d9e5fd3-fffd-49e4-8e94-2c1b6d5c21f2","2026-05-05T00:00:00+00:00","20260505019","8c39dc33-8ade-40c9-9aea-ec9003281c80","1","330","賣貨便","","已出貨","2026-05-07T17:40:43.165123+00:00","167","163","6bd05ea5-44eb-46de-a7f2-cd540b4ca715","0"
"e0ae0b3c-0235-4a7a-b9d2-965c454e3d7f","2026-05-05T00:00:00+00:00","20260505015","44ddd95c-e45f-448b-a1eb-fd57f46db195","1","450","賣貨便","","已出貨","2026-05-07T17:40:43.165123+00:00","194","256","6bd05ea5-44eb-46de-a7f2-cd540b4ca715","0"
"75bfd76c-20d3-4eb2-9c12-51d0f7566a13","2026-05-05T00:00:00+00:00","20260505014","4b8194a3-5e26-471d-90e1-a65ccc52ddeb","1","1400","賣貨便","","已出貨","2026-05-07T17:40:43.165123+00:00","711","689","6bd05ea5-44eb-46de-a7f2-cd540b4ca715","0"
"f361ea8d-468a-4069-803a-dfaf27a7a379","2026-05-05T00:00:00+00:00","20260505024","3d76a682-1381-4a5e-b677-dddc4fe35920","1","200","賣貨便","","已出貨","2026-05-07T17:40:43.165123+00:00","81","119","6bd05ea5-44eb-46de-a7f2-cd540b4ca715","0"
"1e13cd60-63cf-47af-ba0e-612708d778f3","2026-04-04T00:00:00+00:00","20260404018","caa4240a-d932-4641-b05a-72ddbf2379e4","1","2818","蝦皮","","已出貨","2026-04-25T14:19:38.555062+00:00","903","1915","6bd05ea5-44eb-46de-a7f2-cd540b4ca715",""
"a83279c7-bf10-408f-bd00-9a03462ce19d","2026-04-29T00:00:00+00:00","20260429001","3fdbf8de-0d66-4443-8b67-e4595bb19951","1","2950","蝦皮"," (平台手續費: 297)","已出貨","2026-05-01T15:11:49.94303+00:00","780","1873","6bd05ea5-44eb-46de-a7f2-cd540b4ca715","297"
"63632916-1310-46c1-98b6-115615ebcf05","2026-05-05T00:00:00+00:00","20260505016","bebae2c8-6114-4d9b-9129-f6910d2aae1a","1","590","賣貨便","","已出貨","2026-05-07T17:40:43.165123+00:00","310.5","279.5","6bd05ea5-44eb-46de-a7f2-cd540b4ca715","0"
"0b0231fb-64de-4f5b-998a-77024d44f658","2026-05-05T00:00:00+00:00","20260505017","f65ce37d-f24e-44f0-8854-f06b7c95ec00","1","500","賣貨便","","已出貨","2026-05-07T17:40:43.165123+00:00","241.5","258.5","6bd05ea5-44eb-46de-a7f2-cd540b4ca715","0"
"5ac5a5a8-b863-47c7-ab8a-b872f17c83f4","2026-05-05T00:00:00+00:00","20260505018","e31e1bdc-6fc8-4a6f-955f-1a149d692117","1","450","賣貨便","","已出貨","2026-05-07T17:40:43.165123+00:00","260.5","189.5","6bd05ea5-44eb-46de-a7f2-cd540b4ca715","0"
"70d9c2c2-2620-4f6c-9ca2-48376e49bc2e","2026-05-05T00:00:00+00:00","20260505013","e4c49e83-c66c-43d3-ab5c-c70933d260b0","1","200","賣貨便","","已出貨","2026-05-07T17:40:43.165123+00:00","140","60","6bd05ea5-44eb-46de-a7f2-cd540b4ca715","0"
"c0f82744-bb91-47d5-87ae-cdc33e0171b7","2026-05-05T00:00:00+00:00","20260505022","fa678cdf-9296-4482-ac5f-6a3c6e1c0c40","1","250","賣貨便","","已出貨","2026-05-07T17:40:43.165123+00:00","140","110","6bd05ea5-44eb-46de-a7f2-cd540b4ca715","0"
"be537ece-e026-484f-88f3-132bebbcc5a6","2026-05-05T00:00:00+00:00","20260505023","e793066e-97dc-4948-830f-f4dfd1e3d767","1","200","賣貨便","","已出貨","2026-05-07T17:40:43.165123+00:00","107","93","6bd05ea5-44eb-46de-a7f2-cd540b4ca715","0"
"789591ea-bc6d-4729-8d27-3b3769b02d06","2026-05-05T00:00:00+00:00","20260505021","25e26489-df8e-4280-afbd-1e0e7e6adb2a","1","250","賣貨便","","已出貨","2026-05-07T17:40:43.165123+00:00","131","119","6bd05ea5-44eb-46de-a7f2-cd540b4ca715","0"
"8439dbb5-7b15-4f32-afa0-57060304e49d","2026-05-05T00:00:00+00:00","20260505025","43a184c3-1924-4c8e-bb18-bddda85f02bc","1","200","賣貨便","","已出貨","2026-05-07T17:40:43.165123+00:00","130","70","6bd05ea5-44eb-46de-a7f2-cd540b4ca715","0"
"70a30d61-87f8-4d94-804e-644180d9340a","2026-04-28T00:00:00+00:00","20260428001","3fdbf8de-0d66-4443-8b67-e4595bb19951","1","2890","蝦皮"," (平台手續費: 293)","已出貨","2026-05-01T15:13:19.634511+00:00","777.5","1819.5","6bd05ea5-44eb-46de-a7f2-cd540b4ca715","293"
"ff5c7c58-43d1-4592-a8f4-583b32088f34","2026-05-05T00:00:00+00:00","20260505028","3aaa8c81-4e7f-49b0-bd10-a23a2962921b","1","230","賣貨便","","已出貨","2026-05-07T17:40:43.165123+00:00","129","101","6bd05ea5-44eb-46de-a7f2-cd540b4ca715","0"
"21b0819d-aae8-4d01-a942-0a412f0bd61a","2026-05-05T00:00:00+00:00","20260505037","d2d6037f-61f4-453e-a441-794dff80cd51","1","330","賣貨便","","已出貨","2026-05-15T16:07:24.337532+00:00","206","124","6bd05ea5-44eb-46de-a7f2-cd540b4ca715","0"
"61786dbd-9b71-4480-8d9d-271cdab1c5ac","2026-05-05T00:00:00+00:00","20260505038","ad7e0321-79ee-4ff6-a917-1564a6d6faa0","1","360","賣貨便","","已出貨","2026-05-15T16:07:24.337532+00:00","220","140","6bd05ea5-44eb-46de-a7f2-cd540b4ca715","0"
"559a3d92-7ae4-4bcb-8be1-002390a9aa81","2026-05-05T00:00:00+00:00","20260505039","4b8194a3-5e26-471d-90e1-a65ccc52ddeb","1","1400","賣貨便","","已出貨","2026-05-15T16:07:24.337532+00:00","711","689","6bd05ea5-44eb-46de-a7f2-cd540b4ca715","0"
"0a80f9eb-c32a-4342-b3aa-347fff4f4af3","2026-05-05T00:00:00+00:00","20260505027","15499ade-7f61-4ce4-a302-719d7cea4dce","1","200","賣貨便","","已出貨","2026-05-07T17:40:43.165123+00:00","148","52","6bd05ea5-44eb-46de-a7f2-cd540b4ca715","0"
"c1d4fdbe-660e-4c85-8bd7-42aa9f980176","2026-05-05T00:00:00+00:00","20260505026","f62dc284-5daf-4772-a6a9-d69fd48af0f3","1","200","賣貨便","","已出貨","2026-05-07T17:40:43.165123+00:00","148","52","6bd05ea5-44eb-46de-a7f2-cd540b4ca715","0"
"504abf13-f93e-4d61-baf8-4dc337d77df9","2026-05-04T00:00:00+00:00","20260504007","42687ef1-23ac-4ac9-8a31-fec0072b8a69","1","1650","蝦皮"," (平台手續費: 194)","已出貨","2026-05-12T06:59:17.797055+00:00","760","696","6bd05ea5-44eb-46de-a7f2-cd540b4ca715","194"
"a8754fe8-94d6-4922-80ba-4861864b551f","2025-10-09T00:00:00+00:00","20251009027","663d9ec7-b548-4c6c-9c73-150008d5b512","1","310","蝦皮","","已完成","2026-04-23T07:34:29.273341+00:00","159.5","150.5","6bd05ea5-44eb-46de-a7f2-cd540b4ca715",""
"7926a76d-636d-4770-876b-512c6156512a","2026-03-28T00:00:00+00:00","20260328004","caa4240a-d932-4641-b05a-72ddbf2379e4","1","2950","蝦皮","","已完成","2026-04-23T07:59:59.938636+00:00","939","2011","6bd05ea5-44eb-46de-a7f2-cd540b4ca715",""
"6ae50b8c-ff96-45d9-b655-8237b6c0702e","2026-05-05T00:00:00+00:00","20260505020","ad7e0321-79ee-4ff6-a917-1564a6d6faa0","1","360","賣貨便","","已出貨","2026-05-07T17:40:43.165123+00:00","197","163","6bd05ea5-44eb-46de-a7f2-cd540b4ca715","0"
"b3f271d1-1c34-4140-9c14-84cf0e23737d","2025-08-14T00:00:00+00:00","20250814004","ec22c4d3-700e-4b48-b8b2-5fb448e5c713","1","785","蝦皮","","已完成","2026-04-23T07:25:14.828255+00:00","419","366","6bd05ea5-44eb-46de-a7f2-cd540b4ca715",""
"aaa4c1b7-55f0-4ca1-ae92-3d4bca5af359","2025-08-01T00:00:00+00:00","20250801003","ec22c4d3-700e-4b48-b8b2-5fb448e5c713","1","785","蝦皮","","已完成","2026-04-23T07:25:14.828255+00:00","421","364","6bd05ea5-44eb-46de-a7f2-cd540b4ca715",""
"750f75f5-0242-4af8-9932-c4ac25483795","2025-08-08T00:00:00+00:00","20250808001","ec22c4d3-700e-4b48-b8b2-5fb448e5c713","1","768","蝦皮","","已完成","2026-04-23T07:25:14.828255+00:00","439","329","6bd05ea5-44eb-46de-a7f2-cd540b4ca715",""
"a71d8274-30d4-4b1d-9edb-7653e271e3a3","2026-05-05T00:00:00+00:00","20260505040","00d452f9-a0b8-417f-a358-23091ba36053","1","280","賣貨便","","已出貨","2026-05-15T16:07:24.337532+00:00","171","109","6bd05ea5-44eb-46de-a7f2-cd540b4ca715","0"
"75a04a94-2b05-4d34-b686-2769c7d04b6d","2025-08-20T00:00:00+00:00","20250820003","ec22c4d3-700e-4b48-b8b2-5fb448e5c713","1","785","蝦皮","","已完成","2026-04-23T07:25:14.828255+00:00","449","336","6bd05ea5-44eb-46de-a7f2-cd540b4ca715",""
"cc0a50d1-4396-4272-a23e-33a233bd4683","2025-08-14T00:00:00+00:00","20250814003","3c5abc2e-97ab-426f-8d4c-a155553252bc","1","1229","蝦皮","","已完成","2026-04-23T07:25:14.828255+00:00","518","711","6bd05ea5-44eb-46de-a7f2-cd540b4ca715",""
"c07d5cd1-a4a2-456b-bbfd-0201249b95e9","2025-08-10T00:00:00+00:00","20250810004","ec22c4d3-700e-4b48-b8b2-5fb448e5c713","1","785","蝦皮","","已完成","2026-04-23T07:25:14.828255+00:00","430","355","6bd05ea5-44eb-46de-a7f2-cd540b4ca715",""
"b01ed5e2-9063-4b9d-9f75-e662a26e85d6","2025-08-13T00:00:00+00:00","20250813001","ec22c4d3-700e-4b48-b8b2-5fb448e5c713","1","768","蝦皮","","已完成","2026-04-23T07:25:14.828255+00:00","394","374","6bd05ea5-44eb-46de-a7f2-cd540b4ca715",""
"d05bde41-9a32-4601-8743-0832b6c34980","2025-08-04T00:00:00+00:00","20250804001","ec22c4d3-700e-4b48-b8b2-5fb448e5c713","1","790","蝦皮","","已完成","2026-04-23T07:25:14.828255+00:00","530","260","6bd05ea5-44eb-46de-a7f2-cd540b4ca715",""
"f978c304-aacd-442f-ac6b-31bf4d2173f5","2025-08-02T00:00:00+00:00","20250802003","ec22c4d3-700e-4b48-b8b2-5fb448e5c713","1","785","蝦皮","","已完成","2026-04-23T07:25:14.828255+00:00","432","353","6bd05ea5-44eb-46de-a7f2-cd540b4ca715",""
"e0912228-5295-4079-a645-da98f45f96d2","2026-03-06T00:00:00+00:00","20260306004","3a0a3cc8-3890-458a-a8b7-d3cc9b03c498","1","420","賣貨便","","已出貨","2026-04-23T15:16:14.80492+00:00","131.5","288.5","6bd05ea5-44eb-46de-a7f2-cd540b4ca715",""
"d5609775-6521-4b19-8bd8-4902c2748bff","2025-08-19T00:00:00+00:00","20250819001","ec22c4d3-700e-4b48-b8b2-5fb448e5c713","1","785","蝦皮","","已完成","2026-04-23T07:25:14.828255+00:00","449","336","6bd05ea5-44eb-46de-a7f2-cd540b4ca715",""
"e5eaa891-e0b7-469d-8eb1-3194b7e40461","2025-08-20T00:00:00+00:00","20250820001","ec22c4d3-700e-4b48-b8b2-5fb448e5c713","1","785","蝦皮","","已完成","2026-04-23T07:25:14.828255+00:00","470","315","6bd05ea5-44eb-46de-a7f2-cd540b4ca715",""
"4ef85730-dde6-46d8-9f8d-6bddd966cdb6","2025-08-23T00:00:00+00:00","20250823001","ec22c4d3-700e-4b48-b8b2-5fb448e5c713","1","785","蝦皮","","已完成","2026-04-23T07:25:14.828255+00:00","449","336","6bd05ea5-44eb-46de-a7f2-cd540b4ca715",""
"59044b42-4f46-42ca-acbb-199fcd3b1695","2025-08-22T00:00:00+00:00","20250822001","ec22c4d3-700e-4b48-b8b2-5fb448e5c713","1","785","蝦皮","","已完成","2026-04-23T07:25:14.828255+00:00","428","357","6bd05ea5-44eb-46de-a7f2-cd540b4ca715",""
"6f75e00f-387d-4438-adb6-85aaa10b79e2","2025-08-20T00:00:00+00:00","20250820004","ec22c4d3-700e-4b48-b8b2-5fb448e5c713","1","785","蝦皮","","已完成","2026-04-23T07:25:14.828255+00:00","449","336","6bd05ea5-44eb-46de-a7f2-cd540b4ca715",""
"f8569758-4922-40fa-9fda-7c1252beaf10","2025-08-01T00:00:00+00:00","20250801001","ec22c4d3-700e-4b48-b8b2-5fb448e5c713","1","785","蝦皮","","已完成","2026-04-23T07:25:14.828255+00:00","457","328","6bd05ea5-44eb-46de-a7f2-cd540b4ca715",""
"0cf08208-0ac5-4bf2-a2be-a3d22f8dfdd1","2025-08-27T00:00:00+00:00","20250827005","b452eb6d-32f7-40fc-b60d-97b1ae53b09d","1","1285","蝦皮","","已完成","2026-04-23T07:25:14.828255+00:00","392","893","6bd05ea5-44eb-46de-a7f2-cd540b4ca715",""
"c61d6f47-5ffb-4f4b-a0fa-61aedfe4f5c3","2026-05-09T00:00:00+00:00","20260509012","3b260f15-3255-45c4-9467-7002ec0de157","1","650","蝦皮"," (平台手續費: 68.16)","已出貨","2026-05-12T07:00:39.834843+00:00","275.84","306","6bd05ea5-44eb-46de-a7f2-cd540b4ca715","68.16"
"2ae404c3-666c-498d-bf4e-4bec1bdd3463","2025-10-09T00:00:00+00:00","20251009006","663d9ec7-b548-4c6c-9c73-150008d5b512","1","364","蝦皮","","已完成","2026-04-23T07:34:29.273341+00:00","256","108","6bd05ea5-44eb-46de-a7f2-cd540b4ca715",""
"dd9c91de-5ed0-4ba0-a0e8-c25d0c1c2750","2026-04-22T00:00:00+00:00","20260422002","5caa41f6-5c34-4c85-a435-7ef99413fde7","1","465","蝦皮","","已完成","2026-04-23T14:51:54.18255+00:00","265","200","6bd05ea5-44eb-46de-a7f2-cd540b4ca715",""
"509c4ccf-fec8-4528-bab8-0b059bf39cd0","2026-05-04T00:00:00+00:00","20260504004","f4525808-8392-4881-8085-77ba4d5fbac5","1","1490","蝦皮"," (平台手續費: 181)","已出貨","2026-05-01T15:14:13.079105+00:00","516","793","6bd05ea5-44eb-46de-a7f2-cd540b4ca715","181"
"429aab2c-4766-4447-8fee-8d48cdc631f0","2026-05-09T00:00:00+00:00","20260509009","0a8f1409-d167-44aa-bddb-bac511d0bc7d","1","490","蝦皮"," (平台手續費: 51.38)","已出貨","2026-05-12T07:00:39.834843+00:00","263.12","175.5","6bd05ea5-44eb-46de-a7f2-cd540b4ca715","51.38"
"acc07b31-233b-4ccc-b2fe-763450902d46","2026-05-09T00:00:00+00:00","20260509011","3708dc12-ce62-4bb4-8ec8-92efbc962737","1","540","蝦皮"," (平台手續費: 56.62)","已出貨","2026-05-12T07:00:39.834843+00:00","242.38","241","6bd05ea5-44eb-46de-a7f2-cd540b4ca715","56.62"
"e7128ad5-025b-4a8e-95de-b3fd3ca525fb","2026-05-04T00:00:00+00:00","20260504008","42687ef1-23ac-4ac9-8a31-fec0072b8a69","1","1650","蝦皮"," (平台手續費: 194)","已出貨","2026-05-12T07:01:07.875334+00:00","692","764","6bd05ea5-44eb-46de-a7f2-cd540b4ca715","194"
"c39fb905-6af2-40d9-b36a-90130821caf0","2026-05-09T00:00:00+00:00","20260509010","d2d6037f-61f4-453e-a441-794dff80cd51","1","420","蝦皮"," (平台手續費: 44.04)","已出貨","2026-05-12T07:00:39.834843+00:00","235.96","140","6bd05ea5-44eb-46de-a7f2-cd540b4ca715","44.04"
"c4945b5a-7beb-459a-834b-bd0ac286335c","2026-05-06T00:00:00+00:00","20260506008","4b8194a3-5e26-471d-90e1-a65ccc52ddeb","1","1400","蝦皮"," (平台手續費: 183.08)","已出貨","2026-05-07T17:53:01.344669+00:00","477.92","739","6bd05ea5-44eb-46de-a7f2-cd540b4ca715","183.08"
"26a2776b-7731-4e4e-8ac3-815d56cd1e6b","2026-05-09T00:00:00+00:00","20260509008","00d452f9-a0b8-417f-a358-23091ba36053","1","370","蝦皮"," (平台手續費: 38.8)","已出貨","2026-05-12T07:00:39.834843+00:00","180.7","150.5","6bd05ea5-44eb-46de-a7f2-cd540b4ca715","38.8"
"e6f064a6-4c21-4ae2-b4b2-4baa88caa894","2026-01-24T00:00:00+00:00","20260124004","4b8194a3-5e26-471d-90e1-a65ccc52ddeb","1","1402","蝦皮","","已完成","2026-04-23T07:55:03.582214+00:00","579","823","6bd05ea5-44eb-46de-a7f2-cd540b4ca715",""
"882478f5-6ce1-442a-a853-2678bfce28ac","2026-05-05T00:00:00+00:00","20260505033","abed326e-e19a-4924-83b8-057e1a8bf60e","1","260","賣貨便","","已出貨","2026-05-07T17:43:11.574816+00:00","167","93","6bd05ea5-44eb-46de-a7f2-cd540b4ca715","0"
"ce014820-1b6b-4c89-97cb-a2dc91c0c8e7","2025-08-30T00:00:00+00:00","20250830007","13a5ef17-86ea-4659-96d4-0d4b67389437","1","2117","蝦皮","","已完成","2026-04-23T07:25:14.828255+00:00","654","1463","6bd05ea5-44eb-46de-a7f2-cd540b4ca715",""
"0b957ff5-e4c9-4b07-a2f6-e33cadb15138","2026-05-05T00:00:00+00:00","20260505029","f65ce37d-f24e-44f0-8854-f06b7c95ec00","1","500","賣貨便","","已出貨","2026-05-07T17:43:11.574816+00:00","300","200","6bd05ea5-44eb-46de-a7f2-cd540b4ca715","0"
"3f93f124-ab13-4ca3-8fe2-4f6c0ce41e21","2026-05-05T00:00:00+00:00","20260505030","a0dafa15-4f32-496b-9872-abdabf489346","1","450","賣貨便","","已出貨","2026-05-07T17:43:11.574816+00:00","197","253","6bd05ea5-44eb-46de-a7f2-cd540b4ca715","0"
"dffc0823-d300-44a6-8a2a-1a68f6eba90f","2026-05-05T00:00:00+00:00","20260505031","3e3e5d56-a723-4816-9e19-4a284d6514ac","1","410","賣貨便","","已出貨","2026-05-07T17:43:11.574816+00:00","225","185","6bd05ea5-44eb-46de-a7f2-cd540b4ca715","0"
"3ac01413-e178-44f4-ba6e-b4770a72e17b","2026-05-05T00:00:00+00:00","20260505032","cc399e5e-c57f-4782-88cf-d8e280b9d776","1","400","賣貨便","","已出貨","2026-05-07T17:43:11.574816+00:00","261","139","6bd05ea5-44eb-46de-a7f2-cd540b4ca715","0"
"72dcb8a8-0703-4201-8d10-86a5e461a3bc","2026-04-06T00:00:00+00:00","20260406010","3708dc12-ce62-4bb4-8ec8-92efbc962737","1","380","蝦皮","","已完成","2026-04-23T08:03:47.758209+00:00","101","279","6bd05ea5-44eb-46de-a7f2-cd540b4ca715",""
"20e7a616-c475-4163-807b-3e0d450d0da9","2026-05-05T00:00:00+00:00","20260505035","3b260f15-3255-45c4-9467-7002ec0de157","1","560","賣貨便","","已出貨","2026-05-07T17:43:11.574816+00:00","220","340","6bd05ea5-44eb-46de-a7f2-cd540b4ca715","0"
"c48df01c-e835-43d4-aa67-1300b6881e98","2026-05-05T00:00:00+00:00","20260505036","d2d6037f-61f4-453e-a441-794dff80cd51","1","330","賣貨便","","已出貨","2026-05-07T17:43:11.574816+00:00","166.33","163.67","6bd05ea5-44eb-46de-a7f2-cd540b4ca715","0"
"c91ef5d2-a422-4eab-acbd-7039b787edff","2026-04-28T00:00:00+00:00","20260428002","3b260f15-3255-45c4-9467-7002ec0de157","1","700","蝦皮"," (平台手續費: 118)","已出貨","2026-05-01T15:14:51.665874+00:00","319","263","6bd05ea5-44eb-46de-a7f2-cd540b4ca715","118"
"9aa0f23c-ccee-47bf-b93c-0ff7d76c2f0d","2025-08-23T00:00:00+00:00","20250823002","3b0bfad1-adc2-43de-a1df-b0bc481abd5f","1","1127","蝦皮","","已完成","2026-04-23T07:25:14.828255+00:00","449","678","6bd05ea5-44eb-46de-a7f2-cd540b4ca715",""
"6646e147-d09d-4596-b288-57def7306025","2025-09-02T00:00:00+00:00","20250902002","3a0a3cc8-3890-458a-a8b7-d3cc9b03c498","1","420","蝦皮","","已完成","2026-04-23T07:30:58.161574+00:00","148","272","6bd05ea5-44eb-46de-a7f2-cd540b4ca715",""
"3837a9ed-2bcd-45e4-af9d-eb0d23b5a474","2025-08-24T00:00:00+00:00","20250824001","3a0a3cc8-3890-458a-a8b7-d3cc9b03c498","2","845","蝦皮","","已完成","2026-04-23T07:25:14.828255+00:00","513","166","6bd05ea5-44eb-46de-a7f2-cd540b4ca715",""
"e61b2c04-1094-4276-a370-305c55cc0500","2026-05-06T00:00:00+00:00","20260506002","bebae2c8-6114-4d9b-9129-f6910d2aae1a","1","590","賣貨便","","已出貨","2026-05-07T17:45:26.190974+00:00","310.5","279.5","6bd05ea5-44eb-46de-a7f2-cd540b4ca715","0"
"7a318e29-da0c-4a50-8bae-0fe324ffd1df","2026-05-06T00:00:00+00:00","20260506003","cfbcf6c5-4ed4-49b9-87ba-5ec1230d71b9","1","550","賣貨便","","已出貨","2026-05-07T17:45:26.190974+00:00","330","220","6bd05ea5-44eb-46de-a7f2-cd540b4ca715","0"
"a98b0962-5af1-4980-9d47-a2f9ccb86aae","2026-05-06T00:00:00+00:00","20260506004","df0d8565-0eb9-4c00-8e7d-8b42d0d04fd3","1","360","賣貨便","","已出貨","2026-05-07T17:45:26.190974+00:00","213","147","6bd05ea5-44eb-46de-a7f2-cd540b4ca715","0"
"7fd2415b-861c-4388-a047-89d1de980302","2026-05-12T00:00:00+00:00","20260512003","1ad1960c-56b7-4ec7-ae65-69128f53fc30","1","210","賣貨便","","已出貨","2026-05-14T06:02:06.636918+00:00","150","60","6bd05ea5-44eb-46de-a7f2-cd540b4ca715","0"
"ceed9fbe-503a-40c9-b65c-b806023d191a","2026-05-12T00:00:00+00:00","20260512004","83377bbe-6c5d-4f4b-8395-011cbf0f8092","1","210","賣貨便","","已出貨","2026-05-14T06:02:06.636918+00:00","127","83","6bd05ea5-44eb-46de-a7f2-cd540b4ca715","0"
"778baf0c-0d28-49f3-b1b6-11b3d1e6483a","2026-05-17T00:00:00+00:00","20260517003","4012bd8b-b389-4b30-8512-378ec0c5dced","4","450","賣貨便","","已出貨","2026-05-20T14:33:15.087562+00:00","203","61.75","6bd05ea5-44eb-46de-a7f2-cd540b4ca715","0"
"3990969d-36d5-4555-9c35-8099b25a9ccb","2026-05-17T00:00:00+00:00","20260517004","5caa41f6-5c34-4c85-a435-7ef99413fde7","1","480","賣貨便","","已出貨","2026-05-20T14:33:15.087562+00:00","290.5","189.5","6bd05ea5-44eb-46de-a7f2-cd540b4ca715","0"
"2e307b0a-0441-4e54-a5c1-3c28c76e7356","2026-05-12T00:00:00+00:00","20260512002","74bde7af-4f81-42ed-8948-902920eca0d6","1","320","賣貨便","","已出貨","2026-05-14T06:02:06.636918+00:00","180","140","6bd05ea5-44eb-46de-a7f2-cd540b4ca715","0"
"f6548b17-3674-45f2-a986-7d7cf6822213","2026-05-06T00:00:00+00:00","20260506001","bd25ab84-0abf-4b20-9de1-813ecb8aeb07","1","280","","","未出貨","2026-05-07T17:45:26.190974+00:00","196","84","6bd05ea5-44eb-46de-a7f2-cd540b4ca715","0"
"50e4bb8d-46ec-4e4a-95c4-7705c22e0508","2026-04-04T00:00:00+00:00","20260404013","2d80a4e2-7063-4002-bb90-12bd16746c3a","2","700","蝦皮","","已出貨","2026-04-23T14:48:54.989264+00:00","628.1","35.95","6bd05ea5-44eb-46de-a7f2-cd540b4ca715",""
"2cbccc14-65da-48ee-8083-ae9f13c2ea79","2025-06-13T00:00:00+00:00","20250613004","a5391119-2167-4184-88ac-02a7c2bff8df","1","350","蝦皮","","已完成","2026-04-22T10:06:38.55441+00:00","141","209","6bd05ea5-44eb-46de-a7f2-cd540b4ca715",""
"fd51ab0c-f7df-4bfe-a149-d67df6312cb8","2026-05-13T00:00:00+00:00","20260513003","d2d6037f-61f4-453e-a441-794dff80cd51","1","330","賣貨便","","已出貨","2026-05-14T06:03:29.998487+00:00","214","116","6bd05ea5-44eb-46de-a7f2-cd540b4ca715","0"
"dd50a13e-976f-4e9f-ab8a-7830bba25c8a","2026-04-14T00:00:00+00:00","20260414001","caa4240a-d932-4641-b05a-72ddbf2379e4","1","3200",""," (平台手續費: 318)","已出貨","2026-05-01T15:15:30.495063+00:00","1039","1843","6bd05ea5-44eb-46de-a7f2-cd540b4ca715","318"
"e5c5fe51-a532-4004-95ec-497dd0be55f7","2026-04-01T00:00:00+00:00","20260401007","f4525808-8392-4881-8085-77ba4d5fbac5","1","1402","蝦皮","","已完成","2026-04-23T08:03:47.758209+00:00","611","791","6bd05ea5-44eb-46de-a7f2-cd540b4ca715",""
"e363b7aa-d166-483b-ba26-f707f047838f","2025-08-30T00:00:00+00:00","20250830005","ec22c4d3-700e-4b48-b8b2-5fb448e5c713","1","795","蝦皮","","已完成","2026-04-23T07:25:14.828255+00:00","501","294","6bd05ea5-44eb-46de-a7f2-cd540b4ca715",""
"43da565e-6ed8-48ea-bba4-b7e4242a5aef","2026-05-05T00:00:00+00:00","20260505034","00d452f9-a0b8-417f-a358-23091ba36053","1","280","賣貨便","","已出貨","2026-05-07T17:43:11.574816+00:00","140.5","139.5","6bd05ea5-44eb-46de-a7f2-cd540b4ca715","0"
"8b3a5115-fc68-4473-95de-d45a90b04b69","2026-05-06T00:00:00+00:00","20260506005","3708dc12-ce62-4bb4-8ec8-92efbc962737","1","450","賣貨便","","已出貨","2026-05-07T17:45:26.190974+00:00","209","241","6bd05ea5-44eb-46de-a7f2-cd540b4ca715","0"
"636fb6e6-f30f-499b-be9c-cdf10ebedbc0","2025-08-28T00:00:00+00:00","20250828002","ec22c4d3-700e-4b48-b8b2-5fb448e5c713","1","785","蝦皮","","已完成","2026-04-23T07:25:14.828255+00:00","457","328","6bd05ea5-44eb-46de-a7f2-cd540b4ca715",""
"979f0070-212c-4089-884b-0d49234f8ec6","2026-03-29T00:00:00+00:00","20260329011","bebae2c8-6114-4d9b-9129-f6910d2aae1a","1","560","蝦皮","","已完成","2026-04-23T07:59:59.938636+00:00","142","418","6bd05ea5-44eb-46de-a7f2-cd540b4ca715",""
"13066b92-890a-4c60-b6c3-ed3ab29e78b0","2025-08-28T00:00:00+00:00","20250828001","ec22c4d3-700e-4b48-b8b2-5fb448e5c713","1","785","蝦皮","","已完成","2026-04-23T07:25:14.828255+00:00","470","315","6bd05ea5-44eb-46de-a7f2-cd540b4ca715",""
"df6bc3db-b52a-46b6-bdea-80dcbae76334","2025-08-23T00:00:00+00:00","20250823003","ec22c4d3-700e-4b48-b8b2-5fb448e5c713","1","785","蝦皮","","已完成","2026-04-23T07:25:14.828255+00:00","449","336","6bd05ea5-44eb-46de-a7f2-cd540b4ca715",""
"03a8c6b3-58e3-4919-ac9d-198e0b28218e","2026-04-18T00:00:00+00:00","20260418013","9d623512-b92a-45ef-8b9b-90e38dcaae52","1","450","蝦皮"," (平台手續費: 70.96)","已出貨","2026-05-01T15:16:30.381272+00:00","225.04","154","6bd05ea5-44eb-46de-a7f2-cd540b4ca715","70.96"
"be2e3b1f-e31f-49df-9fb5-bebad39f8a9b","2026-05-13T00:00:00+00:00","20260513001","bebae2c8-6114-4d9b-9129-f6910d2aae1a","1","580","賣貨便","","已出貨","2026-05-14T06:03:29.998487+00:00","300.5","279.5","6bd05ea5-44eb-46de-a7f2-cd540b4ca715","0"
"6e342de2-59a4-4ae8-9663-b58c6f5a9513","2026-05-13T00:00:00+00:00","20260513002","2764835b-156a-46a8-aef0-1fd7740ba799","1","270","賣貨便","","已出貨","2026-05-14T06:03:29.998487+00:00","144.5","125.5","6bd05ea5-44eb-46de-a7f2-cd540b4ca715","0"
"7776278a-5809-45df-9ddf-c0f4f0f532b3","2025-06-16T00:00:00+00:00","20250616003","b452eb6d-32f7-40fc-b60d-97b1ae53b09d","1","1100","蝦皮","","已完成","2026-04-22T10:06:38.55441+00:00","327","773","6bd05ea5-44eb-46de-a7f2-cd540b4ca715",""
"f5db19d0-6d1f-49e3-aa35-0e0e3920cee0","2026-05-07T00:00:00+00:00","20260507002","ad7e0321-79ee-4ff6-a917-1564a6d6faa0","1","360","賣貨便","","已出貨","2026-05-07T17:46:01.220218+00:00","209.5","150.5","6bd05ea5-44eb-46de-a7f2-cd540b4ca715","0"
"09233a9d-ee45-432a-8f69-22f1a511ceb4","2026-05-18T00:00:00+00:00","20260518001","502cdf6c-8f57-4b0f-b74f-dafbbf658b92","1","290","賣貨便","","已出貨","2026-05-20T14:35:55.88671+00:00","232","58","6bd05ea5-44eb-46de-a7f2-cd540b4ca715","0"
"967ebf8c-01fb-4734-ac70-1652c1130fd6","2026-05-18T00:00:00+00:00","20260518003","2d80a4e2-7063-4002-bb90-12bd16746c3a","1","190","賣貨便","","已出貨","2026-05-20T14:35:55.88671+00:00","137.5","52.5","6bd05ea5-44eb-46de-a7f2-cd540b4ca715","0"
"96152b0c-55aa-4832-9b6d-3356ba35edf6","2026-05-18T00:00:00+00:00","20260518006","fa678cdf-9296-4482-ac5f-6a3c6e1c0c40","1","230","賣貨便","","已出貨","2026-05-20T14:35:55.88671+00:00","215","15","6bd05ea5-44eb-46de-a7f2-cd540b4ca715","0"
"b6b51d0c-0e92-4158-98de-0ad2d8102d0f","2026-05-18T00:00:00+00:00","20260518007","00d452f9-a0b8-417f-a358-23091ba36053","1","290","賣貨便","","已出貨","2026-05-20T14:35:55.88671+00:00","151","139","6bd05ea5-44eb-46de-a7f2-cd540b4ca715","0"
"fc0136f3-6e9d-4f69-804f-2bdc89d72a62","2026-05-18T00:00:00+00:00","20260518008","2764835b-156a-46a8-aef0-1fd7740ba799","1","270","賣貨便","","已出貨","2026-05-20T14:35:55.88671+00:00","155","115","6bd05ea5-44eb-46de-a7f2-cd540b4ca715","0"
"44ad213d-6f1a-45b0-9113-70a8a715fddd","2026-05-18T00:00:00+00:00","20260518009","abed326e-e19a-4924-83b8-057e1a8bf60e","1","260","賣貨便","","已出貨","2026-05-20T14:35:55.88671+00:00","120","140","6bd05ea5-44eb-46de-a7f2-cd540b4ca715","0"
"3c6c18a9-9fc5-45e7-a749-9a2321dafd89","2026-05-19T00:00:00+00:00","20260519001","3e3e5d56-a723-4816-9e19-4a284d6514ac","1","410","賣貨便","","已出貨","2026-05-20T14:35:55.88671+00:00","258","152","6bd05ea5-44eb-46de-a7f2-cd540b4ca715","0"
"95d01c3e-1a87-4726-9508-e360fd8bbc9f","2026-05-19T00:00:00+00:00","20260519002","f65ce37d-f24e-44f0-8854-f06b7c95ec00","1","480","賣貨便","","已出貨","2026-05-20T14:35:55.88671+00:00","258.4","221.6","6bd05ea5-44eb-46de-a7f2-cd540b4ca715","0"
"bb1dc96d-309b-4423-b83a-d15e4a63b914","2026-05-18T00:00:00+00:00","20260518004","15499ade-7f61-4ce4-a302-719d7cea4dce","1","180","賣貨便","","已出貨","2026-05-20T14:35:55.88671+00:00","128","52","6bd05ea5-44eb-46de-a7f2-cd540b4ca715","0"
"90200133-701a-44c8-ad52-592b062468ff","2026-05-18T00:00:00+00:00","20260518005","f62dc284-5daf-4772-a6a9-d69fd48af0f3","1","180","賣貨便","","已出貨","2026-05-20T14:35:55.88671+00:00","128","52","6bd05ea5-44eb-46de-a7f2-cd540b4ca715","0"
"ccf88ead-e318-4936-945a-9491cab7bbc0","2025-06-22T00:00:00+00:00","20250622004","a24c6b57-5c26-4bb8-b408-3cecac3e0af2","3","1065","蝦皮","","已完成","2026-04-22T10:06:38.55441+00:00","538.08","175.64","6bd05ea5-44eb-46de-a7f2-cd540b4ca715",""
"9b0ef523-ddb6-4452-8986-4c7f20fcbbfd","2025-06-05T00:00:00+00:00","20250605001","a24c6b57-5c26-4bb8-b408-3cecac3e0af2","1","350","蝦皮","","已完成","2026-04-22T10:06:38.55441+00:00","178.31","171.69","6bd05ea5-44eb-46de-a7f2-cd540b4ca715",""
"a673019f-8a56-4456-8c9f-0ccef0b297a5","2026-04-12T00:00:00+00:00","20260412004","f4525808-8392-4881-8085-77ba4d5fbac5","1","1590","蝦皮"," (平台手續費: 188)","已出貨","2026-05-01T15:17:10.591317+00:00","587","815","6bd05ea5-44eb-46de-a7f2-cd540b4ca715","188"
"953879cb-e2bf-4fa9-ae0e-d35c83e04c84","2026-05-02T00:00:00+00:00","20260502002","5caa41f6-5c34-4c85-a435-7ef99413fde7","1","570","蝦皮"," (平台手續費: 107)","已出貨","2026-05-07T17:48:27.682176+00:00","256","207","6bd05ea5-44eb-46de-a7f2-cd540b4ca715","107"
"cd24b0e3-bdc5-4887-86e3-9eacdc8d637d","2026-05-14T00:00:00+00:00","20260514002","a0dafa15-4f32-496b-9872-abdabf489346","1","450","賣貨便","","已出貨","2026-05-14T06:04:46.939096+00:00","242","208","6bd05ea5-44eb-46de-a7f2-cd540b4ca715","0"
"9128ec87-c828-4761-b9b5-f82af67c01a4","2026-05-20T00:00:00+00:00","20260520003","3aaa8c81-4e7f-49b0-bd10-a23a2962921b","1","210","賣貨便","","已出貨","2026-05-20T14:42:51.661049+00:00","195","15","6bd05ea5-44eb-46de-a7f2-cd540b4ca715","0"
"fa736771-c7cd-4c14-80f0-fb68df63f501","2026-05-20T00:00:00+00:00","20260520004","2e8e374f-1462-48f8-a05b-5793b52afa22","1","410","賣貨便","","已出貨","2026-05-20T14:42:51.661049+00:00","232","178","6bd05ea5-44eb-46de-a7f2-cd540b4ca715","0"
"5d6bcc0e-b970-42d9-9929-eab0678992bd","2026-05-20T00:00:00+00:00","20260520002","e793066e-97dc-4948-830f-f4dfd1e3d767","1","180","賣貨便","","已出貨","2026-05-20T14:42:51.661049+00:00","61","119","6bd05ea5-44eb-46de-a7f2-cd540b4ca715","0"
"bf8c7741-88e2-4adf-a87b-b0115307b802","2026-05-20T00:00:00+00:00","20260520001","15499ade-7f61-4ce4-a302-719d7cea4dce","1","180","賣貨便","","已出貨","2026-05-20T14:42:51.661049+00:00","61","119","6bd05ea5-44eb-46de-a7f2-cd540b4ca715","0"
"43d5ac3b-adac-416b-af4c-f4e99659a781","2025-06-04T00:00:00+00:00","20250604002","a24c6b57-5c26-4bb8-b408-3cecac3e0af2","1","350","蝦皮","","已完成","2026-04-22T10:06:38.55441+00:00","178.31","171.69","6bd05ea5-44eb-46de-a7f2-cd540b4ca715",""
"fe79ac21-7141-41b5-bd3b-7451a33deb11","2025-06-01T00:00:00+00:00","20250601002","25a6ee7d-469f-4018-99aa-96ada95d682f","1","280","蝦皮","","已完成","2026-04-22T10:06:38.55441+00:00","163","117","6bd05ea5-44eb-46de-a7f2-cd540b4ca715",""
"a003d4f9-8bcf-49f9-a22d-7bb4f31ed455","2025-06-18T00:00:00+00:00","20250618009","a24c6b57-5c26-4bb8-b408-3cecac3e0af2","1","355","蝦皮","","已完成","2026-04-22T10:06:38.55441+00:00","179.36","175.64","6bd05ea5-44eb-46de-a7f2-cd540b4ca715",""
"b0441ce6-59d2-44e3-b7f7-04bfe02e87a2","2025-06-18T00:00:00+00:00","20250618008","a24c6b57-5c26-4bb8-b408-3cecac3e0af2","1","355","蝦皮","","已完成","2026-04-22T10:06:38.55441+00:00","179.36","175.64","6bd05ea5-44eb-46de-a7f2-cd540b4ca715",""
"23898389-d60c-4ece-9b13-29f6e9a8d646","2025-06-04T00:00:00+00:00","20250604003","a24c6b57-5c26-4bb8-b408-3cecac3e0af2","1","350","蝦皮","","已完成","2026-04-22T10:06:38.55441+00:00","178.31","171.69","6bd05ea5-44eb-46de-a7f2-cd540b4ca715",""
"0a274401-ecb9-4216-9e47-0152b983cf26","2025-06-04T00:00:00+00:00","20250604001","a24c6b57-5c26-4bb8-b408-3cecac3e0af2","4","1400","蝦皮","","已完成","2026-04-22T10:06:38.55441+00:00","713.24","171.69","6bd05ea5-44eb-46de-a7f2-cd540b4ca715",""
"c701d0de-600d-419e-bb8f-08ce30d3b7cb","2025-06-18T00:00:00+00:00","20250618005","a24c6b57-5c26-4bb8-b408-3cecac3e0af2","1","342","蝦皮","","已完成","2026-04-22T10:06:38.55441+00:00","170.31","171.69","6bd05ea5-44eb-46de-a7f2-cd540b4ca715",""
"f76ea7c9-9d02-4d00-a6e3-60416a2f2fd6","2025-06-18T00:00:00+00:00","20250618010","b452eb6d-32f7-40fc-b60d-97b1ae53b09d","1","1074","蝦皮","","已完成","2026-04-22T10:06:38.55441+00:00","332","742","6bd05ea5-44eb-46de-a7f2-cd540b4ca715",""
"1b14f616-4c14-4d7d-bd46-4555a02dcfb0","2025-06-03T00:00:00+00:00","20250603001","a030d31a-823d-4380-874b-a807ce5be91b","1","1000","蝦皮","","已完成","2026-04-22T10:06:38.55441+00:00","482.25","517.75","6bd05ea5-44eb-46de-a7f2-cd540b4ca715",""
"29843ae9-010f-4a38-a259-9faa3f001334","2026-05-07T00:00:00+00:00","20260507001","9c090370-efb7-47c7-a3c1-0c406f0bebd0","1","330","賣貨便","","已出貨","2026-05-07T17:46:01.220218+00:00","180","150","6bd05ea5-44eb-46de-a7f2-cd540b4ca715","0"
"9448bb46-bc53-449a-97f0-f33da2ea3c70","2026-05-14T00:00:00+00:00","20260514001","cfbcf6c5-4ed4-49b9-87ba-5ec1230d71b9","1","480","賣貨便","","已出貨","2026-05-14T06:04:46.939096+00:00","236","244","6bd05ea5-44eb-46de-a7f2-cd540b4ca715","0"
"761fa699-950c-441e-a969-c22f9ac6b590","2025-06-20T00:00:00+00:00","20250620001","ec22c4d3-700e-4b48-b8b2-5fb448e5c713","1","785","蝦皮","","已完成","2026-04-22T10:06:38.55441+00:00","372","413","6bd05ea5-44eb-46de-a7f2-cd540b4ca715",""
"1bb4b48f-1be0-4432-8502-46cc5f2a53c5","2025-06-18T00:00:00+00:00","20250618006","ec22c4d3-700e-4b48-b8b2-5fb448e5c713","1","714","蝦皮","","已完成","2026-04-22T10:06:38.55441+00:00","354","360","6bd05ea5-44eb-46de-a7f2-cd540b4ca715",""
"edc7b492-b993-40f4-8bc8-2622231857a2","2025-06-22T00:00:00+00:00","20250622005","ec22c4d3-700e-4b48-b8b2-5fb448e5c713","1","785","蝦皮","","已完成","2026-04-22T10:06:38.55441+00:00","364","421","6bd05ea5-44eb-46de-a7f2-cd540b4ca715",""
"e892ee1d-9446-4815-977a-ad89d60029be","2025-06-23T00:00:00+00:00","20250623001","ec22c4d3-700e-4b48-b8b2-5fb448e5c713","1","785","蝦皮","","已完成","2026-04-22T10:06:38.55441+00:00","389","396","6bd05ea5-44eb-46de-a7f2-cd540b4ca715",""
"96eaa981-6d13-44b9-b977-190e002bed1d","2025-11-24T00:00:00+00:00","20251124002","ec22c4d3-700e-4b48-b8b2-5fb448e5c713","1","795","蝦皮","","已完成","2026-04-23T07:37:48.563128+00:00","452","343","6bd05ea5-44eb-46de-a7f2-cd540b4ca715",""
"03ccc550-088b-42b0-998b-cb90d955d2c8","2025-11-23T00:00:00+00:00","20251123003","ec22c4d3-700e-4b48-b8b2-5fb448e5c713","1","795","蝦皮","","已完成","2026-04-23T07:37:48.563128+00:00","431","364","6bd05ea5-44eb-46de-a7f2-cd540b4ca715",""
"07b50a92-fbea-42b2-8546-499dd45d441c","2025-06-26T00:00:00+00:00","20250626001","ec22c4d3-700e-4b48-b8b2-5fb448e5c713","1","785","蝦皮","","已完成","2026-04-22T10:06:38.55441+00:00","454","331","6bd05ea5-44eb-46de-a7f2-cd540b4ca715",""
"2539a4d3-f558-4a11-a86f-445ef06adb2f","2025-06-22T00:00:00+00:00","20250622001","ec22c4d3-700e-4b48-b8b2-5fb448e5c713","1","785","蝦皮","","已完成","2026-04-22T10:06:38.55441+00:00","381","404","6bd05ea5-44eb-46de-a7f2-cd540b4ca715",""
"5142dec9-bd3e-42a2-8b39-5dd74823fff5","2025-06-22T00:00:00+00:00","20250622002","ec22c4d3-700e-4b48-b8b2-5fb448e5c713","1","785","蝦皮","","已完成","2026-04-22T10:06:38.55441+00:00","393","392","6bd05ea5-44eb-46de-a7f2-cd540b4ca715",""
"e3d60784-5746-4b57-87fe-b4afea004ae0","2025-06-26T00:00:00+00:00","20250626002","ec22c4d3-700e-4b48-b8b2-5fb448e5c713","1","785","蝦皮","","已完成","2026-04-22T10:06:38.55441+00:00","454","331","6bd05ea5-44eb-46de-a7f2-cd540b4ca715",""
"a89e44c8-5936-4800-9b2c-74ac14309b25","2025-06-12T00:00:00+00:00","20250612003","a24c6b57-5c26-4bb8-b408-3cecac3e0af2","1","350","蝦皮","","已完成","2026-04-22T10:06:38.55441+00:00","178.31","171.69","6bd05ea5-44eb-46de-a7f2-cd540b4ca715",""
"4723d60e-2d0e-4576-9ee3-fd1628fc9c8c","2025-06-03T00:00:00+00:00","20250603002","3b0bfad1-adc2-43de-a1df-b0bc481abd5f","1","1100","蝦皮","","已完成","2026-04-22T10:06:38.55441+00:00","431","669","6bd05ea5-44eb-46de-a7f2-cd540b4ca715",""
"d3a09dcb-1991-43b5-a788-db22cd63a486","2025-06-10T00:00:00+00:00","20250610001","13a5ef17-86ea-4659-96d4-0d4b67389437","1","2000","蝦皮","","已完成","2026-04-22T10:06:38.55441+00:00","620","1380","6bd05ea5-44eb-46de-a7f2-cd540b4ca715",""
"928c797b-1188-48a2-a110-bd2bf7c31306","2025-06-12T00:00:00+00:00","20250612001","13a5ef17-86ea-4659-96d4-0d4b67389437","1","2000","蝦皮","","已完成","2026-04-22T10:06:38.55441+00:00","623","1377","6bd05ea5-44eb-46de-a7f2-cd540b4ca715",""
"3b451f8a-9213-44ed-8f7c-95d3c3e3ef7b","2025-06-22T00:00:00+00:00","20250622006","13a5ef17-86ea-4659-96d4-0d4b67389437","1","1958","蝦皮","","已完成","2026-04-22T10:06:38.55441+00:00","551","1407","6bd05ea5-44eb-46de-a7f2-cd540b4ca715",""
"e5cbcd13-a04e-491d-b676-7af1efa3e4a5","2025-06-13T00:00:00+00:00","20250613002","937c135a-fd34-418a-a3f0-c61e3b52e910","1","750","蝦皮","","已完成","2026-04-22T10:06:38.55441+00:00","205","545","6bd05ea5-44eb-46de-a7f2-cd540b4ca715",""
"f35978e4-2d83-444e-a0b9-468c35c17e85","2025-06-14T00:00:00+00:00","20250614002","937c135a-fd34-418a-a3f0-c61e3b52e910","1","750","蝦皮","","已完成","2026-04-22T10:06:38.55441+00:00","226","524","6bd05ea5-44eb-46de-a7f2-cd540b4ca715",""
"0aca7f42-18bc-4862-8bb5-6f4d6721b2ec","2025-06-19T00:00:00+00:00","20250619002","937c135a-fd34-418a-a3f0-c61e3b52e910","1","750","蝦皮","","已完成","2026-04-22T10:06:38.55441+00:00","226","524","6bd05ea5-44eb-46de-a7f2-cd540b4ca715",""
"9016a42f-28a3-4f2e-9ed1-cfafdd9a33a8","2025-06-06T00:00:00+00:00","20250606001","937c135a-fd34-418a-a3f0-c61e3b52e910","1","750","蝦皮","","已完成","2026-04-22T10:06:38.55441+00:00","205","545","6bd05ea5-44eb-46de-a7f2-cd540b4ca715",""
"a70608a0-1acc-4474-9de2-61f955c0f0f2","2025-06-18T00:00:00+00:00","20250618002","937c135a-fd34-418a-a3f0-c61e3b52e910","1","733","蝦皮","","已完成","2026-04-22T10:06:38.55441+00:00","209","524","6bd05ea5-44eb-46de-a7f2-cd540b4ca715",""
"0e13f0a4-cc12-4cf4-8291-6ccf7d542716","2025-06-12T00:00:00+00:00","20250612002","39749fa7-2bb1-4c7a-abe5-1c35b0a3bb5b","1","1800","蝦皮","","已完成","2026-04-22T10:06:38.55441+00:00","767","1033","6bd05ea5-44eb-46de-a7f2-cd540b4ca715",""
"c282404d-16cf-45f3-a787-166bac02e1bd","2025-06-13T00:00:00+00:00","20250613001","3c5abc2e-97ab-426f-8d4c-a155553252bc","1","1000","蝦皮","","已完成","2026-04-22T10:06:38.55441+00:00","372","628","6bd05ea5-44eb-46de-a7f2-cd540b4ca715",""
"9d603b65-6122-43f4-94fd-6176b3c9c830","2025-06-13T00:00:00+00:00","20250613003","3c5abc2e-97ab-426f-8d4c-a155553252bc","1","1000","蝦皮","","已完成","2026-04-22T10:06:38.55441+00:00","431","569","6bd05ea5-44eb-46de-a7f2-cd540b4ca715",""
"c77bd2bd-a4f2-45a9-8190-ca78b6de5a7d","2025-06-15T00:00:00+00:00","20250615001","86f1293c-6bd7-45e5-b6a6-ec8a286c1c43","1","1000","蝦皮","","已完成","2026-04-22T10:06:38.55441+00:00","482.25","517.75","6bd05ea5-44eb-46de-a7f2-cd540b4ca715",""
"b28ced78-4325-4350-b093-d6b3010e778d","2025-06-18T00:00:00+00:00","20250618003","86f1293c-6bd7-45e5-b6a6-ec8a286c1c43","1","1000","蝦皮","","已完成","2026-04-22T10:06:38.55441+00:00","463","537","6bd05ea5-44eb-46de-a7f2-cd540b4ca715",""
"1e8c7e78-c0e0-4b75-b24d-a872c3edb537","2025-06-16T00:00:00+00:00","20250616002","ca109ed6-b78e-4566-abaf-8a5c914e57da","1","1155","蝦皮","","已完成","2026-04-22T10:06:38.55441+00:00","402","753","6bd05ea5-44eb-46de-a7f2-cd540b4ca715",""
"d03aae6a-8f6f-4619-bb8d-729d13bbfd09","2025-06-25T00:00:00+00:00","20250625003","3a0a3cc8-3890-458a-a8b7-d3cc9b03c498","1","410","蝦皮","","已完成","2026-04-22T10:06:38.55441+00:00","120.12","289.88","6bd05ea5-44eb-46de-a7f2-cd540b4ca715",""
"d70bd5b7-184b-43d2-a551-0410fbc4298a","2025-06-25T00:00:00+00:00","20250625004","3a0a3cc8-3890-458a-a8b7-d3cc9b03c498","2","820","蝦皮","","已完成","2026-04-22T10:06:38.55441+00:00","240.24","289.88","6bd05ea5-44eb-46de-a7f2-cd540b4ca715",""
"dfdfafb8-d435-4a66-9602-f2b5c1c049da","2025-06-18T00:00:00+00:00","20250618001","ec22c4d3-700e-4b48-b8b2-5fb448e5c713","1","715","蝦皮","","已完成","2026-04-22T10:06:38.55441+00:00","345","370","6bd05ea5-44eb-46de-a7f2-cd540b4ca715",""
"1d3fcc1a-aba1-4d1c-a3d1-2f2b9099a668","2025-06-09T00:00:00+00:00","20250609001","b452eb6d-32f7-40fc-b60d-97b1ae53b09d","1","1100","蝦皮","","已完成","2026-04-22T10:06:38.55441+00:00","362","738","6bd05ea5-44eb-46de-a7f2-cd540b4ca715",""
"96e6f3bd-c2b0-44d1-88e2-f43defa48147","2025-06-18T00:00:00+00:00","20250618004","5b03f140-fb75-4a42-9e7c-a6515abbab08","1","790","蝦皮","","已完成","2026-04-22T10:06:38.55441+00:00","290","500","6bd05ea5-44eb-46de-a7f2-cd540b4ca715",""
"80072a3a-1939-46d2-afed-06018d1cc2c4","2025-06-25T00:00:00+00:00","20250625002","5b03f140-fb75-4a42-9e7c-a6515abbab08","1","795","蝦皮","","已完成","2026-04-22T10:06:38.55441+00:00","295","500","6bd05ea5-44eb-46de-a7f2-cd540b4ca715",""
"f0a8c541-7de4-40e1-9ccc-06ea4a2cb68c","2025-06-20T00:00:00+00:00","20250620002","ad43333d-5d21-4c8a-9e83-3895561bc46c","1","950","蝦皮","","已完成","2026-04-22T10:06:38.55441+00:00","432.25","517.75","6bd05ea5-44eb-46de-a7f2-cd540b4ca715",""
"254612c5-0af7-4adb-9992-0472a8ccac7b","2025-06-16T00:00:00+00:00","20250616001","b452eb6d-32f7-40fc-b60d-97b1ae53b09d","1","1100","蝦皮","","已完成","2026-04-22T10:06:38.55441+00:00","346","754","6bd05ea5-44eb-46de-a7f2-cd540b4ca715",""
"5c00c3e1-590b-4737-83c3-bc1cfa85184b","2025-06-26T00:00:00+00:00","20250626003","24039aa7-a987-410b-9cd2-fd74f299fd85","1","525","蝦皮","","已完成","2026-04-22T10:06:38.55441+00:00","169.37","355.63","6bd05ea5-44eb-46de-a7f2-cd540b4ca715",""
"908f06a3-0f7e-43a8-97f4-022bc3b682cb","2025-06-26T00:00:00+00:00","20250626004","d06de558-e42b-457a-9d55-1b8b8ef4b468","1","250","蝦皮","","已完成","2026-04-22T10:06:38.55441+00:00","76","174","6bd05ea5-44eb-46de-a7f2-cd540b4ca715",""
"43a4711e-b524-4ba6-bd78-ea7065663b54","2026-04-18T00:00:00+00:00","20260418015","bebae2c8-6114-4d9b-9129-f6910d2aae1a","1","680","蝦皮"," (平台手續費: 89.4)","已出貨","2026-05-01T15:18:14.426388+00:00","311.1","279.5","6bd05ea5-44eb-46de-a7f2-cd540b4ca715","89.4"
"9befe47c-4ed1-441d-b096-50cd00651eb0","2025-06-14T00:00:00+00:00","20250614001","a030d31a-823d-4380-874b-a807ce5be91b","1","1000","蝦皮","","已完成","2026-04-22T10:06:38.55441+00:00","422","578","6bd05ea5-44eb-46de-a7f2-cd540b4ca715",""
"2da08a23-0069-41e7-9516-3dea5708048d","2025-05-11T00:00:00+00:00","20250511009","5ae40006-9e9f-47d0-bf5b-ae60c9be288f","1","650","蝦皮","","已完成","2026-04-22T09:29:32.88101+00:00","162","488","6bd05ea5-44eb-46de-a7f2-cd540b4ca715",""
"ca4c30b1-4517-49e9-9bed-6e420087aa0b","2025-05-11T00:00:00+00:00","20250511002","937c135a-fd34-418a-a3f0-c61e3b52e910","1","750","蝦皮","","已完成","2026-04-22T09:29:32.88101+00:00","196.5","553.5","6bd05ea5-44eb-46de-a7f2-cd540b4ca715",""
"578e60e6-0a6c-4466-ac4f-adfd4d6c3751","2025-05-16T00:00:00+00:00","20250516007","937c135a-fd34-418a-a3f0-c61e3b52e910","1","750","蝦皮","","已完成","2026-04-22T09:29:32.88101+00:00","156","594","6bd05ea5-44eb-46de-a7f2-cd540b4ca715",""
"eca9fb37-caa0-4a32-ae59-602baa39bd10","2025-05-16T00:00:00+00:00","20250516005","13a5ef17-86ea-4659-96d4-0d4b67389437","1","2000","蝦皮","","已完成","2026-04-22T09:29:32.88101+00:00","622","1378","6bd05ea5-44eb-46de-a7f2-cd540b4ca715",""
"73cf612e-2dd4-4690-964d-5d8af62c5822","2026-05-14T00:00:00+00:00","20260514003","44ddd95c-e45f-448b-a1eb-fd57f46db195","1","540","蝦皮"," (平台手續費: 105)","已出貨","2026-05-14T06:08:07.420809+00:00","214","221","6bd05ea5-44eb-46de-a7f2-cd540b4ca715","105"
"db810663-d41a-4817-bb33-b7c8f84b881d","2025-06-28T00:00:00+00:00","20250628004","b745b7a5-1951-4240-b576-3f45208ab795","1","900","蝦皮","","已完成","2026-04-22T10:06:38.55441+00:00","471","429","6bd05ea5-44eb-46de-a7f2-cd540b4ca715",""
"54915600-454c-4706-8a03-1391698d4dee","2025-06-28T00:00:00+00:00","20250628003","b745b7a5-1951-4240-b576-3f45208ab795","1","1000","蝦皮","","已完成","2026-04-22T10:06:38.55441+00:00","359","641","6bd05ea5-44eb-46de-a7f2-cd540b4ca715",""
"8ad61f08-9fa8-4e33-a965-b720f1ec1b62","2025-05-11T00:00:00+00:00","20250511012","ca109ed6-b78e-4566-abaf-8a5c914e57da","1","1150","蝦皮","","已完成","2026-04-22T09:29:32.88101+00:00","349","801","6bd05ea5-44eb-46de-a7f2-cd540b4ca715",""
"9938ae57-4ccc-44b4-829c-57c1842f58a5","2025-07-07T00:00:00+00:00","20250707006","ec22c4d3-700e-4b48-b8b2-5fb448e5c713","1","768","蝦皮","","已完成","2026-04-22T10:12:19.37881+00:00","444","324","6bd05ea5-44eb-46de-a7f2-cd540b4ca715",""
"2b0b6c8e-8238-4e3e-ab93-2e4250287823","2025-06-04T00:00:00+00:00","20250604004","13a5ef17-86ea-4659-96d4-0d4b67389437","4","8000","蝦皮","","已完成","2026-04-22T10:06:38.55441+00:00","2282","1429.5","6bd05ea5-44eb-46de-a7f2-cd540b4ca715",""
"754d49d6-92f8-49d3-9166-0598c9f3b85b","2025-09-24T00:00:00+00:00","20250924006","ec22c4d3-700e-4b48-b8b2-5fb448e5c713","1","795","蝦皮","","已完成","2026-04-23T07:30:58.161574+00:00","453","342","6bd05ea5-44eb-46de-a7f2-cd540b4ca715",""
"5d4ba491-8677-4119-8fd9-a5b5b261dfca","2025-06-30T00:00:00+00:00","20250630002","ec22c4d3-700e-4b48-b8b2-5fb448e5c713","1","785","蝦皮","","已完成","2026-04-22T10:06:38.55441+00:00","421","364","6bd05ea5-44eb-46de-a7f2-cd540b4ca715",""
"9a9893c5-beac-40be-87fc-fc84aa702b65","2025-06-25T00:00:00+00:00","20250625001","ec22c4d3-700e-4b48-b8b2-5fb448e5c713","1","768","蝦皮","","已完成","2026-04-22T10:06:38.55441+00:00","375","393","6bd05ea5-44eb-46de-a7f2-cd540b4ca715",""
"06359975-4c77-4f3a-a7c4-b22699611ecf","2025-06-02T00:00:00+00:00","20250602001","b452eb6d-32f7-40fc-b60d-97b1ae53b09d","1","1100","蝦皮","","已完成","2026-04-22T10:06:38.55441+00:00","324","776","6bd05ea5-44eb-46de-a7f2-cd540b4ca715",""
"fa6e771d-22b6-4598-ae2f-0d1d967aa242","2025-06-18T00:00:00+00:00","20250618011","ec22c4d3-700e-4b48-b8b2-5fb448e5c713","1","715","蝦皮","","已完成","2026-04-22T10:06:38.55441+00:00","351","364","6bd05ea5-44eb-46de-a7f2-cd540b4ca715",""
"3d1cd78c-84ca-4efb-b6b3-e44c3bf1e14a","2025-07-08T00:00:00+00:00","20250708006","ec22c4d3-700e-4b48-b8b2-5fb448e5c713","2","1536","蝦皮","","已完成","2026-04-22T10:12:19.37881+00:00","804","366","6bd05ea5-44eb-46de-a7f2-cd540b4ca715",""
"b3ef5826-2f51-4f45-b534-158a989d16a5","2025-05-11T00:00:00+00:00","20250511011","a24c6b57-5c26-4bb8-b408-3cecac3e0af2","4","1400","蝦皮","","已完成","2026-04-22T09:29:32.88101+00:00","640","190","6bd05ea5-44eb-46de-a7f2-cd540b4ca715",""
"5c737042-2048-4e9d-8f33-aa4add5b8d72","2025-06-22T00:00:00+00:00","20250622003","ec22c4d3-700e-4b48-b8b2-5fb448e5c713","1","785","蝦皮","","已完成","2026-04-22T10:06:38.55441+00:00","414","371","6bd05ea5-44eb-46de-a7f2-cd540b4ca715",""
"2516d747-fffa-4271-ad33-d0c5eb6a154e","2025-06-29T00:00:00+00:00","20250629001","ec22c4d3-700e-4b48-b8b2-5fb448e5c713","1","785","蝦皮","","已完成","2026-04-22T10:06:38.55441+00:00","454","331","6bd05ea5-44eb-46de-a7f2-cd540b4ca715",""
"179ad90d-ab0b-4c74-9fa8-a4e074d47f9a","2025-05-11T00:00:00+00:00","20250511001","5b03f140-fb75-4a42-9e7c-a6515abbab08","4","3160","蝦皮","","已完成","2026-04-22T09:29:32.88101+00:00","1728","358","6bd05ea5-44eb-46de-a7f2-cd540b4ca715",""
"81ebf521-1a7d-4e2a-8c7b-7253f623c8be","2025-06-01T00:00:00+00:00","20250601004","dc21ae68-b7c0-45a6-ab09-b05229afa6c6","2","1400","蝦皮","","已完成","2026-04-22T10:06:38.55441+00:00","1125","137.5","6bd05ea5-44eb-46de-a7f2-cd540b4ca715",""
"9b86e807-2fed-4597-9c35-f0eefe3c6567","2025-05-13T00:00:00+00:00","20250513001","25a6ee7d-469f-4018-99aa-96ada95d682f","1","250","蝦皮","","已完成","2026-04-22T09:29:32.88101+00:00","82.17","167.83","6bd05ea5-44eb-46de-a7f2-cd540b4ca715",""
"87f67d85-24ab-4c4e-b2ef-e038ac5b3fda","2025-05-11T00:00:00+00:00","20250511010","25a6ee7d-469f-4018-99aa-96ada95d682f","1","250","蝦皮","","已完成","2026-04-22T09:29:32.88101+00:00","82.17","167.83","6bd05ea5-44eb-46de-a7f2-cd540b4ca715",""
"d5380495-168b-4760-94ed-dedeb22d1544","2025-05-16T00:00:00+00:00","20250516006","25a6ee7d-469f-4018-99aa-96ada95d682f","1","260","蝦皮","","已完成","2026-04-22T09:29:32.88101+00:00","92.17","167.83","6bd05ea5-44eb-46de-a7f2-cd540b4ca715",""
"a1efed2c-b44e-44cd-ba55-ffbaf5c655aa","2025-05-11T00:00:00+00:00","20250511006","13a5ef17-86ea-4659-96d4-0d4b67389437","14","28000","蝦皮","","已完成","2026-04-22T09:29:32.88101+00:00","9774","1301.86","6bd05ea5-44eb-46de-a7f2-cd540b4ca715",""
"777da090-142e-4f1c-8817-fd9b212c4b5d","2025-05-11T00:00:00+00:00","20250511015","13a5ef17-86ea-4659-96d4-0d4b67389437","1","2000","蝦皮","","已完成","2026-04-22T09:29:32.88101+00:00","748","1252","6bd05ea5-44eb-46de-a7f2-cd540b4ca715",""
"dc1e25bb-82f3-4e05-83fc-bf13088299eb","2025-05-16T00:00:00+00:00","20250516003","13a5ef17-86ea-4659-96d4-0d4b67389437","1","2000","蝦皮","","已完成","2026-04-22T09:29:32.88101+00:00","708","1292","6bd05ea5-44eb-46de-a7f2-cd540b4ca715",""
"32977672-df45-480c-8d6c-44f3fbe2fe2e","2025-06-30T00:00:00+00:00","20250630001","b452eb6d-32f7-40fc-b60d-97b1ae53b09d","1","1202","蝦皮","","已完成","2026-04-22T10:06:38.55441+00:00","390","812","6bd05ea5-44eb-46de-a7f2-cd540b4ca715",""
"97bbff44-f6aa-484e-a8b9-fd43928dc8d3","2025-06-05T00:00:00+00:00","20250605002","a24c6b57-5c26-4bb8-b408-3cecac3e0af2","1","350","蝦皮","","已完成","2026-04-22T10:06:38.55441+00:00","178.31","171.69","6bd05ea5-44eb-46de-a7f2-cd540b4ca715",""
"92776392-3246-4a91-9e81-1a5b9406032c","2025-07-05T00:00:00+00:00","20250705001","ec22c4d3-700e-4b48-b8b2-5fb448e5c713","1","785","蝦皮","","已完成","2026-04-22T10:12:19.37881+00:00","458","327","6bd05ea5-44eb-46de-a7f2-cd540b4ca715",""
"acd3a12c-3cda-4adf-9984-957e09a1f53e","2025-07-05T00:00:00+00:00","20250705002","ec22c4d3-700e-4b48-b8b2-5fb448e5c713","1","785","蝦皮","","已完成","2026-04-22T10:12:19.37881+00:00","458","327","6bd05ea5-44eb-46de-a7f2-cd540b4ca715",""
"3d5c86a1-3588-476a-9a7a-2e1f1b71a0c2","2025-05-11T00:00:00+00:00","20250511013","b452eb6d-32f7-40fc-b60d-97b1ae53b09d","1","1100","蝦皮","","已完成","2026-04-22T09:29:32.88101+00:00","386","714","6bd05ea5-44eb-46de-a7f2-cd540b4ca715",""
"148d87e0-5479-476f-aebe-3c0c3df9a053","2025-05-11T00:00:00+00:00","20250511004","b452eb6d-32f7-40fc-b60d-97b1ae53b09d","4","4400","蝦皮","","已完成","2026-04-22T09:29:32.88101+00:00","1318","770.5","6bd05ea5-44eb-46de-a7f2-cd540b4ca715",""
"8c1c5386-1d89-42bc-a341-5b7525387caf","2025-05-11T00:00:00+00:00","20250511014","b452eb6d-32f7-40fc-b60d-97b1ae53b09d","1","1100","蝦皮","","已完成","2026-04-22T09:29:32.88101+00:00","352","748","6bd05ea5-44eb-46de-a7f2-cd540b4ca715",""
"2e400ac5-ab6a-47d0-b2c2-2b5389e343c5","2025-07-07T00:00:00+00:00","20250707003","ec22c4d3-700e-4b48-b8b2-5fb448e5c713","1","768","蝦皮","","已完成","2026-04-22T10:12:19.37881+00:00","464","304","6bd05ea5-44eb-46de-a7f2-cd540b4ca715",""
"a0c523a5-29d1-41e7-bba8-fa7d688bce8b","2025-07-07T00:00:00+00:00","20250707002","ec22c4d3-700e-4b48-b8b2-5fb448e5c713","1","768","蝦皮","","已完成","2026-04-22T10:12:19.37881+00:00","440","328","6bd05ea5-44eb-46de-a7f2-cd540b4ca715",""
"5df62da5-ff10-456e-b5d8-f5bebfede19b","2025-07-07T00:00:00+00:00","20250707001","3c5abc2e-97ab-426f-8d4c-a155553252bc","1","1104","蝦皮","","已完成","2026-04-22T10:12:19.37881+00:00","444","660","6bd05ea5-44eb-46de-a7f2-cd540b4ca715",""
"d8941a31-41ed-4a3e-9e3f-f53070910b4a","2025-07-06T00:00:00+00:00","20250706001","ec22c4d3-700e-4b48-b8b2-5fb448e5c713","1","785","蝦皮","","已完成","2026-04-22T10:12:19.37881+00:00","458","327","6bd05ea5-44eb-46de-a7f2-cd540b4ca715",""
"5a25143d-9f7a-497e-96e0-2a483efd5537","2025-05-28T00:00:00+00:00","20250528001","25a6ee7d-469f-4018-99aa-96ada95d682f","1","300","蝦皮","","已完成","2026-04-22T09:29:32.88101+00:00","136.5","163.5","6bd05ea5-44eb-46de-a7f2-cd540b4ca715",""
"f38b1e51-19bb-4102-82f6-fb4ad88617df","2026-04-04T00:00:00+00:00","20260404010","caa4240a-d932-4641-b05a-72ddbf2379e4","1","2820","蝦皮","","已出貨","2026-04-23T14:43:09.299706+00:00","851","1969","6bd05ea5-44eb-46de-a7f2-cd540b4ca715",""
"3b603bb4-e2b1-420a-8c9b-3f38218a3f93","2026-04-23T00:00:00+00:00","20260423008","551cfb11-ba72-4876-ad1a-38540875fea0","3","84","蝦皮","","未出貨","2026-04-23T14:49:25.898093+00:00","84","0","6bd05ea5-44eb-46de-a7f2-cd540b4ca715",""
"036f70b9-0bc1-44c7-a345-e4ea0999f51c","2025-05-19T00:00:00+00:00","20250519002","937c135a-fd34-418a-a3f0-c61e3b52e910","1","750","蝦皮","","已完成","2026-04-22T09:29:32.88101+00:00","156","594","6bd05ea5-44eb-46de-a7f2-cd540b4ca715",""
"a75ea37f-7310-4431-8ab9-84574f021759","2025-05-26T00:00:00+00:00","20250526001","5b03f140-fb75-4a42-9e7c-a6515abbab08","1","790","蝦皮","","已完成","2026-04-22T09:29:32.88101+00:00","353.5","436.5","6bd05ea5-44eb-46de-a7f2-cd540b4ca715",""
"930f489f-6930-4878-b285-4e42e409dc15","2025-05-28T00:00:00+00:00","20250528002","25a6ee7d-469f-4018-99aa-96ada95d682f","1","290","蝦皮","","已完成","2026-04-22T09:29:32.88101+00:00","126.5","163.5","6bd05ea5-44eb-46de-a7f2-cd540b4ca715",""
"3f1164ad-216e-404c-b357-74b780aa6436","2025-05-19T00:00:00+00:00","20250519004","25a6ee7d-469f-4018-99aa-96ada95d682f","1","260","蝦皮","","已完成","2026-04-22T09:29:32.88101+00:00","92.17","167.83","6bd05ea5-44eb-46de-a7f2-cd540b4ca715",""
"9c15956c-0895-40f2-84c4-1e9c925fa661","2025-07-02T00:00:00+00:00","20250702003","ec22c4d3-700e-4b48-b8b2-5fb448e5c713","1","785","蝦皮","","已完成","2026-04-22T10:12:19.37881+00:00","453","332","6bd05ea5-44eb-46de-a7f2-cd540b4ca715",""
"f3a524e9-c8e6-48fb-90d1-71949584f379","2025-05-18T00:00:00+00:00","20250518004","3c5abc2e-97ab-426f-8d4c-a155553252bc","1","1000","蝦皮","","已完成","2026-04-22T09:29:32.88101+00:00","360","640","6bd05ea5-44eb-46de-a7f2-cd540b4ca715",""
"18d306ab-580d-47d9-89bd-bcf1642f2641","2025-05-30T00:00:00+00:00","20250530005","3c5abc2e-97ab-426f-8d4c-a155553252bc","1","1000","蝦皮","","已完成","2026-04-22T09:29:32.88101+00:00","352","648","6bd05ea5-44eb-46de-a7f2-cd540b4ca715",""
"bfcb89f5-a783-4432-a012-93b9f0cccd6b","2025-05-18T00:00:00+00:00","20250518003","937c135a-fd34-418a-a3f0-c61e3b52e910","1","750","蝦皮","","已完成","2026-04-22T09:29:32.88101+00:00","156","594","6bd05ea5-44eb-46de-a7f2-cd540b4ca715",""
"71e8d3d3-22c9-4108-a913-f92959c8e81a","2026-03-28T00:00:00+00:00","20260328007","caa4240a-d932-4641-b05a-72ddbf2379e4","1","2950","蝦皮","","已完成","2026-04-23T07:59:59.938636+00:00","1090","1860","6bd05ea5-44eb-46de-a7f2-cd540b4ca715",""
"ae857942-36fc-4981-8ee8-7927c1651678","2025-06-28T00:00:00+00:00","20250628002","ec22c4d3-700e-4b48-b8b2-5fb448e5c713","1","785","蝦皮","","已完成","2026-04-22T10:06:38.55441+00:00","458","327","6bd05ea5-44eb-46de-a7f2-cd540b4ca715",""
"45773104-66ba-463b-99fe-bff925b647aa","2025-07-01T00:00:00+00:00","20250701001","ec22c4d3-700e-4b48-b8b2-5fb448e5c713","1","785","蝦皮","","已完成","2026-04-22T10:12:19.37881+00:00","438","347","6bd05ea5-44eb-46de-a7f2-cd540b4ca715",""
"fd491601-05b3-4199-8be4-be7bf7dd8fb8","2025-12-03T00:00:00+00:00","20251203003","ec22c4d3-700e-4b48-b8b2-5fb448e5c713","1","750","蝦皮","","已完成","2026-04-23T07:41:26.12012+00:00","405","345","6bd05ea5-44eb-46de-a7f2-cd540b4ca715",""
"71a3692e-31a1-421f-95df-52ca74c864ef","2025-06-27T00:00:00+00:00","20250627001","ec22c4d3-700e-4b48-b8b2-5fb448e5c713","1","786","蝦皮","","已完成","2026-04-22T10:06:38.55441+00:00","422","364","6bd05ea5-44eb-46de-a7f2-cd540b4ca715",""
"3ebc9441-acea-4a1e-9559-6ff6201f0b22","2025-07-07T00:00:00+00:00","20250707007","ec22c4d3-700e-4b48-b8b2-5fb448e5c713","1","790","蝦皮","","已完成","2026-04-22T10:12:19.37881+00:00","466","324","6bd05ea5-44eb-46de-a7f2-cd540b4ca715",""
"bc9c2ce1-186c-4d1a-9df0-c29e2382b38a","2025-11-29T00:00:00+00:00","20251129001","ec22c4d3-700e-4b48-b8b2-5fb448e5c713","1","795","蝦皮","","已完成","2026-04-23T07:37:48.563128+00:00","457","338","6bd05ea5-44eb-46de-a7f2-cd540b4ca715",""
"3927c9f9-0c76-4857-aebf-a56db4946d80","2025-07-08T00:00:00+00:00","20250708005","ec22c4d3-700e-4b48-b8b2-5fb448e5c713","1","768","蝦皮","","已完成","2026-04-22T10:12:19.37881+00:00","422","346","6bd05ea5-44eb-46de-a7f2-cd540b4ca715",""
"e243b08f-f447-4875-9349-193239c4a18b","2025-05-28T00:00:00+00:00","20250528004","a24c6b57-5c26-4bb8-b408-3cecac3e0af2","1","350","蝦皮","","已完成","2026-04-22T09:29:32.88101+00:00","163","187","6bd05ea5-44eb-46de-a7f2-cd540b4ca715",""
"34421abf-4b61-4905-93ce-dc89ac5c1d49","2025-07-02T00:00:00+00:00","20250702001","ec22c4d3-700e-4b48-b8b2-5fb448e5c713","1","785","蝦皮","","已完成","2026-04-22T10:12:19.37881+00:00","454","331","6bd05ea5-44eb-46de-a7f2-cd540b4ca715",""
"d40df967-9cf0-4d22-9752-13ff81398187","2025-07-07T00:00:00+00:00","20250707004","ec22c4d3-700e-4b48-b8b2-5fb448e5c713","1","768","蝦皮","","已完成","2026-04-22T10:12:19.37881+00:00","436","332","6bd05ea5-44eb-46de-a7f2-cd540b4ca715",""
"50080340-610d-4e48-9057-a8996bff3124","2025-05-16T00:00:00+00:00","20250516002","b452eb6d-32f7-40fc-b60d-97b1ae53b09d","1","1100","蝦皮","","已完成","2026-04-22T09:29:32.88101+00:00","268","832","6bd05ea5-44eb-46de-a7f2-cd540b4ca715",""
"f31364f2-4421-499f-b089-a3a417f7ae30","2025-07-07T00:00:00+00:00","20250707005","ec22c4d3-700e-4b48-b8b2-5fb448e5c713","1","768","蝦皮","","已完成","2026-04-22T10:12:19.37881+00:00","424","344","6bd05ea5-44eb-46de-a7f2-cd540b4ca715",""
"8cd4be44-388d-4457-94a6-a8f82f6cf05c","2025-07-08T00:00:00+00:00","20250708002","ec22c4d3-700e-4b48-b8b2-5fb448e5c713","1","768","蝦皮","","已完成","2026-04-22T10:12:19.37881+00:00","404","364","6bd05ea5-44eb-46de-a7f2-cd540b4ca715",""
"67817f7a-51bd-48c6-8e5f-746ee4615407","2026-05-11T00:00:00+00:00","20260511002","42687ef1-23ac-4ac9-8a31-fec0072b8a69","1","1750","蝦皮"," (平台手續費: 201)","已出貨","2026-05-20T14:44:10.505219+00:00","767","782","6bd05ea5-44eb-46de-a7f2-cd540b4ca715","201"
"82d8604e-f510-4a0e-9c17-fc5b9f01605e","2025-06-27T00:00:00+00:00","20250627002","ec22c4d3-700e-4b48-b8b2-5fb448e5c713","1","785","蝦皮","","已完成","2026-04-22T10:06:38.55441+00:00","392","393","6bd05ea5-44eb-46de-a7f2-cd540b4ca715",""
"51ff67e9-86c4-4ae2-874b-d255a8ba05fd","2025-07-08T00:00:00+00:00","20250708007","ec22c4d3-700e-4b48-b8b2-5fb448e5c713","1","769","蝦皮","","已完成","2026-04-22T10:12:19.37881+00:00","439","330","6bd05ea5-44eb-46de-a7f2-cd540b4ca715",""
"b7dbd5b0-be1a-4273-9df5-9880846229e4","2025-05-20T00:00:00+00:00","20250520003","3c5abc2e-97ab-426f-8d4c-a155553252bc","1","1000","蝦皮","","已完成","2026-04-22T09:29:32.88101+00:00","338","662","6bd05ea5-44eb-46de-a7f2-cd540b4ca715",""
"84e36d2a-44d6-4c73-847b-c4156faa62d7","2025-05-28T00:00:00+00:00","20250528005","13a5ef17-86ea-4659-96d4-0d4b67389437","1","2000","蝦皮","","已完成","2026-04-22T09:29:32.88101+00:00","592","1408","6bd05ea5-44eb-46de-a7f2-cd540b4ca715",""
"9550ee39-a817-4057-8689-6de83ddf4d1c","2025-05-26T00:00:00+00:00","20250526003","39749fa7-2bb1-4c7a-abe5-1c35b0a3bb5b","1","1900","蝦皮","","已完成","2026-04-22T09:29:32.88101+00:00","974","926","6bd05ea5-44eb-46de-a7f2-cd540b4ca715",""
"2b2ad6e2-10de-4688-a366-e4fc37621599","2025-05-17T00:00:00+00:00","20250517002","39749fa7-2bb1-4c7a-abe5-1c35b0a3bb5b","1","1800","蝦皮","","已完成","2026-04-22T09:29:32.88101+00:00","893","907","6bd05ea5-44eb-46de-a7f2-cd540b4ca715",""
"0007eb41-d79d-421b-83fc-a396bd91c1da","2025-05-28T00:00:00+00:00","20250528006","39749fa7-2bb1-4c7a-abe5-1c35b0a3bb5b","1","1900","蝦皮","","已完成","2026-04-22T09:29:32.88101+00:00","974","926","6bd05ea5-44eb-46de-a7f2-cd540b4ca715",""
"857bb014-2353-4a64-b9c5-e2ba98812a6f","2025-05-24T00:00:00+00:00","20250524001","937c135a-fd34-418a-a3f0-c61e3b52e910","1","750","蝦皮","","已完成","2026-04-22T09:29:32.88101+00:00","227.5","522.5","6bd05ea5-44eb-46de-a7f2-cd540b4ca715",""
"8e4dd253-6179-4ae1-a2fb-182875ccaaad","2025-05-28T00:00:00+00:00","20250528007","937c135a-fd34-418a-a3f0-c61e3b52e910","1","750","蝦皮","","已完成","2026-04-22T09:29:32.88101+00:00","227.5","522.5","6bd05ea5-44eb-46de-a7f2-cd540b4ca715",""
"768bebf5-2aea-44ba-afb7-f3043ff50546","2025-05-23T00:00:00+00:00","20250523003","5b03f140-fb75-4a42-9e7c-a6515abbab08","1","790","蝦皮","","已完成","2026-04-22T09:29:32.88101+00:00","432","358","6bd05ea5-44eb-46de-a7f2-cd540b4ca715",""
"f0d25202-9ae4-4095-924e-62aa1fbda8b8","2025-05-19T00:00:00+00:00","20250519001","39749fa7-2bb1-4c7a-abe5-1c35b0a3bb5b","1","1800","蝦皮","","已完成","2026-04-22T09:29:32.88101+00:00","866","934","6bd05ea5-44eb-46de-a7f2-cd540b4ca715",""
"10b2e4c8-35dc-4add-883e-782f51203558","2025-05-25T00:00:00+00:00","20250525001","3b0bfad1-adc2-43de-a1df-b0bc481abd5f","1","1100","蝦皮","","已完成","2026-04-22T09:29:32.88101+00:00","403","697","6bd05ea5-44eb-46de-a7f2-cd540b4ca715",""
"3ab0a4b6-6214-40fe-94d6-5a90bafc5c48","2025-05-28T00:00:00+00:00","20250528003","3b0bfad1-adc2-43de-a1df-b0bc481abd5f","1","1100","蝦皮","","已完成","2026-04-22T09:29:32.88101+00:00","427","673","6bd05ea5-44eb-46de-a7f2-cd540b4ca715",""
"f5285ce3-cb93-498c-a7dd-ace1d5e1e327","2025-05-20T00:00:00+00:00","20250520004","3b0bfad1-adc2-43de-a1df-b0bc481abd5f","1","1100","蝦皮","","已完成","2026-04-22T09:29:32.88101+00:00","403","697","6bd05ea5-44eb-46de-a7f2-cd540b4ca715",""
"5de3ccb9-1adb-4ad5-8609-162824ba8bf9","2025-05-31T00:00:00+00:00","20250531001","3b0bfad1-adc2-43de-a1df-b0bc481abd5f","1","1100","蝦皮","","已完成","2026-04-22T09:29:32.88101+00:00","429","671","6bd05ea5-44eb-46de-a7f2-cd540b4ca715",""
"66f97b68-1a28-4a9c-955a-591b1586af85","2025-05-23T00:00:00+00:00","20250523004","e9c0f26b-a522-4b23-a18f-1dffe7efbcc0","1","1250","蝦皮","","已完成","2026-04-22T09:29:32.88101+00:00","518","732","6bd05ea5-44eb-46de-a7f2-cd540b4ca715",""
"f0f1b369-ef87-4093-9dd0-c4d9bf3b3570","2025-05-17T00:00:00+00:00","20250517004","3c5abc2e-97ab-426f-8d4c-a155553252bc","1","1000","蝦皮","","已完成","2026-04-22T09:29:32.88101+00:00","387","613","6bd05ea5-44eb-46de-a7f2-cd540b4ca715",""
"693ef370-ee2a-4b4c-872e-5e00b8c4e0b9","2025-05-20T00:00:00+00:00","20250520005","937c135a-fd34-418a-a3f0-c61e3b52e910","1","750","蝦皮","","已完成","2026-04-22T09:29:32.88101+00:00","196","554","6bd05ea5-44eb-46de-a7f2-cd540b4ca715",""
"de92ebb0-d630-4992-9c04-e76791c96176","2025-05-17T00:00:00+00:00","20250517003","3c5abc2e-97ab-426f-8d4c-a155553252bc","1","1000","蝦皮","","已完成","2026-04-22T09:29:32.88101+00:00","373","627","6bd05ea5-44eb-46de-a7f2-cd540b4ca715",""
"c1dac3d0-df44-4944-adb8-6aca88df0106","2025-05-30T00:00:00+00:00","20250530001","ca109ed6-b78e-4566-abaf-8a5c914e57da","1","1150","蝦皮","","已完成","2026-04-22T09:29:32.88101+00:00","397","753","6bd05ea5-44eb-46de-a7f2-cd540b4ca715",""
"d0fa6c2a-59a6-4b0c-ba59-3b9de7b2630a","2025-05-18T00:00:00+00:00","20250518001","25a6ee7d-469f-4018-99aa-96ada95d682f","1","250","蝦皮","","已完成","2026-04-22T09:29:32.88101+00:00","82.17","167.83","6bd05ea5-44eb-46de-a7f2-cd540b4ca715",""
"dd589851-30c7-468e-ab74-b1ad750755c9","2025-05-29T00:00:00+00:00","20250529001","25a6ee7d-469f-4018-99aa-96ada95d682f","1","280","蝦皮","","已完成","2026-04-22T09:29:32.88101+00:00","133","147","6bd05ea5-44eb-46de-a7f2-cd540b4ca715",""
"54f8d6cc-68e8-4ac7-98fc-232ccf85ee89","2025-05-23T00:00:00+00:00","20250523001","90ad1db5-bda0-4a63-b82d-cceee63def81","1","650","蝦皮","","已完成","2026-04-22T09:29:32.88101+00:00","-10","660","6bd05ea5-44eb-46de-a7f2-cd540b4ca715",""
"9dc057ad-4b48-4ba2-9d15-0d79ea96098b","2025-05-31T00:00:00+00:00","20250531004","3a0a3cc8-3890-458a-a8b7-d3cc9b03c498","1","410","蝦皮","","已完成","2026-04-22T09:29:32.88101+00:00","120.12","289.88","6bd05ea5-44eb-46de-a7f2-cd540b4ca715",""
"caf744d8-873d-4996-8b70-f7bfd7d6dbfb","2025-05-23T00:00:00+00:00","20250523002","a24c6b57-5c26-4bb8-b408-3cecac3e0af2","1","350","蝦皮","","已完成","2026-04-22T09:29:32.88101+00:00","158.75","191.25","6bd05ea5-44eb-46de-a7f2-cd540b4ca715",""
"68ec89a7-a623-4ed8-8ccb-e97f2fd54f15","2025-05-19T00:00:00+00:00","20250519006","b452eb6d-32f7-40fc-b60d-97b1ae53b09d","1","1100","蝦皮","","已完成","2026-04-22T09:29:32.88101+00:00","323","777","6bd05ea5-44eb-46de-a7f2-cd540b4ca715",""
"4bb21b4d-6496-498f-a8b2-0eb76a0734ed","2025-05-18T00:00:00+00:00","20250518002","25a6ee7d-469f-4018-99aa-96ada95d682f","1","250","蝦皮","","已完成","2026-04-22T09:29:32.88101+00:00","82.17","167.83","6bd05ea5-44eb-46de-a7f2-cd540b4ca715",""
"8a6a3ef8-5757-49de-988c-69aecbba1f45","2025-05-30T00:00:00+00:00","20250530003","a24c6b57-5c26-4bb8-b408-3cecac3e0af2","1","350","蝦皮","","已完成","2026-04-22T09:29:32.88101+00:00","165.5","184.5","6bd05ea5-44eb-46de-a7f2-cd540b4ca715",""
"9875d3ff-4c85-4d5e-b6e5-a8e7cda361b2","2025-06-01T00:00:00+00:00","20250601001","dc21ae68-b7c0-45a6-ab09-b05229afa6c6","1","190","蝦皮","","已完成","2026-04-22T10:06:38.55441+00:00","76","114","6bd05ea5-44eb-46de-a7f2-cd540b4ca715",""
"50cf3a35-3e05-48ca-8d79-d3a8840cc012","2025-05-20T00:00:00+00:00","20250520002","13a5ef17-86ea-4659-96d4-0d4b67389437","1","2000","蝦皮","","已完成","2026-04-22T09:29:32.88101+00:00","687","1313","6bd05ea5-44eb-46de-a7f2-cd540b4ca715",""
"9a63915d-7542-4ffb-89c4-b7e329b5918a","2025-05-31T00:00:00+00:00","20250531002","13a5ef17-86ea-4659-96d4-0d4b67389437","1","2000","蝦皮","","已完成","2026-04-22T09:29:32.88101+00:00","587","1413","6bd05ea5-44eb-46de-a7f2-cd540b4ca715",""
"b7b96891-8934-4bc8-b7b0-3f1a0f314d91","2025-05-24T00:00:00+00:00","20250524002","13a5ef17-86ea-4659-96d4-0d4b67389437","1","2000","蝦皮","","已完成","2026-04-22T09:29:32.88101+00:00","651","1349","6bd05ea5-44eb-46de-a7f2-cd540b4ca715",""
"82c8a210-b2f2-48d5-aae3-d21dfa312e66","2025-07-04T00:00:00+00:00","20250704001","ec22c4d3-700e-4b48-b8b2-5fb448e5c713","1","785","蝦皮","","已完成","2026-04-22T10:12:19.37881+00:00","418","367","6bd05ea5-44eb-46de-a7f2-cd540b4ca715",""
"1b24055e-f043-4496-b0da-239a2bad87e4","2025-05-31T00:00:00+00:00","20250531005","5b03f140-fb75-4a42-9e7c-a6515abbab08","1","790","蝦皮","","已完成","2026-04-22T09:29:32.88101+00:00","353.5","436.5","6bd05ea5-44eb-46de-a7f2-cd540b4ca715",""
"e017fb64-1991-4594-9763-fb0c7344754d","2025-05-17T00:00:00+00:00","20250517001","13a5ef17-86ea-4659-96d4-0d4b67389437","1","2000","蝦皮","","已完成","2026-04-22T09:29:32.88101+00:00","622","1378","6bd05ea5-44eb-46de-a7f2-cd540b4ca715",""
"706e65a8-4bc3-46d1-b0e4-132c49243dfb","2025-05-31T00:00:00+00:00","20250531003","a24c6b57-5c26-4bb8-b408-3cecac3e0af2","1","350","蝦皮","","已完成","2026-04-22T09:29:32.88101+00:00","165.5","184.5","6bd05ea5-44eb-46de-a7f2-cd540b4ca715",""
"e88d96ed-a729-4a64-81df-85a9f1ebc615","2025-05-19T00:00:00+00:00","20250519005","b452eb6d-32f7-40fc-b60d-97b1ae53b09d","1","1100","蝦皮","","已完成","2026-04-22T09:29:32.88101+00:00","323","777","6bd05ea5-44eb-46de-a7f2-cd540b4ca715",""
"cd28a8d6-6a5b-4030-959e-29a8223b091b","2025-05-30T00:00:00+00:00","20250530006","a24c6b57-5c26-4bb8-b408-3cecac3e0af2","1","350","蝦皮","","已完成","2026-04-22T09:29:32.88101+00:00","165.5","184.5","6bd05ea5-44eb-46de-a7f2-cd540b4ca715",""
"be96ce10-c693-4399-aa5d-b57f36cd0994","2025-07-03T00:00:00+00:00","20250703001","ec22c4d3-700e-4b48-b8b2-5fb448e5c713","2","1570","蝦皮","","已完成","2026-04-22T10:12:19.37881+00:00","880","345","6bd05ea5-44eb-46de-a7f2-cd540b4ca715",""
"8c1442b0-7a3e-4c88-8675-81278a622139","2025-05-31T00:00:00+00:00","20250531006","3a0a3cc8-3890-458a-a8b7-d3cc9b03c498","1","410","蝦皮","","已完成","2026-04-22T09:29:32.88101+00:00","120.12","289.88","6bd05ea5-44eb-46de-a7f2-cd540b4ca715",""
"3504e47d-2296-4038-85b0-841f38651a84","2025-08-29T00:00:00+00:00","20250829001","3a0a3cc8-3890-458a-a8b7-d3cc9b03c498","1","425","蝦皮","","已完成","2026-04-23T07:25:14.828255+00:00","182","243","6bd05ea5-44eb-46de-a7f2-cd540b4ca715",""
"64fb6a22-15a5-4312-8094-e00c7755ce4d","2025-08-29T00:00:00+00:00","20250829002","3a0a3cc8-3890-458a-a8b7-d3cc9b03c498","1","420","蝦皮","","已完成","2026-04-23T07:25:14.828255+00:00","82","338","6bd05ea5-44eb-46de-a7f2-cd540b4ca715",""
"cf3db22c-8153-409b-a546-45d47fcdcd80","2025-08-30T00:00:00+00:00","20250830001","3a0a3cc8-3890-458a-a8b7-d3cc9b03c498","1","420","蝦皮","","已完成","2026-04-23T07:25:14.828255+00:00","148","272","6bd05ea5-44eb-46de-a7f2-cd540b4ca715",""
"10a0a8ed-49cc-44c2-afd7-73b9a918686b","2025-08-27T00:00:00+00:00","20250827003","24039aa7-a987-410b-9cd2-fd74f299fd85","1","545","蝦皮","","已完成","2026-04-23T07:25:14.828255+00:00","189.37","355.63","6bd05ea5-44eb-46de-a7f2-cd540b4ca715",""
"5f6cd048-c2e0-43e8-988d-40033021c6db","2025-08-30T00:00:00+00:00","20250830003","e416f56e-65b1-4272-898e-de17bbef5e4c","1","508","蝦皮","","已完成","2026-04-23T07:25:14.828255+00:00","248.25","259.75","6bd05ea5-44eb-46de-a7f2-cd540b4ca715",""
"acc88ca3-4e44-4e49-a2f7-830e69526216","2025-08-30T00:00:00+00:00","20250830004","d06de558-e42b-457a-9d55-1b8b8ef4b468","1","276","蝦皮","","已完成","2026-04-23T07:25:14.828255+00:00","191","85","6bd05ea5-44eb-46de-a7f2-cd540b4ca715",""
"a2cbb5c2-0683-4087-8f25-fdaf2f5e0ba0","2025-08-30T00:00:00+00:00","20250830006","39749fa7-2bb1-4c7a-abe5-1c35b0a3bb5b","1","1655","蝦皮","","已完成","2026-04-23T07:25:14.828255+00:00","781","874","6bd05ea5-44eb-46de-a7f2-cd540b4ca715",""
"d63256f8-afab-4c49-b6c0-0dc227c4f7aa","2025-09-05T00:00:00+00:00","20250905001","ec22c4d3-700e-4b48-b8b2-5fb448e5c713","1","795","蝦皮","","已完成","2026-04-23T07:30:58.161574+00:00","457","338","6bd05ea5-44eb-46de-a7f2-cd540b4ca715",""
"a736067f-7969-4bb9-9049-45dc9a5d9137","2025-05-30T00:00:00+00:00","20250530004","b452eb6d-32f7-40fc-b60d-97b1ae53b09d","1","1100","蝦皮","","已完成","2026-04-22T09:29:32.88101+00:00","303","797","6bd05ea5-44eb-46de-a7f2-cd540b4ca715",""
"f32671af-4bfe-4c5a-917a-3f2df684f1ea","2025-05-26T00:00:00+00:00","20250526002","a24c6b57-5c26-4bb8-b408-3cecac3e0af2","4","1400","蝦皮","","已完成","2026-04-22T09:29:32.88101+00:00","643.5","189.13","6bd05ea5-44eb-46de-a7f2-cd540b4ca715",""
"4ac1aafc-735d-4152-97b5-e7348fadb2f1","2025-08-30T00:00:00+00:00","20250830002","3a0a3cc8-3890-458a-a8b7-d3cc9b03c498","1","420","蝦皮","","已完成","2026-04-23T07:25:14.828255+00:00","148","272","6bd05ea5-44eb-46de-a7f2-cd540b4ca715",""
"1825eb85-b526-4ccc-bb66-56617e4cdd10","2025-09-04T00:00:00+00:00","20250904002","13a5ef17-86ea-4659-96d4-0d4b67389437","1","2117","蝦皮","","已完成","2026-04-23T07:30:58.161574+00:00","688","1429","6bd05ea5-44eb-46de-a7f2-cd540b4ca715",""
"9a161eb7-8440-4191-8907-31ce66bed5e2","2025-09-07T00:00:00+00:00","20250907002","24039aa7-a987-410b-9cd2-fd74f299fd85","1","520","蝦皮","","已完成","2026-04-23T07:30:58.161574+00:00","164.37","355.63","6bd05ea5-44eb-46de-a7f2-cd540b4ca715",""
"f8a29cd5-b08e-454e-8a9c-499569e28c53","2025-09-07T00:00:00+00:00","20250907003","a24c6b57-5c26-4bb8-b408-3cecac3e0af2","1","355","蝦皮","","已完成","2026-04-23T07:30:58.161574+00:00","179.36","175.64","6bd05ea5-44eb-46de-a7f2-cd540b4ca715",""
"2728e4a4-5505-472c-8052-9162e9f5b59a","2025-08-23T00:00:00+00:00","20250823004","3a0a3cc8-3890-458a-a8b7-d3cc9b03c498","1","425","蝦皮","","已完成","2026-04-23T07:25:14.828255+00:00","135","290","6bd05ea5-44eb-46de-a7f2-cd540b4ca715",""
"00b0e77a-d0dc-47ce-8733-5a46f0cac115","2025-08-27T00:00:00+00:00","20250827002","b452eb6d-32f7-40fc-b60d-97b1ae53b09d","1","1331","蝦皮","","已完成","2026-04-23T07:25:14.828255+00:00","496","835","6bd05ea5-44eb-46de-a7f2-cd540b4ca715",""
"87f77229-15c7-4d71-a415-3c910715040a","2025-09-06T00:00:00+00:00","20250906001","ec22c4d3-700e-4b48-b8b2-5fb448e5c713","1","795","蝦皮","","已完成","2026-04-23T07:30:58.161574+00:00","457","338","6bd05ea5-44eb-46de-a7f2-cd540b4ca715",""
"ac8f6c22-bac8-49eb-aad7-9ba898ac5342","2026-04-15T00:00:00+00:00","20260415007","4b8194a3-5e26-471d-90e1-a65ccc52ddeb","1","1365","蝦皮","","已出貨","2026-04-23T14:53:19.099792+00:00","676","689","6bd05ea5-44eb-46de-a7f2-cd540b4ca715",""
"bb61b277-f4c0-496d-a14b-5889de4be49d","2025-09-19T00:00:00+00:00","20250919001","ec22c4d3-700e-4b48-b8b2-5fb448e5c713","1","795","蝦皮","","已完成","2026-04-23T07:30:58.161574+00:00","440.33","354.67","6bd05ea5-44eb-46de-a7f2-cd540b4ca715",""
"dae340ad-4aa1-46da-b3ac-73c043ea67ec","2025-09-16T00:00:00+00:00","20250916006","a1827b36-e7eb-40ff-a912-3038ed39c058","1","800","蝦皮","","已完成","2026-04-23T07:30:58.161574+00:00","336","464","6bd05ea5-44eb-46de-a7f2-cd540b4ca715",""
"ec59b06a-6b70-427f-9eee-93ff348a1ca4","2025-09-22T00:00:00+00:00","20250922001","ec22c4d3-700e-4b48-b8b2-5fb448e5c713","1","795","蝦皮","","已完成","2026-04-23T07:30:58.161574+00:00","419","376","6bd05ea5-44eb-46de-a7f2-cd540b4ca715",""
"e966ce98-d325-4b93-9691-6ae216294e42","2025-09-22T00:00:00+00:00","20250922002","ec22c4d3-700e-4b48-b8b2-5fb448e5c713","1","795","蝦皮","","已完成","2026-04-23T07:30:58.161574+00:00","453","342","6bd05ea5-44eb-46de-a7f2-cd540b4ca715",""
"fcacb30d-f23b-45c6-91b1-ae33a4bfe1a7","2025-09-20T00:00:00+00:00","20250920003","a1827b36-e7eb-40ff-a912-3038ed39c058","1","915","蝦皮","","已完成","2026-04-23T07:30:58.161574+00:00","449","466","6bd05ea5-44eb-46de-a7f2-cd540b4ca715",""
"42da3fc2-ddad-4025-95e9-1e815309c92a","2025-09-20T00:00:00+00:00","20250920001","ec22c4d3-700e-4b48-b8b2-5fb448e5c713","1","795","蝦皮","","已完成","2026-04-23T07:30:58.161574+00:00","440.33","354.67","6bd05ea5-44eb-46de-a7f2-cd540b4ca715",""
"d28441ae-1e77-4ed3-860c-982ede5be92b","2025-09-16T00:00:00+00:00","20250916009","1047bac0-fec4-43f0-8205-00f485f3b3f6","1","310","蝦皮","","已完成","2026-04-23T07:30:58.161574+00:00","152.5","157.5","6bd05ea5-44eb-46de-a7f2-cd540b4ca715",""
"b27a5622-3172-45cf-93f5-ded7fbd328a8","2025-09-22T00:00:00+00:00","20250922006","3a0a3cc8-3890-458a-a8b7-d3cc9b03c498","2","840","蝦皮","","已完成","2026-04-23T07:30:58.161574+00:00","296","272","6bd05ea5-44eb-46de-a7f2-cd540b4ca715",""
"fd294709-61f6-45a4-8910-d2a62ec8dff5","2025-09-24T00:00:00+00:00","20250924004","4b2020d3-7362-4b41-8efd-3c3584311d95","1","210","蝦皮","","已完成","2026-04-23T07:30:58.161574+00:00","117","93","6bd05ea5-44eb-46de-a7f2-cd540b4ca715",""
"76f53ebc-afeb-492c-88dc-fc1cac3c10f4","2025-09-21T00:00:00+00:00","20250921008","b452eb6d-32f7-40fc-b60d-97b1ae53b09d","1","1332","蝦皮","","已完成","2026-04-23T07:30:58.161574+00:00","375","957","6bd05ea5-44eb-46de-a7f2-cd540b4ca715",""
"266771bd-76e6-4e86-9650-a7da5657ed33","2025-09-19T00:00:00+00:00","20250919002","3c5abc2e-97ab-426f-8d4c-a155553252bc","1","1285","蝦皮","","已完成","2026-04-23T07:30:58.161574+00:00","614","671","6bd05ea5-44eb-46de-a7f2-cd540b4ca715",""
"4b54d31e-adf8-4585-8e31-f0b6284279cf","2025-09-12T00:00:00+00:00","20250912002","3c5abc2e-97ab-426f-8d4c-a155553252bc","1","1282","蝦皮","","已完成","2026-04-23T07:30:58.161574+00:00","580","702","6bd05ea5-44eb-46de-a7f2-cd540b4ca715",""
"31e08a27-2ee2-4615-9639-a04b7889dc82","2025-09-22T00:00:00+00:00","20250922005","4580ae23-9c31-4547-b940-2c6bc1ef8a77","1","461","蝦皮","","已完成","2026-04-23T07:30:58.161574+00:00","269","192","6bd05ea5-44eb-46de-a7f2-cd540b4ca715",""
"87f42aa1-22c4-47a5-aaf4-e303407a3c6b","2025-09-16T00:00:00+00:00","20250916004","4580ae23-9c31-4547-b940-2c6bc1ef8a77","1","320","蝦皮","","已完成","2026-04-23T07:30:58.161574+00:00","171","149","6bd05ea5-44eb-46de-a7f2-cd540b4ca715",""
"41918298-37ae-4cf8-a23a-91bf6d9734e2","2025-09-16T00:00:00+00:00","20250916011","4580ae23-9c31-4547-b940-2c6bc1ef8a77","1","320","蝦皮","","已完成","2026-04-23T07:30:58.161574+00:00","129","191","6bd05ea5-44eb-46de-a7f2-cd540b4ca715",""
"c2d682c5-4d39-47cb-bc6c-5ca6e1ddc5a0","2025-09-24T00:00:00+00:00","20250924002","2d80a4e2-7063-4002-bb90-12bd16746c3a","1","240","蝦皮","","已完成","2026-04-23T07:30:58.161574+00:00","121.8","118.2","6bd05ea5-44eb-46de-a7f2-cd540b4ca715",""
"afa8182c-55de-4df8-a556-a815fd1df98e","2026-05-10T00:00:00+00:00","20260510012","42687ef1-23ac-4ac9-8a31-fec0072b8a69","1","1690","蝦皮"," (平台手續費: 197)","已出貨","2026-05-20T14:44:51.843783+00:00","731","762","6bd05ea5-44eb-46de-a7f2-cd540b4ca715","197"
"3f2473e6-39c8-434c-8674-40fe55e659ab","2025-09-16T00:00:00+00:00","20250916005","a1827b36-e7eb-40ff-a912-3038ed39c058","1","800","蝦皮","","已完成","2026-04-23T07:30:58.161574+00:00","336","464","6bd05ea5-44eb-46de-a7f2-cd540b4ca715",""
"9b0c0725-8784-475e-8237-0fdaa74c0c61","2025-09-23T00:00:00+00:00","20250923002","baae2e81-583f-4416-934a-25a731f85f5d","1","490","蝦皮","","已完成","2026-04-23T07:30:58.161574+00:00","277","213","6bd05ea5-44eb-46de-a7f2-cd540b4ca715",""
"7dd88bd9-3446-40e8-9738-a906544903dd","2025-09-22T00:00:00+00:00","20250922004","a1827b36-e7eb-40ff-a912-3038ed39c058","1","972","蝦皮","","已完成","2026-04-23T07:30:58.161574+00:00","568","404","6bd05ea5-44eb-46de-a7f2-cd540b4ca715",""
"defea674-16b2-4166-9467-ea6a81382535","2025-09-19T00:00:00+00:00","20250919003","b452eb6d-32f7-40fc-b60d-97b1ae53b09d","1","1332","蝦皮","","已完成","2026-04-23T07:30:58.161574+00:00","600","732","6bd05ea5-44eb-46de-a7f2-cd540b4ca715",""
"66eb6bc1-d205-4642-ad42-4d3c6315c5e6","2025-09-20T00:00:00+00:00","20250920002","4580ae23-9c31-4547-b940-2c6bc1ef8a77","1","443","蝦皮","","已完成","2026-04-23T07:30:58.161574+00:00","295","148","6bd05ea5-44eb-46de-a7f2-cd540b4ca715",""
"ed3df82c-6da4-4b29-bd7e-e4868445a5cc","2025-09-16T00:00:00+00:00","20250916003","4580ae23-9c31-4547-b940-2c6bc1ef8a77","1","310","蝦皮","","已完成","2026-04-23T07:30:58.161574+00:00","161","149","6bd05ea5-44eb-46de-a7f2-cd540b4ca715",""
"b815637f-5585-443b-a945-5c0c74d6faa5","2025-09-20T00:00:00+00:00","20250920006","4580ae23-9c31-4547-b940-2c6bc1ef8a77","1","340","蝦皮","","已完成","2026-04-23T07:30:58.161574+00:00","149.5","190.5","6bd05ea5-44eb-46de-a7f2-cd540b4ca715",""
"317baa76-abaa-4fc3-832e-32728a0aa9a7","2025-09-04T00:00:00+00:00","20250904001","ec22c4d3-700e-4b48-b8b2-5fb448e5c713","1","795","蝦皮","","已完成","2026-04-23T07:30:58.161574+00:00","437","358","6bd05ea5-44eb-46de-a7f2-cd540b4ca715",""
"de9b057e-662a-4b40-ba10-0a4dda3e03e7","2025-08-30T00:00:00+00:00","20250830008","b452eb6d-32f7-40fc-b60d-97b1ae53b09d","1","1331","蝦皮","","已完成","2026-04-23T07:25:14.828255+00:00","532","799","6bd05ea5-44eb-46de-a7f2-cd540b4ca715",""
"1940c408-9270-49ec-b896-c65f85ace3c2","2025-09-22T00:00:00+00:00","20250922003","ec22c4d3-700e-4b48-b8b2-5fb448e5c713","1","795","蝦皮","","已完成","2026-04-23T07:30:58.161574+00:00","445","350","6bd05ea5-44eb-46de-a7f2-cd540b4ca715",""
"da8d60ba-7235-4acb-855d-3190e95f5b63","2026-04-29T00:00:00+00:00","20260429002","caa4240a-d932-4641-b05a-72ddbf2379e4","1","3150","蝦皮"," (平台手續費: 313)","已出貨","2026-05-07T17:49:43.434007+00:00","2073","764","6bd05ea5-44eb-46de-a7f2-cd540b4ca715","313"
"7bcf15f1-2360-478a-8091-18317bc6d1be","2025-09-08T00:00:00+00:00","20250908002","ec22c4d3-700e-4b48-b8b2-5fb448e5c713","1","795","蝦皮","","已完成","2026-04-23T07:30:58.161574+00:00","418","377","6bd05ea5-44eb-46de-a7f2-cd540b4ca715",""
"34875b55-6142-4a88-bc0c-e04a68c7b2f8","2025-08-13T00:00:00+00:00","20250813002","ec22c4d3-700e-4b48-b8b2-5fb448e5c713","1","768","蝦皮","","已完成","2026-04-23T07:25:14.828255+00:00","435","333","6bd05ea5-44eb-46de-a7f2-cd540b4ca715",""
"6f18a25b-7f9b-4850-970d-6ab88333fb7d","2025-09-17T00:00:00+00:00","20250917004","1047bac0-fec4-43f0-8205-00f485f3b3f6","1","320","蝦皮","","已完成","2026-04-23T07:30:58.161574+00:00","153","167","6bd05ea5-44eb-46de-a7f2-cd540b4ca715",""
"5e326775-8b47-4652-863d-7a090fb18f0c","2025-08-17T00:00:00+00:00","20250817003","ec22c4d3-700e-4b48-b8b2-5fb448e5c713","1","785","蝦皮","","已完成","2026-04-23T07:25:14.828255+00:00","433","352","6bd05ea5-44eb-46de-a7f2-cd540b4ca715",""
"0c4ebca4-ed68-4e36-a2cb-f2a006858507","2025-09-08T00:00:00+00:00","20250908001","ec22c4d3-700e-4b48-b8b2-5fb448e5c713","1","795","蝦皮","","已完成","2026-04-23T07:30:58.161574+00:00","418","377","6bd05ea5-44eb-46de-a7f2-cd540b4ca715",""
"7558269e-ee45-4e1d-be68-c63276c3b81c","2025-08-02T00:00:00+00:00","20250802004","ec22c4d3-700e-4b48-b8b2-5fb448e5c713","1","785","蝦皮","","已完成","2026-04-23T07:25:14.828255+00:00","420","365","6bd05ea5-44eb-46de-a7f2-cd540b4ca715",""
"03707850-b15a-45af-b477-38c46089feba","2025-09-20T00:00:00+00:00","20250920005","1047bac0-fec4-43f0-8205-00f485f3b3f6","1","330","蝦皮","","已完成","2026-04-23T07:30:58.161574+00:00","150","180","6bd05ea5-44eb-46de-a7f2-cd540b4ca715",""
"d2929dba-f50a-4eb9-864f-3e6a224f4480","2025-09-21T00:00:00+00:00","20250921004","1047bac0-fec4-43f0-8205-00f485f3b3f6","1","340","蝦皮","","已完成","2026-04-23T07:30:58.161574+00:00","149.5","190.5","6bd05ea5-44eb-46de-a7f2-cd540b4ca715",""
"0d68db78-80dd-49b1-a66b-8b746dddef09","2025-08-01T00:00:00+00:00","20250801004","ec22c4d3-700e-4b48-b8b2-5fb448e5c713","1","785","蝦皮","","已完成","2026-04-23T07:25:14.828255+00:00","434","351","6bd05ea5-44eb-46de-a7f2-cd540b4ca715",""
"e86486d4-5960-43e5-8ea8-460049e3441d","2025-09-23T00:00:00+00:00","20250923003","baae2e81-583f-4416-934a-25a731f85f5d","1","490","蝦皮","","已完成","2026-04-23T07:30:58.161574+00:00","234","256","6bd05ea5-44eb-46de-a7f2-cd540b4ca715",""
"f7189270-1cbb-4ace-9d8f-9ece26e26c9b","2025-09-21T00:00:00+00:00","20250921007","259e737e-228c-4da0-998c-deba449cc0e4","1","1341","蝦皮","","已完成","2026-04-23T07:30:58.161574+00:00","496","845","6bd05ea5-44eb-46de-a7f2-cd540b4ca715",""
"2317edf4-6b28-4a1b-b79e-abf369f76ce6","2025-09-23T00:00:00+00:00","20250923001","663d9ec7-b548-4c6c-9c73-150008d5b512","1","250","蝦皮","","已完成","2026-04-23T07:30:58.161574+00:00","132.5","117.5","6bd05ea5-44eb-46de-a7f2-cd540b4ca715",""
"ec571736-4a33-4f74-86db-0c3a6c10a2ff","2025-09-23T00:00:00+00:00","20250923004","663d9ec7-b548-4c6c-9c73-150008d5b512","1","250","蝦皮","","已完成","2026-04-23T07:30:58.161574+00:00","132.5","117.5","6bd05ea5-44eb-46de-a7f2-cd540b4ca715",""
"b202cd9c-8b17-4eaa-8d31-7b5758f22779","2025-09-23T00:00:00+00:00","20250923005","b745b7a5-1951-4240-b576-3f45208ab795","1","1072","蝦皮","","已完成","2026-04-23T07:30:58.161574+00:00","588","484","6bd05ea5-44eb-46de-a7f2-cd540b4ca715",""
"1f5624bd-17ab-4bbc-844a-967c695dc9ce","2025-09-16T00:00:00+00:00","20250916010","1047bac0-fec4-43f0-8205-00f485f3b3f6","1","320","蝦皮","","已完成","2026-04-23T07:30:58.161574+00:00","171","149","6bd05ea5-44eb-46de-a7f2-cd540b4ca715",""
"4006c241-11b2-4913-a93a-8d53400a0ac0","2025-09-16T00:00:00+00:00","20250916007","1047bac0-fec4-43f0-8205-00f485f3b3f6","1","310","蝦皮","","已完成","2026-04-23T07:30:58.161574+00:00","161","149","6bd05ea5-44eb-46de-a7f2-cd540b4ca715",""
"6ba58921-d588-4441-b9e8-7c1bef2b5910","2025-10-03T00:00:00+00:00","20251003003","baae2e81-583f-4416-934a-25a731f85f5d","1","490","蝦皮","","已完成","2026-04-23T07:34:29.273341+00:00","277","213","6bd05ea5-44eb-46de-a7f2-cd540b4ca715",""
"6fd871a8-ee5d-4b0c-ae76-cfabab47233d","2025-09-27T00:00:00+00:00","20250927018","4580ae23-9c31-4547-b940-2c6bc1ef8a77","1","325","蝦皮","","已完成","2026-04-23T07:30:58.161574+00:00","133","192","6bd05ea5-44eb-46de-a7f2-cd540b4ca715",""
"be006747-fe6f-4e93-8736-4768db76e8a7","2025-09-30T00:00:00+00:00","20250930001","ec22c4d3-700e-4b48-b8b2-5fb448e5c713","1","795","蝦皮","","已完成","2026-04-23T07:30:58.161574+00:00","453","342","6bd05ea5-44eb-46de-a7f2-cd540b4ca715",""
"c181f7e3-e6e5-4482-a7d6-82641c1eb39b","2025-09-29T00:00:00+00:00","20250929001","ec22c4d3-700e-4b48-b8b2-5fb448e5c713","1","795","蝦皮","","已完成","2026-04-23T07:30:58.161574+00:00","453","342","6bd05ea5-44eb-46de-a7f2-cd540b4ca715",""
"9ec1a764-bbff-49ae-8373-b424db952d14","2025-09-27T00:00:00+00:00","20250927013","13a5ef17-86ea-4659-96d4-0d4b67389437","1","2117","蝦皮","","已完成","2026-04-23T07:30:58.161574+00:00","650","1467","6bd05ea5-44eb-46de-a7f2-cd540b4ca715",""
"80c5611e-8769-4c54-a936-5d8b15b859fd","2025-09-27T00:00:00+00:00","20250927021","13a5ef17-86ea-4659-96d4-0d4b67389437","1","2117","蝦皮","","已完成","2026-04-23T07:30:58.161574+00:00","650","1467","6bd05ea5-44eb-46de-a7f2-cd540b4ca715",""
"542ae777-6628-45c8-bd52-cc6558b36511","2025-09-26T00:00:00+00:00","20250926007","a24c6b57-5c26-4bb8-b408-3cecac3e0af2","1","350","蝦皮","","已完成","2026-04-23T07:30:58.161574+00:00","174.36","175.64","6bd05ea5-44eb-46de-a7f2-cd540b4ca715",""
"34189240-95f6-468b-9a0d-d32ff7735597","2025-09-16T00:00:00+00:00","20250916001","3c5abc2e-97ab-426f-8d4c-a155553252bc","1","1285","蝦皮","","已完成","2026-04-23T07:30:58.161574+00:00","572","713","6bd05ea5-44eb-46de-a7f2-cd540b4ca715",""
"330d89e7-c418-4a79-bb04-7f1f71441593","2025-09-27T00:00:00+00:00","20250927017","3c5abc2e-97ab-426f-8d4c-a155553252bc","1","1285","蝦皮","","已完成","2026-04-23T07:30:58.161574+00:00","595","690","6bd05ea5-44eb-46de-a7f2-cd540b4ca715",""
"11e01110-9849-4021-9e9e-30aee3b50fe8","2025-09-29T00:00:00+00:00","20250929003","3c5abc2e-97ab-426f-8d4c-a155553252bc","1","1285","蝦皮","","已完成","2026-04-23T07:30:58.161574+00:00","594","691","6bd05ea5-44eb-46de-a7f2-cd540b4ca715",""
"b3261e3b-3e2a-4e57-8cdf-0e69d334465e","2025-09-26T00:00:00+00:00","20250926001","4580ae23-9c31-4547-b940-2c6bc1ef8a77","1","340","蝦皮","","已完成","2026-04-23T07:30:58.161574+00:00","133.67","206.33","6bd05ea5-44eb-46de-a7f2-cd540b4ca715",""
"ab0fff8c-f70f-4f94-bfc7-90890f7dbe9c","2025-09-22T00:00:00+00:00","20250922007","4580ae23-9c31-4547-b940-2c6bc1ef8a77","1","325","蝦皮","","已完成","2026-04-23T07:30:58.161574+00:00","133","192","6bd05ea5-44eb-46de-a7f2-cd540b4ca715",""
"a14eccca-12e1-40b5-a1e3-9047369c1d81","2025-09-25T00:00:00+00:00","20250925002","4580ae23-9c31-4547-b940-2c6bc1ef8a77","1","433","蝦皮","","已完成","2026-04-23T07:30:58.161574+00:00","220","213","6bd05ea5-44eb-46de-a7f2-cd540b4ca715",""
"2299522b-210a-477c-9859-d6c5a3a17f7c","2025-09-27T00:00:00+00:00","20250927010","4580ae23-9c31-4547-b940-2c6bc1ef8a77","1","325","蝦皮","","已完成","2026-04-23T07:30:58.161574+00:00","133","192","6bd05ea5-44eb-46de-a7f2-cd540b4ca715",""
"1ea76d7a-81e5-4c1c-bc2c-78c49de7d602","2025-09-26T00:00:00+00:00","20250926004","4580ae23-9c31-4547-b940-2c6bc1ef8a77","1","325","蝦皮","","已完成","2026-04-23T07:30:58.161574+00:00","118.67","206.33","6bd05ea5-44eb-46de-a7f2-cd540b4ca715",""
"6cdaad8a-8b3f-4f83-9396-0b828cd49941","2025-09-26T00:00:00+00:00","20250926003","4580ae23-9c31-4547-b940-2c6bc1ef8a77","1","340","蝦皮","","已完成","2026-04-23T07:30:58.161574+00:00","133.67","206.33","6bd05ea5-44eb-46de-a7f2-cd540b4ca715",""
"371a9376-ef46-4dbc-a3ad-11fb1d36e117","2025-09-27T00:00:00+00:00","20250927016","2d80a4e2-7063-4002-bb90-12bd16746c3a","1","240","蝦皮","","已完成","2026-04-23T07:30:58.161574+00:00","121.8","118.2","6bd05ea5-44eb-46de-a7f2-cd540b4ca715",""
"b29009a7-96b2-4ccb-8b4f-ae3625b2492f","2025-09-27T00:00:00+00:00","20250927011","1047bac0-fec4-43f0-8205-00f485f3b3f6","1","325","蝦皮","","已完成","2026-04-23T07:30:58.161574+00:00","132","193","6bd05ea5-44eb-46de-a7f2-cd540b4ca715",""
"2d77fa18-582b-4244-b956-87aff42952c3","2025-09-24T00:00:00+00:00","20250924003","663d9ec7-b548-4c6c-9c73-150008d5b512","1","250","蝦皮","","已完成","2026-04-23T07:30:58.161574+00:00","100","150","6bd05ea5-44eb-46de-a7f2-cd540b4ca715",""
"c083db8f-2d81-47b5-8a16-7511721d1490","2026-05-13T00:00:00+00:00","20260513005","3fdbf8de-0d66-4443-8b67-e4595bb19951","1","3110","蝦皮"," (平台手續費: 310)","已出貨","2026-05-20T14:45:30.682481+00:00","946","1854","6bd05ea5-44eb-46de-a7f2-cd540b4ca715","310"
"c1c07826-4682-42ea-b457-3212528eaebb","2025-09-16T00:00:00+00:00","20250916002","4580ae23-9c31-4547-b940-2c6bc1ef8a77","1","310","蝦皮","","已完成","2026-04-23T07:30:58.161574+00:00","152.5","157.5","6bd05ea5-44eb-46de-a7f2-cd540b4ca715",""
"16f100d9-303c-4c44-b400-759f7b2eefec","2025-12-04T00:00:00+00:00","20251204002","39749fa7-2bb1-4c7a-abe5-1c35b0a3bb5b","1","1571","蝦皮","","已完成","2026-04-23T07:41:26.12012+00:00","768","803","6bd05ea5-44eb-46de-a7f2-cd540b4ca715",""
"eac50c70-2556-4282-b917-e2ac2b321326","2025-09-17T00:00:00+00:00","20250917003","ec22c4d3-700e-4b48-b8b2-5fb448e5c713","1","795","蝦皮","","已完成","2026-04-23T07:30:58.161574+00:00","460","335","6bd05ea5-44eb-46de-a7f2-cd540b4ca715",""
"e1b7d4ad-fdd2-4e76-bb8e-bc25e230b595","2025-09-21T00:00:00+00:00","20250921005","6cbc22a9-8bbf-4f20-b344-6cfb89174684","2","400","蝦皮","","已完成","2026-04-23T07:30:58.161574+00:00","220.5","89.75","6bd05ea5-44eb-46de-a7f2-cd540b4ca715",""
"bbe888e3-2bd8-426d-817f-0bdc284052ee","2025-09-24T00:00:00+00:00","20250924007","ec22c4d3-700e-4b48-b8b2-5fb448e5c713","1","795","蝦皮","","已完成","2026-04-23T07:30:58.161574+00:00","432","363","6bd05ea5-44eb-46de-a7f2-cd540b4ca715",""
"7944ba5e-4212-4f04-a6a3-47052c8a2fc4","2025-09-09T00:00:00+00:00","20250909001","ec22c4d3-700e-4b48-b8b2-5fb448e5c713","1","795","蝦皮","","已完成","2026-04-23T07:30:58.161574+00:00","452","343","6bd05ea5-44eb-46de-a7f2-cd540b4ca715",""
"d2fe0e5c-3342-4705-b434-83dd90c8bbb2","2025-09-11T00:00:00+00:00","20250911001","ec22c4d3-700e-4b48-b8b2-5fb448e5c713","1","795","蝦皮","","已完成","2026-04-23T07:30:58.161574+00:00","452","343","6bd05ea5-44eb-46de-a7f2-cd540b4ca715",""
"2c8ccba0-a022-4b7d-91dd-64b54ce4954f","2025-09-12T00:00:00+00:00","20250912001","b452eb6d-32f7-40fc-b60d-97b1ae53b09d","1","1331","蝦皮","","已完成","2026-04-23T07:30:58.161574+00:00","422","909","6bd05ea5-44eb-46de-a7f2-cd540b4ca715",""
"8d91b504-55f3-4e57-98ce-c98f8db828b8","2025-09-24T00:00:00+00:00","20250924009","ec22c4d3-700e-4b48-b8b2-5fb448e5c713","1","790","蝦皮","","已完成","2026-04-23T07:30:58.161574+00:00","448","342","6bd05ea5-44eb-46de-a7f2-cd540b4ca715",""
"23ab0972-cf38-4ca3-bcb9-6626a205bdc9","2025-09-22T00:00:00+00:00","20250922008","1047bac0-fec4-43f0-8205-00f485f3b3f6","1","325","蝦皮","","已完成","2026-04-23T07:30:58.161574+00:00","134.5","190.5","6bd05ea5-44eb-46de-a7f2-cd540b4ca715",""
"405d5bae-786f-4b1e-bb1b-918908f66544","2025-09-24T00:00:00+00:00","20250924001","1047bac0-fec4-43f0-8205-00f485f3b3f6","1","330","蝦皮","","已完成","2026-04-23T07:30:58.161574+00:00","165","165","6bd05ea5-44eb-46de-a7f2-cd540b4ca715",""
"455b6e71-4a32-402d-be9c-39801dfee00f","2025-09-27T00:00:00+00:00","20250927015","1047bac0-fec4-43f0-8205-00f485f3b3f6","1","330","蝦皮","","已完成","2026-04-23T07:30:58.161574+00:00","148.5","181.5","6bd05ea5-44eb-46de-a7f2-cd540b4ca715",""
"351f952d-29a1-4576-abbb-fc91f911a03a","2025-09-27T00:00:00+00:00","20250927005","1047bac0-fec4-43f0-8205-00f485f3b3f6","1","325","蝦皮","","已完成","2026-04-23T07:30:58.161574+00:00","122.25","202.75","6bd05ea5-44eb-46de-a7f2-cd540b4ca715",""
"c2900e7a-88ed-4921-bdf5-9fe79f2eecaa","2025-09-20T00:00:00+00:00","20250920004","1047bac0-fec4-43f0-8205-00f485f3b3f6","1","325","蝦皮","","已完成","2026-04-23T07:30:58.161574+00:00","144.5","180.5","6bd05ea5-44eb-46de-a7f2-cd540b4ca715",""
"3eb2e242-ca12-4499-8226-cd886d2c15af","2025-09-20T00:00:00+00:00","20250920008","1047bac0-fec4-43f0-8205-00f485f3b3f6","1","325","蝦皮","","已完成","2026-04-23T07:30:58.161574+00:00","177","148","6bd05ea5-44eb-46de-a7f2-cd540b4ca715",""
"f67aa5b6-7e99-457c-a094-aa1d19b2f273","2025-09-25T00:00:00+00:00","20250925001","1047bac0-fec4-43f0-8205-00f485f3b3f6","1","451","蝦皮","","已完成","2026-04-23T07:30:58.161574+00:00","259.5","191.5","6bd05ea5-44eb-46de-a7f2-cd540b4ca715",""
"ca785d33-da69-4b2c-af85-6bc4509c44c2","2025-09-24T00:00:00+00:00","20250924008","1047bac0-fec4-43f0-8205-00f485f3b3f6","1","330","蝦皮","","已完成","2026-04-23T07:30:58.161574+00:00","138.5","191.5","6bd05ea5-44eb-46de-a7f2-cd540b4ca715",""
"6cca4ad4-ae39-45a4-90a2-1222362e1266","2025-09-27T00:00:00+00:00","20250927001","1047bac0-fec4-43f0-8205-00f485f3b3f6","1","330","蝦皮","","已完成","2026-04-23T07:30:58.161574+00:00","142.5","187.5","6bd05ea5-44eb-46de-a7f2-cd540b4ca715",""
"08fd5f01-3374-443f-a4c3-1848fb294bfa","2025-09-27T00:00:00+00:00","20250927019","1047bac0-fec4-43f0-8205-00f485f3b3f6","1","325","蝦皮","","已完成","2026-04-23T07:30:58.161574+00:00","164.5","160.5","6bd05ea5-44eb-46de-a7f2-cd540b4ca715",""
"d041a88b-9835-4fe1-8f19-5e7d6037b725","2025-09-27T00:00:00+00:00","20250927020","4b2020d3-7362-4b41-8efd-3c3584311d95","2","420","蝦皮","","已完成","2026-04-23T07:30:58.161574+00:00","241","89.5","6bd05ea5-44eb-46de-a7f2-cd540b4ca715",""
"4aad2ac5-7fa3-42f2-9fab-8a4619462b65","2025-09-24T00:00:00+00:00","20250924005","4b2020d3-7362-4b41-8efd-3c3584311d95","1","210","蝦皮","","已完成","2026-04-23T07:30:58.161574+00:00","104","106","6bd05ea5-44eb-46de-a7f2-cd540b4ca715",""
"a01194c2-7921-4b0e-92eb-b0b2f9eb16ac","2025-10-03T00:00:00+00:00","20251003001","a24c6b57-5c26-4bb8-b408-3cecac3e0af2","3","1165","蝦皮","","已完成","2026-04-23T07:34:29.273341+00:00","638.08","175.64","6bd05ea5-44eb-46de-a7f2-cd540b4ca715",""
"2ea5ed00-6d64-4361-9137-447992507fdb","2026-04-17T00:00:00+00:00","20260417001","3b0bfad1-adc2-43de-a1df-b0bc481abd5f","1","1218","蝦皮","","已出貨","2026-04-23T14:53:57.072209+00:00","563","655","6bd05ea5-44eb-46de-a7f2-cd540b4ca715",""
"2cced779-fac7-40a1-8e79-5e1510bca20e","2025-09-27T00:00:00+00:00","20250927003","2d80a4e2-7063-4002-bb90-12bd16746c3a","1","240","蝦皮","","已完成","2026-04-23T07:30:58.161574+00:00","121.8","118.2","6bd05ea5-44eb-46de-a7f2-cd540b4ca715",""
"077449dc-a2b2-4a3e-bf0a-a3439933a244","2025-09-29T00:00:00+00:00","20250929002","3b0bfad1-adc2-43de-a1df-b0bc481abd5f","1","1285","蝦皮","","已完成","2026-04-23T07:30:58.161574+00:00","724","561","6bd05ea5-44eb-46de-a7f2-cd540b4ca715",""
"211eccc9-c3dc-4c1b-96d9-69ecdca142ad","2025-10-01T00:00:00+00:00","20251001001","ec22c4d3-700e-4b48-b8b2-5fb448e5c713","1","795","蝦皮","","已完成","2026-04-23T07:34:29.273341+00:00","453","342","6bd05ea5-44eb-46de-a7f2-cd540b4ca715",""
"c6c78457-bc22-463a-a6d0-ba6cc4eb0be7","2025-10-02T00:00:00+00:00","20251002004","ec22c4d3-700e-4b48-b8b2-5fb448e5c713","1","795","蝦皮","","已完成","2026-04-23T07:34:29.273341+00:00","453","342","6bd05ea5-44eb-46de-a7f2-cd540b4ca715",""
"03227500-32b5-4957-b625-64a617d3e87d","2025-10-02T00:00:00+00:00","20251002002","ec22c4d3-700e-4b48-b8b2-5fb448e5c713","1","795","蝦皮","","已完成","2026-04-23T07:34:29.273341+00:00","453","342","6bd05ea5-44eb-46de-a7f2-cd540b4ca715",""
"0ae974c0-2a01-46a2-a899-a644425d1eec","2025-10-02T00:00:00+00:00","20251002001","ec22c4d3-700e-4b48-b8b2-5fb448e5c713","1","795","蝦皮","","已完成","2026-04-23T07:34:29.273341+00:00","453","342","6bd05ea5-44eb-46de-a7f2-cd540b4ca715",""
"0405019d-f8ba-4014-99c1-ce9514f58ba4","2025-10-03T00:00:00+00:00","20251003002","ec22c4d3-700e-4b48-b8b2-5fb448e5c713","1","795","蝦皮","","已完成","2026-04-23T07:34:29.273341+00:00","453","342","6bd05ea5-44eb-46de-a7f2-cd540b4ca715",""
"60a30981-423e-47e5-888c-d4e004eecb0b","2025-10-02T00:00:00+00:00","20251002003","3c5abc2e-97ab-426f-8d4c-a155553252bc","1","1285","蝦皮","","已完成","2026-04-23T07:34:29.273341+00:00","604","681","6bd05ea5-44eb-46de-a7f2-cd540b4ca715",""
"65ffa68a-e573-4d7d-a00a-82716853830d","2025-09-27T00:00:00+00:00","20250927014","b452eb6d-32f7-40fc-b60d-97b1ae53b09d","1","1331","蝦皮","","已完成","2026-04-23T07:30:58.161574+00:00","468","863","6bd05ea5-44eb-46de-a7f2-cd540b4ca715",""
"16573051-e625-4e87-9961-5ab1f9c0f61a","2025-09-27T00:00:00+00:00","20250927008","4b2020d3-7362-4b41-8efd-3c3584311d95","1","210","蝦皮","","已完成","2026-04-23T07:30:58.161574+00:00","135","75","6bd05ea5-44eb-46de-a7f2-cd540b4ca715",""
"f365f5c3-b6a5-4b3e-b34a-9f59a8dcfa8e","2026-04-04T00:00:00+00:00","20260404014","ec22c4d3-700e-4b48-b8b2-5fb448e5c713","1","611","蝦皮","","已出貨","2026-04-23T14:55:15.740489+00:00","268","343","6bd05ea5-44eb-46de-a7f2-cd540b4ca715",""
"d54b9252-bb98-4e85-9149-63805f6f795c","2025-10-07T00:00:00+00:00","20251007002","ec22c4d3-700e-4b48-b8b2-5fb448e5c713","1","795","蝦皮","","已完成","2026-04-23T07:34:29.273341+00:00","474","321","6bd05ea5-44eb-46de-a7f2-cd540b4ca715",""
"fe423e1c-c11c-4890-b1fa-c43f7c743d5f","2025-10-10T00:00:00+00:00","20251010003","ec22c4d3-700e-4b48-b8b2-5fb448e5c713","1","777","蝦皮","","已完成","2026-04-23T07:34:29.273341+00:00","436","341","6bd05ea5-44eb-46de-a7f2-cd540b4ca715",""
"d417cd2e-69c8-4fe5-896f-88f67e7dae31","2025-10-03T00:00:00+00:00","20251003004","ec22c4d3-700e-4b48-b8b2-5fb448e5c713","1","790","蝦皮","","已完成","2026-04-23T07:34:29.273341+00:00","448","342","6bd05ea5-44eb-46de-a7f2-cd540b4ca715",""
"6fbb748a-68d3-4adb-a74a-6548b59f3617","2025-10-07T00:00:00+00:00","20251007006","c1c0a9d6-9eb0-4c1e-bd42-95c1a90e0af9","1","1100","蝦皮","","已完成","2026-04-23T07:34:29.273341+00:00","670","430","6bd05ea5-44eb-46de-a7f2-cd540b4ca715",""
"7e7e7ee3-0926-4081-9a62-82960c108f34","2025-10-04T00:00:00+00:00","20251004001","ec22c4d3-700e-4b48-b8b2-5fb448e5c713","1","795","蝦皮","","已完成","2026-04-23T07:34:29.273341+00:00","474","321","6bd05ea5-44eb-46de-a7f2-cd540b4ca715",""
"bcbcf9ce-4b69-488d-8d38-47c9eb85bc65","2025-10-06T00:00:00+00:00","20251006002","a030d31a-823d-4380-874b-a807ce5be91b","1","1000","蝦皮","","已完成","2026-04-23T07:34:29.273341+00:00","589","411","6bd05ea5-44eb-46de-a7f2-cd540b4ca715",""
"3692f164-a942-4b74-bb6b-b524a53a2521","2025-10-05T00:00:00+00:00","20251005004","2d80a4e2-7063-4002-bb90-12bd16746c3a","1","240","蝦皮","","已完成","2026-04-23T07:34:29.273341+00:00","121.8","118.2","6bd05ea5-44eb-46de-a7f2-cd540b4ca715",""
"8cd7b032-1929-4a8b-a106-3a794d77e134","2025-10-03T00:00:00+00:00","20251003011","a1827b36-e7eb-40ff-a912-3038ed39c058","1","750","蝦皮","","已完成","2026-04-23T07:34:29.273341+00:00","281","469","6bd05ea5-44eb-46de-a7f2-cd540b4ca715",""
"77aa0429-d7b8-4190-bb23-af3bf0391ae7","2025-10-03T00:00:00+00:00","20251003008","a1827b36-e7eb-40ff-a912-3038ed39c058","1","750","蝦皮","","已完成","2026-04-23T07:34:29.273341+00:00","323","427","6bd05ea5-44eb-46de-a7f2-cd540b4ca715",""
"6bcf8e82-9880-455f-8f07-32cf0c82276e","2025-10-07T00:00:00+00:00","20251007005","2d80a4e2-7063-4002-bb90-12bd16746c3a","1","240","蝦皮","","已完成","2026-04-23T07:34:29.273341+00:00","121.8","118.2","6bd05ea5-44eb-46de-a7f2-cd540b4ca715",""
"019804fa-ff0e-418f-b5fe-b0184424655f","2025-10-03T00:00:00+00:00","20251003006","25a6ee7d-469f-4018-99aa-96ada95d682f","1","190","蝦皮","","已完成","2026-04-23T07:34:29.273341+00:00","114","76","6bd05ea5-44eb-46de-a7f2-cd540b4ca715",""
"f7163b0d-cadf-4274-9614-3d68b2e8e1af","2025-10-03T00:00:00+00:00","20251003007","25a6ee7d-469f-4018-99aa-96ada95d682f","1","190","蝦皮","","已完成","2026-04-23T07:34:29.273341+00:00","114","76","6bd05ea5-44eb-46de-a7f2-cd540b4ca715",""
"a1c47657-87f3-44cf-8127-acee5d3876a5","2025-10-03T00:00:00+00:00","20251003010","6cbc22a9-8bbf-4f20-b344-6cfb89174684","1","200","蝦皮","","已完成","2026-04-23T07:34:29.273341+00:00","125","75","6bd05ea5-44eb-46de-a7f2-cd540b4ca715",""
"00cbc53a-c291-43e6-bd47-39534b3eed30","2025-10-07T00:00:00+00:00","20251007003","ec22c4d3-700e-4b48-b8b2-5fb448e5c713","1","795","蝦皮","","已完成","2026-04-23T07:34:29.273341+00:00","474","321","6bd05ea5-44eb-46de-a7f2-cd540b4ca715",""
"42c6d1d5-377f-4d58-b41f-bc8b84b6101a","2025-10-09T00:00:00+00:00","20251009007","a1827b36-e7eb-40ff-a912-3038ed39c058","1","1244","蝦皮","","已完成","2026-04-23T07:34:29.273341+00:00","792","452","6bd05ea5-44eb-46de-a7f2-cd540b4ca715",""
"21085fc4-8437-4ea1-8d92-a78be181119a","2025-10-05T00:00:00+00:00","20251005001","86f1293c-6bd7-45e5-b6a6-ec8a286c1c43","1","1000","蝦皮","","已完成","2026-04-23T07:34:29.273341+00:00","595","405","6bd05ea5-44eb-46de-a7f2-cd540b4ca715",""
"47562f05-699a-4ad0-aed0-311a21cfbf34","2025-10-05T00:00:00+00:00","20251005003","1047bac0-fec4-43f0-8205-00f485f3b3f6","1","330","蝦皮","","已完成","2026-04-23T07:34:29.273341+00:00","138","192","6bd05ea5-44eb-46de-a7f2-cd540b4ca715",""
"dc5a7ccb-7b1a-40e5-9289-f9740331b074","2025-10-09T00:00:00+00:00","20251009023","6cbc22a9-8bbf-4f20-b344-6cfb89174684","1","220","蝦皮","","已完成","2026-04-23T07:34:29.273341+00:00","145","75","6bd05ea5-44eb-46de-a7f2-cd540b4ca715",""
"2de7cbd9-b4e3-4d12-a24f-4f582ccfe9a1","2025-10-05T00:00:00+00:00","20251005006","1047bac0-fec4-43f0-8205-00f485f3b3f6","1","330","蝦皮","","已完成","2026-04-23T07:34:29.273341+00:00","138","192","6bd05ea5-44eb-46de-a7f2-cd540b4ca715",""
"b56d0dc8-27b4-418b-b10e-c5e943eabba5","2025-10-09T00:00:00+00:00","20251009012","1047bac0-fec4-43f0-8205-00f485f3b3f6","1","330","蝦皮","","已完成","2026-04-23T07:34:29.273341+00:00","138","192","6bd05ea5-44eb-46de-a7f2-cd540b4ca715",""
"07c3dc78-8bb8-4707-b3d5-0d8126c0c512","2025-10-09T00:00:00+00:00","20251009029","1047bac0-fec4-43f0-8205-00f485f3b3f6","1","330","蝦皮","","已完成","2026-04-23T07:34:29.273341+00:00","138","192","6bd05ea5-44eb-46de-a7f2-cd540b4ca715",""
"31a5e08c-1f1d-46ea-a012-d76f7cc3bdb7","2025-10-09T00:00:00+00:00","20251009019","1047bac0-fec4-43f0-8205-00f485f3b3f6","1","330","蝦皮","","已完成","2026-04-23T07:34:29.273341+00:00","138","192","6bd05ea5-44eb-46de-a7f2-cd540b4ca715",""
"344e7029-92be-4e46-8619-e9961c625e97","2025-10-07T00:00:00+00:00","20251007004","1047bac0-fec4-43f0-8205-00f485f3b3f6","1","330","蝦皮","","已完成","2026-04-23T07:34:29.273341+00:00","138","192","6bd05ea5-44eb-46de-a7f2-cd540b4ca715",""
"f634562d-2d6b-490e-b9ae-f7efdd6485b5","2025-10-07T00:00:00+00:00","20251007007","a1827b36-e7eb-40ff-a912-3038ed39c058","1","1100","蝦皮","","已完成","2026-04-23T07:34:29.273341+00:00","584","516","6bd05ea5-44eb-46de-a7f2-cd540b4ca715",""
"c9a25c7b-dd48-4746-94ce-3c051eb16a57","2025-10-10T00:00:00+00:00","20251010002","b452eb6d-32f7-40fc-b60d-97b1ae53b09d","1","1303","蝦皮","","已完成","2026-04-23T07:34:29.273341+00:00","325","978","6bd05ea5-44eb-46de-a7f2-cd540b4ca715",""
"f77f9547-1d1c-4294-8dcb-5b5684b9bbee","2025-10-07T00:00:00+00:00","20251007001","e416f56e-65b1-4272-898e-de17bbef5e4c","1","508","蝦皮","","已完成","2026-04-23T07:34:29.273341+00:00","248.25","259.75","6bd05ea5-44eb-46de-a7f2-cd540b4ca715",""
"91e85409-8fa5-460e-b81c-35e0b61137ef","2025-09-27T00:00:00+00:00","20250927009","baae2e81-583f-4416-934a-25a731f85f5d","1","490","蝦皮","","已完成","2026-04-23T07:30:58.161574+00:00","255","235","6bd05ea5-44eb-46de-a7f2-cd540b4ca715",""
"f15be729-2059-48f1-91c4-7aec574ae676","2025-10-03T00:00:00+00:00","20251003009","6cbc22a9-8bbf-4f20-b344-6cfb89174684","1","200","蝦皮","","已完成","2026-04-23T07:34:29.273341+00:00","104.5","95.5","6bd05ea5-44eb-46de-a7f2-cd540b4ca715",""
"89b8ce47-9215-4c19-9e0e-55f3d77f0145","2025-09-26T00:00:00+00:00","20250926005","1047bac0-fec4-43f0-8205-00f485f3b3f6","1","325","蝦皮","","已完成","2026-04-23T07:30:58.161574+00:00","137.5","187.5","6bd05ea5-44eb-46de-a7f2-cd540b4ca715",""
"1cbb0342-17f9-42b2-b2c2-33e877fa809a","2025-10-05T00:00:00+00:00","20251005002","1047bac0-fec4-43f0-8205-00f485f3b3f6","1","330","蝦皮","","已完成","2026-04-23T07:34:29.273341+00:00","137","193","6bd05ea5-44eb-46de-a7f2-cd540b4ca715",""
"6c78ec66-191f-48cd-bb4d-7a6aa59d9f8e","2025-09-27T00:00:00+00:00","20250927007","1047bac0-fec4-43f0-8205-00f485f3b3f6","1","325","蝦皮","","已完成","2026-04-23T07:30:58.161574+00:00","132","193","6bd05ea5-44eb-46de-a7f2-cd540b4ca715",""
"f7f8656e-d74f-4802-87bf-4f2fb7580cf3","2025-09-21T00:00:00+00:00","20250921002","ec22c4d3-700e-4b48-b8b2-5fb448e5c713","1","790","蝦皮","","已完成","2026-04-23T07:30:58.161574+00:00","411","379","6bd05ea5-44eb-46de-a7f2-cd540b4ca715",""
"4662cd97-d317-4f81-9e1f-c285c47065e9","2025-09-26T00:00:00+00:00","20250926006","663d9ec7-b548-4c6c-9c73-150008d5b512","1","250","蝦皮","","已完成","2026-04-23T07:30:58.161574+00:00","65","185","6bd05ea5-44eb-46de-a7f2-cd540b4ca715",""
"85d42ae7-e605-4e5f-b2a3-63193ee53c91","2025-10-09T00:00:00+00:00","20251009014","4b2020d3-7362-4b41-8efd-3c3584311d95","1","210","蝦皮","","已完成","2026-04-23T07:34:29.273341+00:00","142.2","67.8","6bd05ea5-44eb-46de-a7f2-cd540b4ca715",""
"51dad0b7-0247-4c60-8424-e44a5f02cc44","2025-10-08T00:00:00+00:00","20251008001","13a5ef17-86ea-4659-96d4-0d4b67389437","1","2117","蝦皮","","已完成","2026-04-23T07:34:29.273341+00:00","795","1322","6bd05ea5-44eb-46de-a7f2-cd540b4ca715",""
"9773b2f0-1066-4f94-8233-69899c533f04","2025-10-10T00:00:00+00:00","20251010001","13a5ef17-86ea-4659-96d4-0d4b67389437","1","2072","蝦皮","","已完成","2026-04-23T07:34:29.273341+00:00","692","1380","6bd05ea5-44eb-46de-a7f2-cd540b4ca715",""
"5c218475-9aef-4eff-879f-d74b39d0fd73","2025-10-08T00:00:00+00:00","20251008002","4580ae23-9c31-4547-b940-2c6bc1ef8a77","1","340","蝦皮","","已完成","2026-04-23T07:34:29.273341+00:00","158","182","6bd05ea5-44eb-46de-a7f2-cd540b4ca715",""
"3ad62c32-3426-429f-b7ce-98a66eae9b62","2025-10-09T00:00:00+00:00","20251009005","4580ae23-9c31-4547-b940-2c6bc1ef8a77","1","444","蝦皮","","已完成","2026-04-23T07:34:29.273341+00:00","252","192","6bd05ea5-44eb-46de-a7f2-cd540b4ca715",""
"25821d2b-16dd-4bcb-a5b9-8a36ba00aba9","2025-10-09T00:00:00+00:00","20251009001","4580ae23-9c31-4547-b940-2c6bc1ef8a77","1","340","蝦皮","","已完成","2026-04-23T07:34:29.273341+00:00","158","182","6bd05ea5-44eb-46de-a7f2-cd540b4ca715",""
"22e5785d-21a4-4cef-9a39-5dad2ddae8f8","2025-10-09T00:00:00+00:00","20251009021","4580ae23-9c31-4547-b940-2c6bc1ef8a77","1","340","蝦皮","","已完成","2026-04-23T07:34:29.273341+00:00","152","188","6bd05ea5-44eb-46de-a7f2-cd540b4ca715",""
"a02de129-5b8c-40ed-aa68-5b3506e34694","2025-10-09T00:00:00+00:00","20251009008","4580ae23-9c31-4547-b940-2c6bc1ef8a77","1","340","蝦皮","","已完成","2026-04-23T07:34:29.273341+00:00","148","192","6bd05ea5-44eb-46de-a7f2-cd540b4ca715",""
"8baddab3-a531-4aad-add7-b852a34d3d9d","2025-10-09T00:00:00+00:00","20251009009","4580ae23-9c31-4547-b940-2c6bc1ef8a77","1","340","蝦皮","","已完成","2026-04-23T07:34:29.273341+00:00","152","188","6bd05ea5-44eb-46de-a7f2-cd540b4ca715",""
"9a84b1bf-4f6c-4d17-8876-acab37bb4af9","2025-10-09T00:00:00+00:00","20251009018","4580ae23-9c31-4547-b940-2c6bc1ef8a77","1","340","蝦皮","","已完成","2026-04-23T07:34:29.273341+00:00","152","188","6bd05ea5-44eb-46de-a7f2-cd540b4ca715",""
"184cd1a5-dd22-4e20-9dad-6d29872743a1","2025-10-09T00:00:00+00:00","20251009015","4580ae23-9c31-4547-b940-2c6bc1ef8a77","1","340","蝦皮","","已完成","2026-04-23T07:34:29.273341+00:00","152","188","6bd05ea5-44eb-46de-a7f2-cd540b4ca715",""
"042db50d-4642-45e3-9f92-288371e0eaac","2025-10-09T00:00:00+00:00","20251009016","4580ae23-9c31-4547-b940-2c6bc1ef8a77","1","340","蝦皮","","已完成","2026-04-23T07:34:29.273341+00:00","152","188","6bd05ea5-44eb-46de-a7f2-cd540b4ca715",""
"c23b08e9-4138-4d19-b542-3b699f155b43","2025-10-09T00:00:00+00:00","20251009013","4580ae23-9c31-4547-b940-2c6bc1ef8a77","1","340","蝦皮","","已完成","2026-04-23T07:34:29.273341+00:00","152","188","6bd05ea5-44eb-46de-a7f2-cd540b4ca715",""
"0f173a83-1a3c-48d8-9c59-16da72ca3dcb","2025-10-09T00:00:00+00:00","20251009017","4580ae23-9c31-4547-b940-2c6bc1ef8a77","1","340","蝦皮","","已完成","2026-04-23T07:34:29.273341+00:00","152","188","6bd05ea5-44eb-46de-a7f2-cd540b4ca715",""
"843ecec0-df78-4454-ab4c-df0768a64391","2025-10-09T00:00:00+00:00","20251009026","4580ae23-9c31-4547-b940-2c6bc1ef8a77","1","340","蝦皮","","已完成","2026-04-23T07:34:29.273341+00:00","152","188","6bd05ea5-44eb-46de-a7f2-cd540b4ca715",""
"d57569eb-152d-4cce-a9f0-e02aa05b0d4d","2025-10-09T00:00:00+00:00","20251009024","4580ae23-9c31-4547-b940-2c6bc1ef8a77","1","340","蝦皮","","已完成","2026-04-23T07:34:29.273341+00:00","152","188","6bd05ea5-44eb-46de-a7f2-cd540b4ca715",""
"db146735-b5f0-41d1-b040-1cf22bbab577","2025-10-09T00:00:00+00:00","20251009020","4580ae23-9c31-4547-b940-2c6bc1ef8a77","1","340","蝦皮","","已完成","2026-04-23T07:34:29.273341+00:00","152","188","6bd05ea5-44eb-46de-a7f2-cd540b4ca715",""
"86ad5880-071d-4f9d-b82e-07c9eba3d6aa","2025-10-09T00:00:00+00:00","20251009011","663d9ec7-b548-4c6c-9c73-150008d5b512","1","250","蝦皮","","已完成","2026-04-23T07:34:29.273341+00:00","134","116","6bd05ea5-44eb-46de-a7f2-cd540b4ca715",""
"d8ed20f0-9eb1-442e-b7b7-a60dd84498fb","2025-10-09T00:00:00+00:00","20251009025","663d9ec7-b548-4c6c-9c73-150008d5b512","1","340","蝦皮","","已完成","2026-04-23T07:34:29.273341+00:00","224","116","6bd05ea5-44eb-46de-a7f2-cd540b4ca715",""
"27de849f-98b7-456d-9593-3ec7d85327ef","2025-10-09T00:00:00+00:00","20251009002","663d9ec7-b548-4c6c-9c73-150008d5b512","1","300","蝦皮","","已完成","2026-04-23T07:34:29.273341+00:00","139","161","6bd05ea5-44eb-46de-a7f2-cd540b4ca715",""
"64ea67a0-09c9-47b4-99ae-fb94a3ae5a79","2025-10-09T00:00:00+00:00","20251009022","4b2020d3-7362-4b41-8efd-3c3584311d95","1","220","蝦皮","","已完成","2026-04-23T07:34:29.273341+00:00","152.2","67.8","6bd05ea5-44eb-46de-a7f2-cd540b4ca715",""
"a229a000-1717-4c6c-afdc-de3a5f118486","2025-10-09T00:00:00+00:00","20251009003","ec22c4d3-700e-4b48-b8b2-5fb448e5c713","1","795","蝦皮","","已完成","2026-04-23T07:34:29.273341+00:00","456","339","6bd05ea5-44eb-46de-a7f2-cd540b4ca715",""
"2449a982-4598-4b8a-92cd-90c06409f564","2025-10-03T00:00:00+00:00","20251003005","a1827b36-e7eb-40ff-a912-3038ed39c058","1","750","蝦皮","","已完成","2026-04-23T07:34:29.273341+00:00","328","422","6bd05ea5-44eb-46de-a7f2-cd540b4ca715",""
"c7e599c7-ffc7-49c9-8d08-0257287b6152","2026-04-08T00:00:00+00:00","20260408006","39749fa7-2bb1-4c7a-abe5-1c35b0a3bb5b","1","1549","蝦皮","","已出貨","2026-04-23T14:56:49.54128+00:00","800","749","6bd05ea5-44eb-46de-a7f2-cd540b4ca715",""
"029950b7-2bf5-49d7-9775-f909f92c16a3","2026-04-06T00:00:00+00:00","20260406019","ec22c4d3-700e-4b48-b8b2-5fb448e5c713","1","759","蝦皮","","已出貨","2026-04-23T14:55:45.754351+00:00","293","466","6bd05ea5-44eb-46de-a7f2-cd540b4ca715",""
"de4c8d9a-6e7a-4105-b858-bb0653ff8019","2025-10-14T00:00:00+00:00","20251014005","6cbc22a9-8bbf-4f20-b344-6cfb89174684","2","554","蝦皮","","已完成","2026-04-23T07:34:29.273341+00:00","392.2","80.9","6bd05ea5-44eb-46de-a7f2-cd540b4ca715",""
"0b472498-2e28-4b59-a429-cf6d4ecfd468","2025-10-16T00:00:00+00:00","20251016002","c1c0a9d6-9eb0-4c1e-bd42-95c1a90e0af9","1","1923","蝦皮","","已完成","2026-04-23T07:34:29.273341+00:00","1360","563","6bd05ea5-44eb-46de-a7f2-cd540b4ca715",""
"9852e53b-68fa-4b60-94e0-9895b689662e","2025-10-14T00:00:00+00:00","20251014004","4b2020d3-7362-4b41-8efd-3c3584311d95","1","295","蝦皮","","已完成","2026-04-23T07:34:29.273341+00:00","230.35","64.65","6bd05ea5-44eb-46de-a7f2-cd540b4ca715",""
"a73104ef-f17d-4a84-b05a-5dcc2e3d660f","2025-10-12T00:00:00+00:00","20251012005","4b2020d3-7362-4b41-8efd-3c3584311d95","1","300","蝦皮","","已完成","2026-04-23T07:34:29.273341+00:00","232.2","67.8","6bd05ea5-44eb-46de-a7f2-cd540b4ca715",""
"6984f167-3b58-4aa8-bf23-c885e3e68a0f","2025-10-20T00:00:00+00:00","20251020001","a1827b36-e7eb-40ff-a912-3038ed39c058","1","1377","蝦皮","","已完成","2026-04-23T07:34:29.273341+00:00","730","647","6bd05ea5-44eb-46de-a7f2-cd540b4ca715",""
"e6ce053b-e322-47de-bee2-20528f02ad9b","2025-10-14T00:00:00+00:00","20251014008","2d80a4e2-7063-4002-bb90-12bd16746c3a","1","371","蝦皮","","已完成","2026-04-23T07:34:29.273341+00:00","203","168","6bd05ea5-44eb-46de-a7f2-cd540b4ca715",""
"299069aa-44b9-498a-81bf-205aed714f91","2025-10-10T00:00:00+00:00","20251010005","baae2e81-583f-4416-934a-25a731f85f5d","1","742","蝦皮","","已完成","2026-04-23T07:34:29.273341+00:00","507.5","234.5","6bd05ea5-44eb-46de-a7f2-cd540b4ca715",""
"c98337f1-0da2-4987-9786-3fd1041ac6aa","2025-10-12T00:00:00+00:00","20251012001","a1827b36-e7eb-40ff-a912-3038ed39c058","1","1267","蝦皮","","已完成","2026-04-23T07:34:29.273341+00:00","752","515","6bd05ea5-44eb-46de-a7f2-cd540b4ca715",""
"8ccd8676-955e-465d-8f1d-7b28ee887bbd","2025-10-12T00:00:00+00:00","20251012002","a1827b36-e7eb-40ff-a912-3038ed39c058","1","1340","蝦皮","","已完成","2026-04-23T07:34:29.273341+00:00","956","384","6bd05ea5-44eb-46de-a7f2-cd540b4ca715",""
"4505da09-fb57-4752-9433-f81ff8e87d4d","2025-10-12T00:00:00+00:00","20251012010","6cbc22a9-8bbf-4f20-b344-6cfb89174684","1","240","蝦皮","","已完成","2026-04-23T07:34:29.273341+00:00","159.1","80.9","6bd05ea5-44eb-46de-a7f2-cd540b4ca715",""
"f889433b-60fe-4bb8-b4bc-051045f89abd","2025-10-22T00:00:00+00:00","20251022001","a1827b36-e7eb-40ff-a912-3038ed39c058","1","1377","蝦皮","","已完成","2026-04-23T07:34:29.273341+00:00","861","516","6bd05ea5-44eb-46de-a7f2-cd540b4ca715",""
"032a2bb3-d07b-4abb-9b2c-9c2dd08c2a1b","2025-10-12T00:00:00+00:00","20251012008","6cbc22a9-8bbf-4f20-b344-6cfb89174684","1","200","蝦皮","","已完成","2026-04-23T07:34:29.273341+00:00","119.1","80.9","6bd05ea5-44eb-46de-a7f2-cd540b4ca715",""
"a3638911-f95b-49f2-a64e-dd4e05ba235c","2025-10-12T00:00:00+00:00","20251012009","6cbc22a9-8bbf-4f20-b344-6cfb89174684","1","270","蝦皮","","已完成","2026-04-23T07:34:29.273341+00:00","189.1","80.9","6bd05ea5-44eb-46de-a7f2-cd540b4ca715",""
"1c68ff29-6ec8-4843-b8c4-ee83e72c1d9c","2025-10-16T00:00:00+00:00","20251016003","86f1293c-6bd7-45e5-b6a6-ec8a286c1c43","1","1000","蝦皮","","已完成","2026-04-23T07:34:29.273341+00:00","592","408","6bd05ea5-44eb-46de-a7f2-cd540b4ca715",""
"789ff131-4766-4975-a115-a2b8e16ff1b6","2025-10-19T00:00:00+00:00","20251019001","a1827b36-e7eb-40ff-a912-3038ed39c058","1","1377","蝦皮","","已完成","2026-04-23T07:34:29.273341+00:00","816","561","6bd05ea5-44eb-46de-a7f2-cd540b4ca715",""
"88f2ffe9-2231-4268-8c2f-0cc7c6654f36","2025-10-14T00:00:00+00:00","20251014002","4b2020d3-7362-4b41-8efd-3c3584311d95","1","310","蝦皮","","已完成","2026-04-23T07:34:29.273341+00:00","245.35","64.65","6bd05ea5-44eb-46de-a7f2-cd540b4ca715",""
"6323f9db-708c-42c9-83d3-5cf6c448a780","2025-10-21T00:00:00+00:00","20251021006","e416f56e-65b1-4272-898e-de17bbef5e4c","1","300","蝦皮","","已完成","2026-04-23T07:34:29.273341+00:00","40.25","259.75","6bd05ea5-44eb-46de-a7f2-cd540b4ca715",""
"3feab57b-d0a0-4aab-a724-e8b231dc78e0","2025-10-13T00:00:00+00:00","20251013002","b452eb6d-32f7-40fc-b60d-97b1ae53b09d","1","1433","蝦皮","","已完成","2026-04-23T07:34:29.273341+00:00","581","852","6bd05ea5-44eb-46de-a7f2-cd540b4ca715",""
"cf3b73b2-18bc-472f-a009-fcf402c059c9","2025-10-22T00:00:00+00:00","20251022002","13a5ef17-86ea-4659-96d4-0d4b67389437","1","2210","蝦皮","","已完成","2026-04-23T07:34:29.273341+00:00","830","1380","6bd05ea5-44eb-46de-a7f2-cd540b4ca715",""
"c314263c-a36d-4f5f-b7ea-9e6d2e74be75","2025-10-11T00:00:00+00:00","20251011002","13a5ef17-86ea-4659-96d4-0d4b67389437","1","2072","蝦皮","","已完成","2026-04-23T07:34:29.273341+00:00","692","1380","6bd05ea5-44eb-46de-a7f2-cd540b4ca715",""
"5743bbcd-6615-4bf6-92c2-e9afffe0147c","2025-10-10T00:00:00+00:00","20251010008","4580ae23-9c31-4547-b940-2c6bc1ef8a77","1","453","蝦皮","","已完成","2026-04-23T07:34:29.273341+00:00","265","188","6bd05ea5-44eb-46de-a7f2-cd540b4ca715",""
"9048bd19-163e-45ce-8d50-97708d10b2ad","2026-05-13T00:00:00+00:00","20260513004","3708dc12-ce62-4bb4-8ec8-92efbc962737","1","540","蝦皮"," (平台手續費: 435)","已出貨","2026-05-14T06:08:34.558655+00:00","-150","255","6bd05ea5-44eb-46de-a7f2-cd540b4ca715","435"
"54ea7531-6aa5-43ed-bcd5-9f711075b475","2025-10-18T00:00:00+00:00","20251018010","1047bac0-fec4-43f0-8205-00f485f3b3f6","1","340","蝦皮","","已完成","2026-04-23T07:34:29.273341+00:00","172","168","6bd05ea5-44eb-46de-a7f2-cd540b4ca715",""
"7db45d6e-3a6f-4545-9181-1cc03ceb7fb1","2025-10-09T00:00:00+00:00","20251009010","663d9ec7-b548-4c6c-9c73-150008d5b512","1","250","蝦皮","","已完成","2026-04-23T07:34:29.273341+00:00","94","156","6bd05ea5-44eb-46de-a7f2-cd540b4ca715",""
"5f9b3b0d-86e8-4638-8015-a23dc63ef539","2025-10-18T00:00:00+00:00","20251018009","4580ae23-9c31-4547-b940-2c6bc1ef8a77","1","350","蝦皮","","已完成","2026-04-23T07:34:29.273341+00:00","134","216","6bd05ea5-44eb-46de-a7f2-cd540b4ca715",""
"f012aa7c-4eff-4800-9b4a-c24afc902091","2025-10-10T00:00:00+00:00","20251010006","4580ae23-9c31-4547-b940-2c6bc1ef8a77","1","415","蝦皮","","已完成","2026-04-23T07:34:29.273341+00:00","227","188","6bd05ea5-44eb-46de-a7f2-cd540b4ca715",""
"9af969d3-b370-4518-92da-c0bb74cce676","2025-10-23T00:00:00+00:00","20251023001","4580ae23-9c31-4547-b940-2c6bc1ef8a77","1","471","蝦皮","","已完成","2026-04-23T07:34:29.273341+00:00","281","190","6bd05ea5-44eb-46de-a7f2-cd540b4ca715",""
"c7402b9c-2d8b-47da-a978-8164a8d08154","2025-10-18T00:00:00+00:00","20251018005","663d9ec7-b548-4c6c-9c73-150008d5b512","1","420","蝦皮","","已完成","2026-04-23T07:34:29.273341+00:00","289","131","6bd05ea5-44eb-46de-a7f2-cd540b4ca715",""
"7ad3d570-22dc-4208-9098-3825c8ab6595","2025-10-21T00:00:00+00:00","20251021004","663d9ec7-b548-4c6c-9c73-150008d5b512","1","420","蝦皮","","已完成","2026-04-23T07:34:29.273341+00:00","384.05","35.95","6bd05ea5-44eb-46de-a7f2-cd540b4ca715",""
"38af2b98-b78a-499b-a086-3ee88708c1d6","2025-10-14T00:00:00+00:00","20251014003","663d9ec7-b548-4c6c-9c73-150008d5b512","1","420","蝦皮","","已完成","2026-04-23T07:34:29.273341+00:00","289","131","6bd05ea5-44eb-46de-a7f2-cd540b4ca715",""
"1fa42064-1f6b-4584-8b91-23dc646f0dad","2025-10-11T00:00:00+00:00","20251011006","3b0bfad1-adc2-43de-a1df-b0bc481abd5f","1","1257","蝦皮","","已完成","2026-04-23T07:34:29.273341+00:00","752","505","6bd05ea5-44eb-46de-a7f2-cd540b4ca715",""
"4ec9fd54-9648-4a36-84ed-10ee2a088b58","2025-10-11T00:00:00+00:00","20251011004","3b0bfad1-adc2-43de-a1df-b0bc481abd5f","1","1257","蝦皮","","已完成","2026-04-23T07:34:29.273341+00:00","562","695","6bd05ea5-44eb-46de-a7f2-cd540b4ca715",""
"3cb13e55-25fe-40d6-82c9-683990589307","2025-10-12T00:00:00+00:00","20251012011","3b0bfad1-adc2-43de-a1df-b0bc481abd5f","1","1285","蝦皮","","已完成","2026-04-23T07:34:29.273341+00:00","674","611","6bd05ea5-44eb-46de-a7f2-cd540b4ca715",""
"ed7b4789-948a-4ba4-bca7-23cb02ccd8a2","2025-10-11T00:00:00+00:00","20251011003","3b0bfad1-adc2-43de-a1df-b0bc481abd5f","1","1257","蝦皮","","已完成","2026-04-23T07:34:29.273341+00:00","698","559","6bd05ea5-44eb-46de-a7f2-cd540b4ca715",""
"c9f763fc-d683-446d-97b3-5589f039cfe3","2025-10-18T00:00:00+00:00","20251018001","ad43333d-5d21-4c8a-9e83-3895561bc46c","1","1000","蝦皮","","已完成","2026-04-23T07:34:29.273341+00:00","516","484","6bd05ea5-44eb-46de-a7f2-cd540b4ca715",""
"515848a3-1591-4785-8029-5139fc8564cc","2025-10-10T00:00:00+00:00","20251010009","1047bac0-fec4-43f0-8205-00f485f3b3f6","1","433","蝦皮","","已完成","2026-04-23T07:34:29.273341+00:00","251","182","6bd05ea5-44eb-46de-a7f2-cd540b4ca715",""
"af999310-711a-495d-b710-5c3dff5f7e85","2025-10-23T00:00:00+00:00","20251023003","2457b357-23e0-4ab0-8fcd-90084a863696","1","490","蝦皮","","已完成","2026-04-23T07:34:29.273341+00:00","-41","531","6bd05ea5-44eb-46de-a7f2-cd540b4ca715",""
"fb58c606-d16a-4565-a5b3-e80d767fa002","2025-10-28T00:00:00+00:00","20251028005","1fe5369d-09d6-4df8-9384-e1ae0432bc2d","1","1207","蝦皮","","已完成","2026-04-23T07:34:29.273341+00:00","687","520","6bd05ea5-44eb-46de-a7f2-cd540b4ca715",""
"dd8011e4-37f6-422b-829b-57105c42e79e","2025-10-09T00:00:00+00:00","20251009028","ec22c4d3-700e-4b48-b8b2-5fb448e5c713","1","790","蝦皮","","已完成","2026-04-23T07:34:29.273341+00:00","449","341","6bd05ea5-44eb-46de-a7f2-cd540b4ca715",""
"e9b00f95-ec76-4165-86d7-ae683cd32681","2025-10-09T00:00:00+00:00","20251009004","ec22c4d3-700e-4b48-b8b2-5fb448e5c713","1","795","蝦皮","","已完成","2026-04-23T07:34:29.273341+00:00","454","341","6bd05ea5-44eb-46de-a7f2-cd540b4ca715",""
"90ecfdaa-ffa3-45fe-a96e-5df481b93164","2025-10-25T00:00:00+00:00","20251025002","3c5abc2e-97ab-426f-8d4c-a155553252bc","1","1257","蝦皮","","已完成","2026-04-23T07:34:29.273341+00:00","567","690","6bd05ea5-44eb-46de-a7f2-cd540b4ca715",""
"7d168cb3-84ad-456c-a183-b1c455cf8ed3","2025-10-18T00:00:00+00:00","20251018003","a1827b36-e7eb-40ff-a912-3038ed39c058","1","1347","蝦皮","","已完成","2026-04-23T07:34:29.273341+00:00","829","518","6bd05ea5-44eb-46de-a7f2-cd540b4ca715",""
"4a21bd85-b0b8-4564-9b88-adc8a81aa2ac","2025-10-30T00:00:00+00:00","20251030001","a1827b36-e7eb-40ff-a912-3038ed39c058","1","1377","蝦皮","","已完成","2026-04-23T07:34:29.273341+00:00","752","625","6bd05ea5-44eb-46de-a7f2-cd540b4ca715",""
"d3003e3e-97a0-456c-8d68-dd3f2ea0a2e2","2025-10-23T00:00:00+00:00","20251023005","2d80a4e2-7063-4002-bb90-12bd16746c3a","1","410","蝦皮","","已完成","2026-04-23T07:34:29.273341+00:00","308.33","101.67","6bd05ea5-44eb-46de-a7f2-cd540b4ca715",""
"5791932b-0f3c-4f43-8eef-4ef2d16ea459","2025-10-24T00:00:00+00:00","20251024004","2d80a4e2-7063-4002-bb90-12bd16746c3a","1","360","蝦皮","","已完成","2026-04-23T07:34:29.273341+00:00","258.33","101.67","6bd05ea5-44eb-46de-a7f2-cd540b4ca715",""
"b5f10381-cc3d-4236-9fb9-48e36dad5e13","2025-10-24T00:00:00+00:00","20251024002","1047bac0-fec4-43f0-8205-00f485f3b3f6","1","470","蝦皮","","已完成","2026-04-23T07:34:29.273341+00:00","299","171","6bd05ea5-44eb-46de-a7f2-cd540b4ca715",""
"75c68545-25d1-4217-9ce6-07197952d31d","2025-10-08T00:00:00+00:00","20251008003","1047bac0-fec4-43f0-8205-00f485f3b3f6","1","330","蝦皮","","已完成","2026-04-23T07:34:29.273341+00:00","138","192","6bd05ea5-44eb-46de-a7f2-cd540b4ca715",""
"b4116fa7-e038-475d-80f8-45337ecc3212","2025-10-05T00:00:00+00:00","20251005005","1047bac0-fec4-43f0-8205-00f485f3b3f6","1","330","蝦皮","","已完成","2026-04-23T07:34:29.273341+00:00","138","192","6bd05ea5-44eb-46de-a7f2-cd540b4ca715",""
"3ebc6a6d-500d-4590-a4ee-ae5b131f3037","2025-10-06T00:00:00+00:00","20251006001","1047bac0-fec4-43f0-8205-00f485f3b3f6","1","330","蝦皮","","已完成","2026-04-23T07:34:29.273341+00:00","138","192","6bd05ea5-44eb-46de-a7f2-cd540b4ca715",""
"43ce4652-1e5e-4a85-8c8d-81b9a5d4d901","2025-10-23T00:00:00+00:00","20251023004","1047bac0-fec4-43f0-8205-00f485f3b3f6","1","580","蝦皮","","已完成","2026-04-23T07:34:29.273341+00:00","368","212","6bd05ea5-44eb-46de-a7f2-cd540b4ca715",""
"860c433a-360e-4675-adb3-0891966fcedd","2025-10-31T00:00:00+00:00","20251031004","4b2020d3-7362-4b41-8efd-3c3584311d95","1","300","蝦皮","","已完成","2026-04-23T07:34:29.273341+00:00","220","80","6bd05ea5-44eb-46de-a7f2-cd540b4ca715",""
"cd27687f-3571-43bf-9553-77086a0bce3b","2025-10-25T00:00:00+00:00","20251025001","b452eb6d-32f7-40fc-b60d-97b1ae53b09d","1","1402","蝦皮","","已完成","2026-04-23T07:34:29.273341+00:00","579","823","6bd05ea5-44eb-46de-a7f2-cd540b4ca715",""
"e4c27c1b-23fc-473a-9f56-33c4d1644aa8","2025-10-28T00:00:00+00:00","20251028006","e416f56e-65b1-4272-898e-de17bbef5e4c","1","300","蝦皮","","已完成","2026-04-23T07:34:29.273341+00:00","40.25","259.75","6bd05ea5-44eb-46de-a7f2-cd540b4ca715",""
"ccb8ddf5-c1de-41b6-b18d-c13b55602924","2025-10-29T00:00:00+00:00","20251029002","13a5ef17-86ea-4659-96d4-0d4b67389437","1","2210","蝦皮","","已完成","2026-04-23T07:34:29.273341+00:00","781","1429","6bd05ea5-44eb-46de-a7f2-cd540b4ca715",""
"1fbaea1d-022d-426c-a55d-17e9e67fdc89","2025-10-18T00:00:00+00:00","20251018006","476b6f8e-14d4-4c71-99b2-9145028d625a","4","338","蝦皮","","已完成","2026-04-23T07:34:29.273341+00:00","278.08","14.98","6bd05ea5-44eb-46de-a7f2-cd540b4ca715",""
"193800be-ffa3-4742-8b2b-70251a862fd4","2025-10-12T00:00:00+00:00","20251012007","baae2e81-583f-4416-934a-25a731f85f5d","1","490","蝦皮","","已完成","2026-04-23T07:34:29.273341+00:00","255.5","234.5","6bd05ea5-44eb-46de-a7f2-cd540b4ca715",""
"4dd089f3-d1b5-4527-b855-bf6c94fb104d","2025-10-21T00:00:00+00:00","20251021003","4580ae23-9c31-4547-b940-2c6bc1ef8a77","1","600","蝦皮","","已完成","2026-04-23T07:34:29.273341+00:00","395","205","6bd05ea5-44eb-46de-a7f2-cd540b4ca715",""
"c95a1b48-531c-441c-a4a9-dc01450c8a0c","2025-10-28T00:00:00+00:00","20251028003","4580ae23-9c31-4547-b940-2c6bc1ef8a77","1","472","蝦皮","","已完成","2026-04-23T07:34:29.273341+00:00","300","172","6bd05ea5-44eb-46de-a7f2-cd540b4ca715",""
"8079411c-9c7d-4bf2-80c1-ba2e7d7ff744","2025-10-14T00:00:00+00:00","20251014006","1047bac0-fec4-43f0-8205-00f485f3b3f6","1","493","蝦皮","","已完成","2026-04-23T07:34:29.273341+00:00","320.5","172.5","6bd05ea5-44eb-46de-a7f2-cd540b4ca715",""
"b416bdd5-0436-483e-bf97-349fc4a47182","2025-10-18T00:00:00+00:00","20251018004","4580ae23-9c31-4547-b940-2c6bc1ef8a77","1","600","蝦皮","","已完成","2026-04-23T07:34:29.273341+00:00","406","194","6bd05ea5-44eb-46de-a7f2-cd540b4ca715",""
"5f163f17-75e4-4855-aa53-f6126e5e5693","2025-10-12T00:00:00+00:00","20251012006","663d9ec7-b548-4c6c-9c73-150008d5b512","1","412","蝦皮","","已完成","2026-04-23T07:34:29.273341+00:00","244","168","6bd05ea5-44eb-46de-a7f2-cd540b4ca715",""
"bc2674a6-14cd-4938-9395-45379279d491","2025-10-18T00:00:00+00:00","20251018011","663d9ec7-b548-4c6c-9c73-150008d5b512","1","260","蝦皮","","已完成","2026-04-23T07:34:29.273341+00:00","129","131","6bd05ea5-44eb-46de-a7f2-cd540b4ca715",""
"7d71344d-6129-474f-b5bf-de78c033d704","2025-10-21T00:00:00+00:00","20251021001","ec22c4d3-700e-4b48-b8b2-5fb448e5c713","1","795","蝦皮","","已完成","2026-04-23T07:34:29.273341+00:00","454","341","6bd05ea5-44eb-46de-a7f2-cd540b4ca715",""
"8c1e22be-f6c1-4931-85f9-0110bc90abb3","2025-10-16T00:00:00+00:00","20251016001","ec22c4d3-700e-4b48-b8b2-5fb448e5c713","1","795","蝦皮","","已完成","2026-04-23T07:34:29.273341+00:00","454","341","6bd05ea5-44eb-46de-a7f2-cd540b4ca715",""
"140d5fd1-a642-413f-86f8-1edd2dd373dc","2025-10-31T00:00:00+00:00","20251031001","1047bac0-fec4-43f0-8205-00f485f3b3f6","1","452","蝦皮","","已完成","2026-04-23T07:34:29.273341+00:00","287.62","164.38","6bd05ea5-44eb-46de-a7f2-cd540b4ca715",""
"a6f1db29-4c0e-44e5-8b7d-a882de9919f9","2025-11-01T00:00:00+00:00","20251101005","ec22c4d3-700e-4b48-b8b2-5fb448e5c713","1","795","蝦皮","","已完成","2026-04-23T07:37:48.563128+00:00","443","352","6bd05ea5-44eb-46de-a7f2-cd540b4ca715",""
"3558fc6e-2ed6-4382-a97b-6298e875ee73","2025-10-20T00:00:00+00:00","20251020002","ec22c4d3-700e-4b48-b8b2-5fb448e5c713","1","795","蝦皮","","已完成","2026-04-23T07:34:29.273341+00:00","432","363","6bd05ea5-44eb-46de-a7f2-cd540b4ca715",""
"6b3341f5-8e60-40f5-8d37-a3909fc18d39","2025-10-28T00:00:00+00:00","20251028002","1047bac0-fec4-43f0-8205-00f485f3b3f6","1","452","蝦皮","","已完成","2026-04-23T07:34:29.273341+00:00","247","205","6bd05ea5-44eb-46de-a7f2-cd540b4ca715",""
"5a119cd3-d7fd-4e14-82c2-1aa32205bd2d","2026-05-18T00:00:00+00:00","20260518010","e4c49e83-c66c-43d3-ab5c-c70933d260b0","1","290","蝦皮"," (平台手續費: 50.31)","已出貨","2026-05-20T14:46:14.18823+00:00","170.19","69.5","6bd05ea5-44eb-46de-a7f2-cd540b4ca715","50.31"
"1cccf690-1851-4906-acbf-187878bac741","2025-10-29T00:00:00+00:00","20251029006","1047bac0-fec4-43f0-8205-00f485f3b3f6","1","435","蝦皮","","已完成","2026-04-23T07:34:29.273341+00:00","255","180","6bd05ea5-44eb-46de-a7f2-cd540b4ca715",""
"2b098fdd-9a72-4d62-9dfa-3cffcb3e8877","2025-10-21T00:00:00+00:00","20251021005","476b6f8e-14d4-4c71-99b2-9145028d625a","4","338","蝦皮","","已完成","2026-04-23T07:34:29.273341+00:00","278.08","14.98","6bd05ea5-44eb-46de-a7f2-cd540b4ca715",""
"0b34836a-2b42-4784-ac8b-f316583e42c1","2025-10-31T00:00:00+00:00","20251031005","663d9ec7-b548-4c6c-9c73-150008d5b512","1","420","蝦皮","","已完成","2026-04-23T07:34:29.273341+00:00","384.05","35.95","6bd05ea5-44eb-46de-a7f2-cd540b4ca715",""
"9fe64b67-6717-48ae-b58e-136b99b41127","2025-10-24T00:00:00+00:00","20251024005","663d9ec7-b548-4c6c-9c73-150008d5b512","1","380","蝦皮","","已完成","2026-04-23T07:34:29.273341+00:00","344.05","35.95","6bd05ea5-44eb-46de-a7f2-cd540b4ca715",""
"3ece5131-8de6-4cc8-be34-f698c9a9240c","2025-10-28T00:00:00+00:00","20251028001","663d9ec7-b548-4c6c-9c73-150008d5b512","1","332","蝦皮","","已完成","2026-04-23T07:34:29.273341+00:00","296.05","35.95","6bd05ea5-44eb-46de-a7f2-cd540b4ca715",""
"1ed229e0-f1c5-42c0-925f-07a81be27f4c","2025-10-21T00:00:00+00:00","20251021002","a1827b36-e7eb-40ff-a912-3038ed39c058","1","1347","蝦皮","","已完成","2026-04-23T07:34:29.273341+00:00","790","557","6bd05ea5-44eb-46de-a7f2-cd540b4ca715",""
"f62d397a-cdeb-4169-8a9d-0389bdcbb72a","2026-03-21T00:00:00+00:00","20260321001","b452eb6d-32f7-40fc-b60d-97b1ae53b09d","1","1402","蝦皮","","已出貨","2026-04-23T14:56:22.414478+00:00","528","874","6bd05ea5-44eb-46de-a7f2-cd540b4ca715",""
"1e637cce-1093-4bbe-98a9-e00829999701","2025-10-10T00:00:00+00:00","20251010007","a1827b36-e7eb-40ff-a912-3038ed39c058","1","1215","蝦皮","","已完成","2026-04-23T07:34:29.273341+00:00","703","512","6bd05ea5-44eb-46de-a7f2-cd540b4ca715",""
"2d4d2b44-e616-4799-a54b-361090e2224b","2025-10-22T00:00:00+00:00","20251022006","3b0bfad1-adc2-43de-a1df-b0bc481abd5f","1","1285","蝦皮","","已完成","2026-04-23T07:34:29.273341+00:00","596","689","6bd05ea5-44eb-46de-a7f2-cd540b4ca715",""
"6e542e8f-eabf-481c-9cab-f61879036d44","2025-10-28T00:00:00+00:00","20251028004","ad43333d-5d21-4c8a-9e83-3895561bc46c","1","1072","蝦皮","","已完成","2026-04-23T07:34:29.273341+00:00","636","436","6bd05ea5-44eb-46de-a7f2-cd540b4ca715",""
"f6bc44d5-ec0b-4215-b306-8f4eef576643","2025-10-22T00:00:00+00:00","20251022004","39749fa7-2bb1-4c7a-abe5-1c35b0a3bb5b","1","1563","蝦皮","","已完成","2026-04-23T07:34:29.273341+00:00","702","861","6bd05ea5-44eb-46de-a7f2-cd540b4ca715",""
"ca05a2ad-ed6e-4c72-acea-80263cbd686d","2025-10-23T00:00:00+00:00","20251023006","551cfb11-ba72-4876-ad1a-38540875fea0","4","298","蝦皮","","已完成","2026-04-23T07:34:29.273341+00:00","245.32","13.17","6bd05ea5-44eb-46de-a7f2-cd540b4ca715",""
"993d569f-bbd4-4acb-82ae-d6058910052f","2025-10-29T00:00:00+00:00","20251029003","d06de558-e42b-457a-9d55-1b8b8ef4b468","1","245","蝦皮","","已完成","2026-04-23T07:34:29.273341+00:00","160","85","6bd05ea5-44eb-46de-a7f2-cd540b4ca715",""
"12285d4e-5d1c-4e67-9464-7c5e055fba17","2025-11-01T00:00:00+00:00","20251101002","551cfb11-ba72-4876-ad1a-38540875fea0","4","298","蝦皮","","已完成","2026-04-23T07:37:48.563128+00:00","245.32","13.17","6bd05ea5-44eb-46de-a7f2-cd540b4ca715",""
"d001057d-c8d6-4ebe-90dc-edde6f09d991","2025-11-01T00:00:00+00:00","20251101003","663d9ec7-b548-4c6c-9c73-150008d5b512","1","420","蝦皮","","已完成","2026-04-23T07:37:48.563128+00:00","384.05","35.95","6bd05ea5-44eb-46de-a7f2-cd540b4ca715",""
"833f8fd5-3a61-4f94-9018-ee797d510728","2025-11-02T00:00:00+00:00","20251102004","663d9ec7-b548-4c6c-9c73-150008d5b512","1","326","蝦皮","","已完成","2026-04-23T07:37:48.563128+00:00","290.05","35.95","6bd05ea5-44eb-46de-a7f2-cd540b4ca715",""
"98250869-6750-4728-914a-fd054417c044","2025-10-29T00:00:00+00:00","20251029005","4580ae23-9c31-4547-b940-2c6bc1ef8a77","1","455","蝦皮","","已完成","2026-04-23T07:34:29.273341+00:00","283","172","6bd05ea5-44eb-46de-a7f2-cd540b4ca715",""
"794dbbaf-bc5c-4268-9403-4eb10a7e82e7","2025-11-02T00:00:00+00:00","20251102001","3c5abc2e-97ab-426f-8d4c-a155553252bc","1","1285","蝦皮","","已完成","2026-04-23T07:37:48.563128+00:00","430","855","6bd05ea5-44eb-46de-a7f2-cd540b4ca715",""
"1ac7a424-0a8b-44c0-9094-7586f95355c0","2025-11-02T00:00:00+00:00","20251102003","4580ae23-9c31-4547-b940-2c6bc1ef8a77","1","476","蝦皮","","已完成","2026-04-23T07:37:48.563128+00:00","311.62","164.38","6bd05ea5-44eb-46de-a7f2-cd540b4ca715",""
"2d858c79-d16e-490a-a46a-c79f0bebdd6a","2025-11-02T00:00:00+00:00","20251102005","4580ae23-9c31-4547-b940-2c6bc1ef8a77","1","471","蝦皮","","已完成","2026-04-23T07:37:48.563128+00:00","306.62","164.38","6bd05ea5-44eb-46de-a7f2-cd540b4ca715",""
"3667529f-0399-40d2-a78c-e883d57c9fca","2025-10-23T00:00:00+00:00","20251023002","a1827b36-e7eb-40ff-a912-3038ed39c058","1","750","蝦皮","","已完成","2026-04-23T07:34:29.273341+00:00","289","461","6bd05ea5-44eb-46de-a7f2-cd540b4ca715",""
"613faec4-0b49-4d77-bb11-eefae60299da","2025-10-29T00:00:00+00:00","20251029004","a1827b36-e7eb-40ff-a912-3038ed39c058","1","1435","蝦皮","","已完成","2026-04-23T07:34:29.273341+00:00","1004","431","6bd05ea5-44eb-46de-a7f2-cd540b4ca715",""
"cc2b3a58-779f-4087-ba17-f18012f273aa","2025-10-22T00:00:00+00:00","20251022003","b452eb6d-32f7-40fc-b60d-97b1ae53b09d","1","1402","蝦皮","","已完成","2026-04-23T07:34:29.273341+00:00","466","936","6bd05ea5-44eb-46de-a7f2-cd540b4ca715",""
"7782d62e-c0bc-43f7-ba1e-d96bf392d5a3","2025-10-31T00:00:00+00:00","20251031002","b452eb6d-32f7-40fc-b60d-97b1ae53b09d","1","1433","蝦皮","","已完成","2026-04-23T07:34:29.273341+00:00","647","786","6bd05ea5-44eb-46de-a7f2-cd540b4ca715",""
"75d3e083-2ce6-408b-aa89-2f11a85968c7","2025-10-14T00:00:00+00:00","20251014009","a1827b36-e7eb-40ff-a912-3038ed39c058","1","1377","蝦皮","","已完成","2026-04-23T07:34:29.273341+00:00","721","656","6bd05ea5-44eb-46de-a7f2-cd540b4ca715",""
"8b36a67b-06c7-4d5e-ba1a-693dda547ace","2025-10-18T00:00:00+00:00","20251018002","a1827b36-e7eb-40ff-a912-3038ed39c058","1","1347","蝦皮","","已完成","2026-04-23T07:34:29.273341+00:00","700","647","6bd05ea5-44eb-46de-a7f2-cd540b4ca715",""
"eac58b44-12c3-4a65-9fe9-e43276dc491d","2025-11-11T00:00:00+00:00","20251111011","663d9ec7-b548-4c6c-9c73-150008d5b512","1","335","蝦皮","","已完成","2026-04-23T07:37:48.563128+00:00","299.05","35.95","6bd05ea5-44eb-46de-a7f2-cd540b4ca715",""
"88efe1bf-6367-4f7c-9d47-bc30a3ab4ff9","2025-11-07T00:00:00+00:00","20251107003","663d9ec7-b548-4c6c-9c73-150008d5b512","1","420","蝦皮","","已完成","2026-04-23T07:37:48.563128+00:00","384.05","35.95","6bd05ea5-44eb-46de-a7f2-cd540b4ca715",""
"5d37ac4f-4a6a-453c-b439-41dba067c89a","2025-11-09T00:00:00+00:00","20251109004","663d9ec7-b548-4c6c-9c73-150008d5b512","1","321","蝦皮","","已完成","2026-04-23T07:37:48.563128+00:00","285.05","35.95","6bd05ea5-44eb-46de-a7f2-cd540b4ca715",""
"b30f8f34-33e5-43e7-a48d-7def1445b54f","2025-11-10T00:00:00+00:00","20251110004","663d9ec7-b548-4c6c-9c73-150008d5b512","1","321","蝦皮","","已完成","2026-04-23T07:37:48.563128+00:00","285.05","35.95","6bd05ea5-44eb-46de-a7f2-cd540b4ca715",""
"1ca3c5e2-e054-497c-b4e4-b7077328f5f4","2025-11-11T00:00:00+00:00","20251111017","663d9ec7-b548-4c6c-9c73-150008d5b512","1","420","蝦皮","","已完成","2026-04-23T07:37:48.563128+00:00","384.05","35.95","6bd05ea5-44eb-46de-a7f2-cd540b4ca715",""
"bfbb4a37-da8c-440c-a89b-f3fd9a50ab1b","2025-11-13T00:00:00+00:00","20251113003","c1c0a9d6-9eb0-4c1e-bd42-95c1a90e0af9","1","2034","蝦皮","","已完成","2026-04-23T07:37:48.563128+00:00","1344","690","6bd05ea5-44eb-46de-a7f2-cd540b4ca715",""
"598524fa-fe20-491e-84ea-e5c5b804e1ed","2025-11-06T00:00:00+00:00","20251106003","3c5abc2e-97ab-426f-8d4c-a155553252bc","1","1285","蝦皮","","已完成","2026-04-23T07:37:48.563128+00:00","589","696","6bd05ea5-44eb-46de-a7f2-cd540b4ca715",""
"96eb8cfb-1241-4778-b7e4-09d558568483","2025-11-09T00:00:00+00:00","20251109007","4580ae23-9c31-4547-b940-2c6bc1ef8a77","1","471","蝦皮","","已完成","2026-04-23T07:37:48.563128+00:00","306.62","164.38","6bd05ea5-44eb-46de-a7f2-cd540b4ca715",""
"2505f6a8-5244-4477-bba6-e7c81b034643","2025-11-09T00:00:00+00:00","20251109006","4580ae23-9c31-4547-b940-2c6bc1ef8a77","1","471","蝦皮","","已完成","2026-04-23T07:37:48.563128+00:00","306.62","164.38","6bd05ea5-44eb-46de-a7f2-cd540b4ca715",""
"49562050-d602-407c-b45a-87aeca974b69","2025-11-10T00:00:00+00:00","20251110005","4580ae23-9c31-4547-b940-2c6bc1ef8a77","1","471","蝦皮","","已完成","2026-04-23T07:37:48.563128+00:00","306.62","164.38","6bd05ea5-44eb-46de-a7f2-cd540b4ca715",""
"da92ae15-549b-4924-afe1-3f18eed8fb73","2025-11-11T00:00:00+00:00","20251111014","4580ae23-9c31-4547-b940-2c6bc1ef8a77","1","478","蝦皮","","已完成","2026-04-23T07:37:48.563128+00:00","313.62","164.38","6bd05ea5-44eb-46de-a7f2-cd540b4ca715",""
"bd4da90f-db96-4b1e-9612-1964bf41ebbe","2025-11-07T00:00:00+00:00","20251107002","4580ae23-9c31-4547-b940-2c6bc1ef8a77","1","600","蝦皮","","已完成","2026-04-23T07:37:48.563128+00:00","435.62","164.38","6bd05ea5-44eb-46de-a7f2-cd540b4ca715",""
"55472a8e-c6f3-45de-9ff9-65c84505b808","2025-11-11T00:00:00+00:00","20251111016","4580ae23-9c31-4547-b940-2c6bc1ef8a77","1","600","蝦皮","","已完成","2026-04-23T07:37:48.563128+00:00","435.62","164.38","6bd05ea5-44eb-46de-a7f2-cd540b4ca715",""
"29f4e9e2-26fd-4616-b730-003133d73ace","2025-11-06T00:00:00+00:00","20251106001","4580ae23-9c31-4547-b940-2c6bc1ef8a77","1","471","蝦皮","","已完成","2026-04-23T07:37:48.563128+00:00","306.62","164.38","6bd05ea5-44eb-46de-a7f2-cd540b4ca715",""
"1e082276-4df1-4197-b34b-0cb82b279773","2025-11-10T00:00:00+00:00","20251110002","13a5ef17-86ea-4659-96d4-0d4b67389437","1","2210","蝦皮","","已完成","2026-04-23T07:37:48.563128+00:00","791","1419","6bd05ea5-44eb-46de-a7f2-cd540b4ca715",""
"57ac5a6b-0e7d-48eb-aed6-d376a5016ec9","2025-11-03T00:00:00+00:00","20251103001","13a5ef17-86ea-4659-96d4-0d4b67389437","1","2210","蝦皮","","已完成","2026-04-23T07:37:48.563128+00:00","988","1222","6bd05ea5-44eb-46de-a7f2-cd540b4ca715",""
"7616d966-295d-4e4f-8a02-83a8d930745f","2025-11-09T00:00:00+00:00","20251109002","ec22c4d3-700e-4b48-b8b2-5fb448e5c713","1","795","蝦皮","","已完成","2026-04-23T07:37:48.563128+00:00","452","343","6bd05ea5-44eb-46de-a7f2-cd540b4ca715",""
"cdde9193-5c2a-40d2-8486-2f21ea02d71c","2026-04-03T00:00:00+00:00","20260403010","ec22c4d3-700e-4b48-b8b2-5fb448e5c713","1","757","蝦皮","","已出貨","2026-04-23T14:57:15.989426+00:00","408.5","348.5","6bd05ea5-44eb-46de-a7f2-cd540b4ca715",""
"f68fddde-5aed-403b-bed2-771c73a9aa92","2026-05-18T00:00:00+00:00","20260518011","3708dc12-ce62-4bb4-8ec8-92efbc962737","1","540","蝦皮"," (平台手續費: 93.69)","已出貨","2026-05-20T14:46:14.18823+00:00","354.31","92","6bd05ea5-44eb-46de-a7f2-cd540b4ca715","93.69"
"d3417f1a-83ac-4a80-b9f2-349950b8fa5f","2025-10-11T00:00:00+00:00","20251011001","ec22c4d3-700e-4b48-b8b2-5fb448e5c713","1","777","蝦皮","","已完成","2026-04-23T07:34:29.273341+00:00","436","341","6bd05ea5-44eb-46de-a7f2-cd540b4ca715",""
"57724943-4746-48b8-b6d3-32054e6b36ba","2025-11-07T00:00:00+00:00","20251107004","476b6f8e-14d4-4c71-99b2-9145028d625a","4","338","蝦皮","","已完成","2026-04-23T07:37:48.563128+00:00","278.08","14.98","6bd05ea5-44eb-46de-a7f2-cd540b4ca715",""
"e49fad9b-d7f4-493e-8ebd-909fc5a17a2a","2025-11-11T00:00:00+00:00","20251111018","476b6f8e-14d4-4c71-99b2-9145028d625a","4","338","蝦皮","","已完成","2026-04-23T07:37:48.563128+00:00","278.08","14.98","6bd05ea5-44eb-46de-a7f2-cd540b4ca715",""
"c6df8074-7cf4-43c2-a755-63b2997d63d0","2025-11-14T00:00:00+00:00","20251114003","4580ae23-9c31-4547-b940-2c6bc1ef8a77","1","481","蝦皮","","已完成","2026-04-23T07:37:48.563128+00:00","316.62","164.38","6bd05ea5-44eb-46de-a7f2-cd540b4ca715",""
"9647b496-4a8e-4de9-9bd5-4eea6430e245","2025-10-24T00:00:00+00:00","20251024003","4580ae23-9c31-4547-b940-2c6bc1ef8a77","1","480","蝦皮","","已完成","2026-04-23T07:34:29.273341+00:00","318","162","6bd05ea5-44eb-46de-a7f2-cd540b4ca715",""
"c7a9bb28-7be4-470b-929d-4b2c15b46804","2025-11-14T00:00:00+00:00","20251114004","13a5ef17-86ea-4659-96d4-0d4b67389437","1","2210","蝦皮","","已完成","2026-04-23T07:37:48.563128+00:00","830","1380","6bd05ea5-44eb-46de-a7f2-cd540b4ca715",""
"0cc21ca5-2d8c-4848-aacb-02c1cdc96821","2025-11-13T00:00:00+00:00","20251113004","a1827b36-e7eb-40ff-a912-3038ed39c058","1","1404","蝦皮","","已完成","2026-04-23T07:37:48.563128+00:00","843","561","6bd05ea5-44eb-46de-a7f2-cd540b4ca715",""
"300418d9-6a95-468d-9d65-551f235a0582","2025-11-14T00:00:00+00:00","20251114001","a1827b36-e7eb-40ff-a912-3038ed39c058","1","1405","蝦皮","","已完成","2026-04-23T07:37:48.563128+00:00","809","596","6bd05ea5-44eb-46de-a7f2-cd540b4ca715",""
"eead112e-55d7-435c-a383-92851721e954","2025-11-11T00:00:00+00:00","20251111003","a1827b36-e7eb-40ff-a912-3038ed39c058","1","1367","蝦皮","","已完成","2026-04-23T07:37:48.563128+00:00","1065","302","6bd05ea5-44eb-46de-a7f2-cd540b4ca715",""
"f4e7f90b-8cad-4378-94cc-c5caf73d0379","2025-11-10T00:00:00+00:00","20251110006","a1827b36-e7eb-40ff-a912-3038ed39c058","1","1347","蝦皮","","已完成","2026-04-23T07:37:48.563128+00:00","803","544","6bd05ea5-44eb-46de-a7f2-cd540b4ca715",""
"d6fd03a4-e50c-453d-b9cb-d20a22c84639","2025-11-14T00:00:00+00:00","20251114002","a1827b36-e7eb-40ff-a912-3038ed39c058","1","1406","蝦皮","","已完成","2026-04-23T07:37:48.563128+00:00","793","613","6bd05ea5-44eb-46de-a7f2-cd540b4ca715",""
"f001e673-0e3a-4f3b-8265-038c5bada756","2025-11-11T00:00:00+00:00","20251111001","4b2020d3-7362-4b41-8efd-3c3584311d95","1","297","蝦皮","","已完成","2026-04-23T07:37:48.563128+00:00","205.25","91.75","6bd05ea5-44eb-46de-a7f2-cd540b4ca715",""
"2a24b08b-8190-434d-84fc-d989061cecd7","2025-11-11T00:00:00+00:00","20251111015","b452eb6d-32f7-40fc-b60d-97b1ae53b09d","1","1421","蝦皮","","已完成","2026-04-23T07:37:48.563128+00:00","560","861","6bd05ea5-44eb-46de-a7f2-cd540b4ca715",""
"7dbf0831-66f5-40b7-ad6f-5b0240352cf6","2025-11-12T00:00:00+00:00","20251112003","86f1293c-6bd7-45e5-b6a6-ec8a286c1c43","1","1076","蝦皮","","已完成","2026-04-23T07:37:48.563128+00:00","599","477","6bd05ea5-44eb-46de-a7f2-cd540b4ca715",""
"a792ba58-cea8-4dcb-9608-14f3dec79c63","2025-11-07T00:00:00+00:00","20251107005","86f1293c-6bd7-45e5-b6a6-ec8a286c1c43","1","1000","蝦皮","","已完成","2026-04-23T07:37:48.563128+00:00","514","486","6bd05ea5-44eb-46de-a7f2-cd540b4ca715",""
"af35bb16-dd87-472c-b351-555a8a4485f8","2025-11-11T00:00:00+00:00","20251111004","86f1293c-6bd7-45e5-b6a6-ec8a286c1c43","1","1066","蝦皮","","已完成","2026-04-23T07:37:48.563128+00:00","580","486","6bd05ea5-44eb-46de-a7f2-cd540b4ca715",""
"17c69e82-6d30-442d-8a02-53554c0ae5d1","2025-11-07T00:00:00+00:00","20251107006","ad43333d-5d21-4c8a-9e83-3895561bc46c","1","1000","蝦皮","","已完成","2026-04-23T07:37:48.563128+00:00","567","433","6bd05ea5-44eb-46de-a7f2-cd540b4ca715",""
"4e85087a-68a7-4a8a-9b4a-6918127f2bbb","2025-11-13T00:00:00+00:00","20251113005","ad43333d-5d21-4c8a-9e83-3895561bc46c","1","1000","蝦皮","","已完成","2026-04-23T07:37:48.563128+00:00","586","414","6bd05ea5-44eb-46de-a7f2-cd540b4ca715",""
"8d4c7756-bb22-4bd5-bbb4-2ac32234e453","2025-11-11T00:00:00+00:00","20251111013","ad43333d-5d21-4c8a-9e83-3895561bc46c","1","1068","蝦皮","","已完成","2026-04-23T07:37:48.563128+00:00","635","433","6bd05ea5-44eb-46de-a7f2-cd540b4ca715",""
"ecf628bf-6983-4a56-94f8-e0b1e903589f","2025-11-07T00:00:00+00:00","20251107007","a030d31a-823d-4380-874b-a807ce5be91b","1","1000","蝦皮","","已完成","2026-04-23T07:37:48.563128+00:00","586.5","413.5","6bd05ea5-44eb-46de-a7f2-cd540b4ca715",""
"26c4b654-15bd-41e7-9a77-952643ae5695","2025-11-09T00:00:00+00:00","20251109008","a1827b36-e7eb-40ff-a912-3038ed39c058","1","1347","蝦皮","","已完成","2026-04-23T07:37:48.563128+00:00","752","595","6bd05ea5-44eb-46de-a7f2-cd540b4ca715",""
"2526b7cb-e2c4-45f5-b2f0-8d27ca503818","2025-11-10T00:00:00+00:00","20251110001","3b0bfad1-adc2-43de-a1df-b0bc481abd5f","1","1285","蝦皮","","已完成","2026-04-23T07:37:48.563128+00:00","638","647","6bd05ea5-44eb-46de-a7f2-cd540b4ca715",""
"17fedb54-27f7-4c8d-8b02-d9a46590c3e2","2025-11-09T00:00:00+00:00","20251109009","3a0a3cc8-3890-458a-a8b7-d3cc9b03c498","1","420","蝦皮","","已完成","2026-04-23T07:37:48.563128+00:00","148","272","6bd05ea5-44eb-46de-a7f2-cd540b4ca715",""
"8ba27cff-308b-497d-ac8a-277e6e2df9c9","2025-11-10T00:00:00+00:00","20251110003","4b2020d3-7362-4b41-8efd-3c3584311d95","1","300","蝦皮","","已完成","2026-04-23T07:37:48.563128+00:00","208.25","91.75","6bd05ea5-44eb-46de-a7f2-cd540b4ca715",""
"54d723ed-a626-4118-a67a-660863e053e3","2025-11-11T00:00:00+00:00","20251111006","b452eb6d-32f7-40fc-b60d-97b1ae53b09d","1","1421","蝦皮","","已完成","2026-04-23T07:37:48.563128+00:00","557","864","6bd05ea5-44eb-46de-a7f2-cd540b4ca715",""
"9142cc66-77af-4c0b-a523-8489b51c1b50","2025-11-06T00:00:00+00:00","20251106002","b452eb6d-32f7-40fc-b60d-97b1ae53b09d","1","1433","蝦皮","","已完成","2026-04-23T07:37:48.563128+00:00","500","933","6bd05ea5-44eb-46de-a7f2-cd540b4ca715",""
"84d66b94-6fa4-4c03-8678-5e7685e0caa7","2025-11-12T00:00:00+00:00","20251112002","b745b7a5-1951-4240-b576-3f45208ab795","1","1076","蝦皮","","已完成","2026-04-23T07:37:48.563128+00:00","688","388","6bd05ea5-44eb-46de-a7f2-cd540b4ca715",""
"f1312069-3afd-4e3f-9d4a-ae60422bf416","2025-11-13T00:00:00+00:00","20251113001","5b03f140-fb75-4a42-9e7c-a6515abbab08","1","700","蝦皮","","已完成","2026-04-23T07:37:48.563128+00:00","200","500","6bd05ea5-44eb-46de-a7f2-cd540b4ca715",""
"1607ac7e-b8e3-4a1c-b78a-aecd07692ca3","2025-11-13T00:00:00+00:00","20251113002","24039aa7-a987-410b-9cd2-fd74f299fd85","1","520","蝦皮","","已完成","2026-04-23T07:37:48.563128+00:00","164.37","355.63","6bd05ea5-44eb-46de-a7f2-cd540b4ca715",""
"d4ecab0a-d42f-427d-b6ec-dd6411ed5f3e","2025-11-13T00:00:00+00:00","20251113006","93c4a1e1-2c21-43a2-b735-88d64d96c50b","1","350","蝦皮","","已完成","2026-04-23T07:37:48.563128+00:00","74","276","6bd05ea5-44eb-46de-a7f2-cd540b4ca715",""
"b71c1e2b-4de3-4c77-8e49-42f771bab1e7","2025-11-14T00:00:00+00:00","20251114005","259e737e-228c-4da0-998c-deba449cc0e4","1","1341","蝦皮","","已完成","2026-04-23T07:37:48.563128+00:00","572","769","6bd05ea5-44eb-46de-a7f2-cd540b4ca715",""
"cad3dc63-a825-414b-924b-06303d9de8f4","2025-11-07T00:00:00+00:00","20251107001","a1827b36-e7eb-40ff-a912-3038ed39c058","1","1347","蝦皮","","已完成","2026-04-23T07:37:48.563128+00:00","791","556","6bd05ea5-44eb-46de-a7f2-cd540b4ca715",""
"3bc09277-34dc-48c2-9854-65f57cd259e4","2026-04-22T00:00:00+00:00","20260422003","64cab22c-f665-4fbe-b873-0064ba215e30","2","1700","面交","","已完成","2026-04-23T14:58:15.972906+00:00","-718","1209","6bd05ea5-44eb-46de-a7f2-cd540b4ca715",""
"9ed46222-f248-4f39-b4d6-7f21513c0985","2026-04-18T00:00:00+00:00","20260418003","64cab22c-f665-4fbe-b873-0064ba215e30","1","750","脆","","已完成","2026-04-23T14:58:56.601513+00:00","154","596","6bd05ea5-44eb-46de-a7f2-cd540b4ca715",""
"4ec167fa-05ae-4ead-9717-422d09de71be","2025-11-18T00:00:00+00:00","20251118003","2d80a4e2-7063-4002-bb90-12bd16746c3a","1","221","蝦皮","","已完成","2026-04-23T07:37:48.563128+00:00","185.05","35.95","6bd05ea5-44eb-46de-a7f2-cd540b4ca715",""
"1629d670-cdcb-4e80-b354-9a078b975aa4","2025-11-25T00:00:00+00:00","20251125004","551cfb11-ba72-4876-ad1a-38540875fea0","4","293","蝦皮","","已完成","2026-04-23T07:37:48.563128+00:00","240.32","13.17","6bd05ea5-44eb-46de-a7f2-cd540b4ca715",""
"ca455f9e-e236-46d1-bcf8-88505e92f400","2025-11-18T00:00:00+00:00","20251118002","551cfb11-ba72-4876-ad1a-38540875fea0","4","338","蝦皮","","已完成","2026-04-23T07:37:48.563128+00:00","285.32","13.17","6bd05ea5-44eb-46de-a7f2-cd540b4ca715",""
"b2bb32dd-9304-4829-a81b-0c1e65e275ed","2025-11-23T00:00:00+00:00","20251123006","663d9ec7-b548-4c6c-9c73-150008d5b512","1","420","蝦皮","","已完成","2026-04-23T07:37:48.563128+00:00","384.05","35.95","6bd05ea5-44eb-46de-a7f2-cd540b4ca715",""
"fc536388-ec53-44d4-bdbb-69611eb49bed","2025-11-16T00:00:00+00:00","20251116002","663d9ec7-b548-4c6c-9c73-150008d5b512","1","420","蝦皮","","已完成","2026-04-23T07:37:48.563128+00:00","384.05","35.95","6bd05ea5-44eb-46de-a7f2-cd540b4ca715",""
"746bb3ba-215e-4c37-8ab9-d16df5424c4e","2025-11-16T00:00:00+00:00","20251116008","663d9ec7-b548-4c6c-9c73-150008d5b512","1","420","蝦皮","","已完成","2026-04-23T07:37:48.563128+00:00","384.05","35.95","6bd05ea5-44eb-46de-a7f2-cd540b4ca715",""
"dd4821ca-29a0-472c-be36-4a9980c44ebb","2025-11-17T00:00:00+00:00","20251117001","663d9ec7-b548-4c6c-9c73-150008d5b512","1","262","蝦皮","","已完成","2026-04-23T07:37:48.563128+00:00","226.05","35.95","6bd05ea5-44eb-46de-a7f2-cd540b4ca715",""
"189610df-2916-4bd2-9d2e-a37129a520d3","2025-11-23T00:00:00+00:00","20251123007","476b6f8e-14d4-4c71-99b2-9145028d625a","4","320","蝦皮","","已完成","2026-04-23T07:37:48.563128+00:00","260.08","14.98","6bd05ea5-44eb-46de-a7f2-cd540b4ca715",""
"6f5c2ca9-b105-4eb6-a8af-45e1f647fa34","2025-11-17T00:00:00+00:00","20251117002","476b6f8e-14d4-4c71-99b2-9145028d625a","4","338","蝦皮","","已完成","2026-04-23T07:37:48.563128+00:00","278.08","14.98","6bd05ea5-44eb-46de-a7f2-cd540b4ca715",""
"e0d84215-5406-4d34-a7ee-a020290653d1","2025-11-11T00:00:00+00:00","20251111005","ec22c4d3-700e-4b48-b8b2-5fb448e5c713","1","786","蝦皮","","已完成","2026-04-23T07:37:48.563128+00:00","443","343","6bd05ea5-44eb-46de-a7f2-cd540b4ca715",""
"f0bccb45-859d-4b89-a6ab-9dc0c1508980","2025-11-12T00:00:00+00:00","20251112001","1047bac0-fec4-43f0-8205-00f485f3b3f6","1","461","蝦皮","","已完成","2026-04-23T07:37:48.563128+00:00","296.62","164.38","6bd05ea5-44eb-46de-a7f2-cd540b4ca715",""
"659a37b2-5020-4eaf-bee0-9205d1f880bb","2025-11-09T00:00:00+00:00","20251109001","ec22c4d3-700e-4b48-b8b2-5fb448e5c713","1","795","蝦皮","","已完成","2026-04-23T07:37:48.563128+00:00","452","343","6bd05ea5-44eb-46de-a7f2-cd540b4ca715",""
"542666ff-a9c3-4a7b-aa0a-e3e817196c8f","2026-04-29T00:00:00+00:00","20260429003","42687ef1-23ac-4ac9-8a31-fec0072b8a69","1","1650","蝦皮"," (平台手續費: 194)","已出貨","2026-05-07T17:50:57.838197+00:00","696","760","6bd05ea5-44eb-46de-a7f2-cd540b4ca715","194"
"0fa86bf1-d430-4466-b022-e3c41851ae56","2025-11-11T00:00:00+00:00","20251111007","1047bac0-fec4-43f0-8205-00f485f3b3f6","1","462","蝦皮","","已完成","2026-04-23T07:37:48.563128+00:00","297.62","164.38","6bd05ea5-44eb-46de-a7f2-cd540b4ca715",""
"59fd42c3-5f90-4209-b39a-f71a10fec1e6","2025-11-16T00:00:00+00:00","20251116009","476b6f8e-14d4-4c71-99b2-9145028d625a","4","338","蝦皮","","已完成","2026-04-23T07:37:48.563128+00:00","278.08","14.98","6bd05ea5-44eb-46de-a7f2-cd540b4ca715",""
"69b2258d-e1f9-44c0-a71c-88f4cdd63aa1","2025-11-16T00:00:00+00:00","20251116003","476b6f8e-14d4-4c71-99b2-9145028d625a","4","338","蝦皮","","已完成","2026-04-23T07:37:48.563128+00:00","278.08","14.98","6bd05ea5-44eb-46de-a7f2-cd540b4ca715",""
"6e0bef54-7bc8-47b6-847e-7aaaca50f013","2025-11-23T00:00:00+00:00","20251123009","6cbc22a9-8bbf-4f20-b344-6cfb89174684","1","286","蝦皮","","已完成","2026-04-23T07:37:48.563128+00:00","205.1","80.9","6bd05ea5-44eb-46de-a7f2-cd540b4ca715",""
"4311ac57-e61e-4c90-b168-c2b5c95c0a09","2026-05-06T00:00:00+00:00","20260506007","2e8e374f-1462-48f8-a05b-5793b52afa22","1","500","蝦皮"," (平台手續費: 77.52)","已出貨","2026-05-07T17:51:52.2247+00:00","244.48","178","6bd05ea5-44eb-46de-a7f2-cd540b4ca715","77.52"
"6edbe853-f2da-4f52-9217-53ee212bd36d","2025-11-15T00:00:00+00:00","20251115002","3c5abc2e-97ab-426f-8d4c-a155553252bc","1","1300","蝦皮","","已完成","2026-04-23T07:37:48.563128+00:00","563","737","6bd05ea5-44eb-46de-a7f2-cd540b4ca715",""
"026bbf55-83fe-4f7a-86ba-f57a959c8cc0","2026-05-17T00:00:00+00:00","20260517005","4b8194a3-5e26-471d-90e1-a65ccc52ddeb","1","1590","蝦皮"," (平台手續費: 187)","已出貨","2026-05-20T14:47:04.895408+00:00","618","785","6bd05ea5-44eb-46de-a7f2-cd540b4ca715","187"
"71b59388-1127-4a4a-a07a-6d877c8306ad","2025-11-23T00:00:00+00:00","20251123004","4580ae23-9c31-4547-b940-2c6bc1ef8a77","1","479","蝦皮","","已完成","2026-04-23T07:37:48.563128+00:00","279","200","6bd05ea5-44eb-46de-a7f2-cd540b4ca715",""
"2e9d286b-da1e-4683-8217-ecfe17b9b3a3","2025-11-23T00:00:00+00:00","20251123001","4580ae23-9c31-4547-b940-2c6bc1ef8a77","1","480","蝦皮","","已完成","2026-04-23T07:37:48.563128+00:00","280","200","6bd05ea5-44eb-46de-a7f2-cd540b4ca715",""
"43c800f1-35ff-443a-9ff4-55f190b8c3a9","2025-11-16T00:00:00+00:00","20251116005","4580ae23-9c31-4547-b940-2c6bc1ef8a77","1","479","蝦皮","","已完成","2026-04-23T07:37:48.563128+00:00","267","212","6bd05ea5-44eb-46de-a7f2-cd540b4ca715",""
"e5121b27-7e5d-4fec-bd79-746fc5b6f717","2025-11-20T00:00:00+00:00","20251120002","13a5ef17-86ea-4659-96d4-0d4b67389437","1","2210","蝦皮","","已完成","2026-04-23T07:37:48.563128+00:00","754","1456","6bd05ea5-44eb-46de-a7f2-cd540b4ca715",""
"7a219981-9097-4626-9ae5-8b2354a517c5","2025-11-18T00:00:00+00:00","20251118001","a1827b36-e7eb-40ff-a912-3038ed39c058","1","1374","蝦皮","","已完成","2026-04-23T07:37:48.563128+00:00","806","568","6bd05ea5-44eb-46de-a7f2-cd540b4ca715",""
"7e2d666e-8b29-4ade-a5ea-0040c0dee01e","2025-11-23T00:00:00+00:00","20251123008","a1827b36-e7eb-40ff-a912-3038ed39c058","1","1452","蝦皮","","已完成","2026-04-23T07:37:48.563128+00:00","882","570","6bd05ea5-44eb-46de-a7f2-cd540b4ca715",""
"10de41b4-bbd6-4c01-a587-22e209114f5a","2025-11-16T00:00:00+00:00","20251116004","a1827b36-e7eb-40ff-a912-3038ed39c058","1","1405","蝦皮","","已完成","2026-04-23T07:37:48.563128+00:00","897","508","6bd05ea5-44eb-46de-a7f2-cd540b4ca715",""
"1dbbc705-5dfb-454d-b5a1-daa2c2629968","2025-11-18T00:00:00+00:00","20251118005","3a0a3cc8-3890-458a-a8b7-d3cc9b03c498","1","430","蝦皮","","已完成","2026-04-23T07:37:48.563128+00:00","147.33","282.67","6bd05ea5-44eb-46de-a7f2-cd540b4ca715",""
"9006454d-c3fc-463a-88db-dcfe7d61daef","2025-11-20T00:00:00+00:00","20251120001","a1827b36-e7eb-40ff-a912-3038ed39c058","1","1404","蝦皮","","已完成","2026-04-23T07:37:48.563128+00:00","924","480","6bd05ea5-44eb-46de-a7f2-cd540b4ca715",""
"cb0a08b3-7c30-4f86-88d8-5326977c1b85","2025-11-16T00:00:00+00:00","20251116006","a1827b36-e7eb-40ff-a912-3038ed39c058","1","1405","蝦皮","","已完成","2026-04-23T07:37:48.563128+00:00","842","563","6bd05ea5-44eb-46de-a7f2-cd540b4ca715",""
"4736b772-5b0f-45e6-a6c0-986f1db06b5d","2025-11-17T00:00:00+00:00","20251117003","b452eb6d-32f7-40fc-b60d-97b1ae53b09d","1","1433","蝦皮","","已完成","2026-04-23T07:37:48.563128+00:00","581","852","6bd05ea5-44eb-46de-a7f2-cd540b4ca715",""
"7f203bea-f3d9-4bf8-b991-2afcc2cb44bf","2025-11-16T00:00:00+00:00","20251116012","b452eb6d-32f7-40fc-b60d-97b1ae53b09d","1","1433","蝦皮","","已完成","2026-04-23T07:37:48.563128+00:00","563","870","6bd05ea5-44eb-46de-a7f2-cd540b4ca715",""
"fa1932c1-0b12-49f6-b8a9-eaf4708259a6","2025-11-18T00:00:00+00:00","20251118004","a24c6b57-5c26-4bb8-b408-3cecac3e0af2","1","389","蝦皮","","已完成","2026-04-23T07:37:48.563128+00:00","213.36","175.64","6bd05ea5-44eb-46de-a7f2-cd540b4ca715",""
"76448803-7047-4c1b-aa87-b7ac2f244807","2025-11-15T00:00:00+00:00","20251115005","1047bac0-fec4-43f0-8205-00f485f3b3f6","1","461","蝦皮","","已完成","2026-04-23T07:37:48.563128+00:00","296.62","164.38","6bd05ea5-44eb-46de-a7f2-cd540b4ca715",""
"2c00a7c2-0f75-4a94-bd2a-f122391fe10a","2025-11-25T00:00:00+00:00","20251125002","1047bac0-fec4-43f0-8205-00f485f3b3f6","1","580","蝦皮","","已完成","2026-04-23T07:37:48.563128+00:00","415.62","164.38","6bd05ea5-44eb-46de-a7f2-cd540b4ca715",""
"e06e5a06-e97f-458a-885b-5c0869464856","2025-11-16T00:00:00+00:00","20251116010","b452eb6d-32f7-40fc-b60d-97b1ae53b09d","1","1433","蝦皮","","已完成","2026-04-23T07:37:48.563128+00:00","567","866","6bd05ea5-44eb-46de-a7f2-cd540b4ca715",""
"79421279-2a48-417f-8ce7-ba43e7b4e8fc","2025-11-15T00:00:00+00:00","20251115003","25a6ee7d-469f-4018-99aa-96ada95d682f","1","355","蝦皮","","已完成","2026-04-23T07:37:48.563128+00:00","279","76","6bd05ea5-44eb-46de-a7f2-cd540b4ca715",""
"bf791bec-6eb6-433d-981a-95578676af6c","2025-11-19T00:00:00+00:00","20251119002","3a0a3cc8-3890-458a-a8b7-d3cc9b03c498","1","430","蝦皮","","已完成","2026-04-23T07:37:48.563128+00:00","147.33","282.67","6bd05ea5-44eb-46de-a7f2-cd540b4ca715",""
"f46b56d1-b4f8-44bd-8b27-5983286262f2","2025-11-19T00:00:00+00:00","20251119003","a24c6b57-5c26-4bb8-b408-3cecac3e0af2","1","389","蝦皮","","已完成","2026-04-23T07:37:48.563128+00:00","209","180","6bd05ea5-44eb-46de-a7f2-cd540b4ca715",""
"263095f2-3203-46ba-9a0b-1f0efb2e0475","2025-11-18T00:00:00+00:00","20251118006","ca109ed6-b78e-4566-abaf-8a5c914e57da","1","1150","蝦皮","","已完成","2026-04-23T07:37:48.563128+00:00","302","848","6bd05ea5-44eb-46de-a7f2-cd540b4ca715",""
"dd9067df-597e-4fd9-a980-e1ff6bb1aeb1","2025-11-21T00:00:00+00:00","20251121002","c8b7df13-e94b-431d-a251-c29f2cf845ba","1","350","蝦皮","","已完成","2026-04-23T07:37:48.563128+00:00","174.8","175.2","6bd05ea5-44eb-46de-a7f2-cd540b4ca715",""
"cc853cc8-3a18-4dfa-802e-a5468e0d6aaf","2025-11-21T00:00:00+00:00","20251121001","c8b7df13-e94b-431d-a251-c29f2cf845ba","1","355","蝦皮","","已完成","2026-04-23T07:37:48.563128+00:00","179.8","175.2","6bd05ea5-44eb-46de-a7f2-cd540b4ca715",""
"0a76cdf3-142c-4888-bbba-5eef2e649996","2025-11-24T00:00:00+00:00","20251124004","c8b7df13-e94b-431d-a251-c29f2cf845ba","1","355","蝦皮","","已完成","2026-04-23T07:37:48.563128+00:00","185.67","169.33","6bd05ea5-44eb-46de-a7f2-cd540b4ca715",""
"210f64c9-8854-469d-94df-abfc7eb9c8a4","2025-11-20T00:00:00+00:00","20251120005","c8b7df13-e94b-431d-a251-c29f2cf845ba","1","350","蝦皮","","已完成","2026-04-23T07:37:48.563128+00:00","174.8","175.2","6bd05ea5-44eb-46de-a7f2-cd540b4ca715",""
"831c111a-06c1-4529-818f-c1556f963c57","2025-11-19T00:00:00+00:00","20251119004","c8b7df13-e94b-431d-a251-c29f2cf845ba","1","350","蝦皮","","已完成","2026-04-23T07:37:48.563128+00:00","174.8","175.2","6bd05ea5-44eb-46de-a7f2-cd540b4ca715",""
"2458ce5d-2baf-44b6-98ce-22d712a2be7a","2025-11-19T00:00:00+00:00","20251119005","c8b7df13-e94b-431d-a251-c29f2cf845ba","1","350","蝦皮","","已完成","2026-04-23T07:37:48.563128+00:00","174.8","175.2","6bd05ea5-44eb-46de-a7f2-cd540b4ca715",""
"37061b3b-33f1-4bf2-ae27-8e7856bfffef","2025-11-19T00:00:00+00:00","20251119006","f0b24661-694d-4bf7-9ba4-6dd8795c7e50","1","390","蝦皮","","已完成","2026-04-23T07:37:48.563128+00:00","165.25","224.75","6bd05ea5-44eb-46de-a7f2-cd540b4ca715",""
"94a3d4d7-72b8-48fa-8da4-ee516d1cbe6c","2025-11-20T00:00:00+00:00","20251120003","39749fa7-2bb1-4c7a-abe5-1c35b0a3bb5b","1","1571","蝦皮","","已完成","2026-04-23T07:37:48.563128+00:00","799","772","6bd05ea5-44eb-46de-a7f2-cd540b4ca715",""
"d43473e0-3901-4a69-859c-2d9c46e6fd80","2025-11-20T00:00:00+00:00","20251120006","4012bd8b-b389-4b30-8512-378ec0c5dced","3","750","蝦皮","","已完成","2026-04-23T07:37:48.563128+00:00","433.5","105.5","6bd05ea5-44eb-46de-a7f2-cd540b4ca715",""
"2ba9e1ad-8eb5-4aff-b5be-a543f7f26cc6","2025-11-25T00:00:00+00:00","20251125005","a1827b36-e7eb-40ff-a912-3038ed39c058","1","1374","蝦皮","","已完成","2026-04-23T07:37:48.563128+00:00","784","590","6bd05ea5-44eb-46de-a7f2-cd540b4ca715",""
"f13a762c-0f2a-4862-b1a1-4bbe18179158","2025-11-20T00:00:00+00:00","20251120004","a1827b36-e7eb-40ff-a912-3038ed39c058","1","1404","蝦皮","","已完成","2026-04-23T07:37:48.563128+00:00","793","611","6bd05ea5-44eb-46de-a7f2-cd540b4ca715",""
"816ddcd6-fd31-4bbc-bcca-8cfc74461f43","2025-11-09T00:00:00+00:00","20251109005","2d80a4e2-7063-4002-bb90-12bd16746c3a","1","301","蝦皮","","已完成","2026-04-23T07:37:48.563128+00:00","265.05","35.95","6bd05ea5-44eb-46de-a7f2-cd540b4ca715",""
"2461b4dd-2f7b-4a1c-8f32-ae51314f6fca","2025-11-25T00:00:00+00:00","20251125003","2d80a4e2-7063-4002-bb90-12bd16746c3a","1","410","蝦皮","","已完成","2026-04-23T07:37:48.563128+00:00","374.05","35.95","6bd05ea5-44eb-46de-a7f2-cd540b4ca715",""
"f10bf4e1-e794-4b03-86e7-99653135be3e","2025-11-16T00:00:00+00:00","20251116007","4580ae23-9c31-4547-b940-2c6bc1ef8a77","1","600","蝦皮","","已完成","2026-04-23T07:37:48.563128+00:00","388","212","6bd05ea5-44eb-46de-a7f2-cd540b4ca715",""
"96f864d2-a08e-4fb4-8cc3-56bf4d75aa00","2025-11-30T00:00:00+00:00","20251130003","4580ae23-9c31-4547-b940-2c6bc1ef8a77","1","480","蝦皮","","已完成","2026-04-23T07:37:48.563128+00:00","300","180","6bd05ea5-44eb-46de-a7f2-cd540b4ca715",""
"67e806cb-dbb4-45f7-b3b5-9564ad9dab7c","2025-11-24T00:00:00+00:00","20251124001","ec22c4d3-700e-4b48-b8b2-5fb448e5c713","1","795","蝦皮","","已完成","2026-04-23T07:37:48.563128+00:00","452","343","6bd05ea5-44eb-46de-a7f2-cd540b4ca715",""
"c737867a-ea79-4d21-ab55-57f5809237f5","2025-11-11T00:00:00+00:00","20251111008","ec22c4d3-700e-4b48-b8b2-5fb448e5c713","1","788","蝦皮","","已完成","2026-04-23T07:37:48.563128+00:00","423","365","6bd05ea5-44eb-46de-a7f2-cd540b4ca715",""
"d3bb4802-8979-4a57-85c4-7b694cdf5563","2025-11-11T00:00:00+00:00","20251111010","b745b7a5-1951-4240-b576-3f45208ab795","1","1158","蝦皮","","已完成","2026-04-23T07:37:48.563128+00:00","699","459","6bd05ea5-44eb-46de-a7f2-cd540b4ca715",""
"9e5c54fe-7d2c-49cf-8ee0-e43fa99bdc9e","2026-05-08T00:00:00+00:00","20260508003","42687ef1-23ac-4ac9-8a31-fec0072b8a69","1","1650","蝦皮"," (平台手續費: 194)","已出貨","2026-05-14T06:09:55.155449+00:00","715","741","6bd05ea5-44eb-46de-a7f2-cd540b4ca715","194"
"b930266f-4ffb-43a7-8419-817c10ed2be4","2025-11-03T00:00:00+00:00","20251103002","ec22c4d3-700e-4b48-b8b2-5fb448e5c713","1","795","蝦皮","","已完成","2026-04-23T07:37:48.563128+00:00","430","365","6bd05ea5-44eb-46de-a7f2-cd540b4ca715",""
"a3112f4f-0f8b-444a-88c2-78d92665793a","2025-11-30T00:00:00+00:00","20251130006","663d9ec7-b548-4c6c-9c73-150008d5b512","1","317","蝦皮","","已完成","2026-04-23T07:37:48.563128+00:00","281.05","35.95","6bd05ea5-44eb-46de-a7f2-cd540b4ca715",""
"9e9c2fed-e0ab-44f1-bcfe-9b86d4bb2f11","2025-11-28T00:00:00+00:00","20251128004","663d9ec7-b548-4c6c-9c73-150008d5b512","1","420","蝦皮","","已完成","2026-04-23T07:37:48.563128+00:00","384.05","35.95","6bd05ea5-44eb-46de-a7f2-cd540b4ca715",""
"245f9e1b-7635-42c8-a389-2a87c3c4943d","2025-11-28T00:00:00+00:00","20251128002","663d9ec7-b548-4c6c-9c73-150008d5b512","1","333","蝦皮","","已完成","2026-04-23T07:37:48.563128+00:00","297.05","35.95","6bd05ea5-44eb-46de-a7f2-cd540b4ca715",""
"8f9755f2-aa7b-4d42-8a98-247e49c3a58b","2025-11-23T00:00:00+00:00","20251123002","663d9ec7-b548-4c6c-9c73-150008d5b512","1","333","蝦皮","","已完成","2026-04-23T07:37:48.563128+00:00","297.05","35.95","6bd05ea5-44eb-46de-a7f2-cd540b4ca715",""
"235edfd0-2af1-4eef-ac8b-4dd2ebdc0114","2025-11-29T00:00:00+00:00","20251129007","663d9ec7-b548-4c6c-9c73-150008d5b512","1","333","蝦皮","","已完成","2026-04-23T07:37:48.563128+00:00","297.05","35.95","6bd05ea5-44eb-46de-a7f2-cd540b4ca715",""
"e3631c9a-e9fe-4777-96a5-a52c25f1324e","2025-11-28T00:00:00+00:00","20251128005","476b6f8e-14d4-4c71-99b2-9145028d625a","4","320","蝦皮","","已完成","2026-04-23T07:37:48.563128+00:00","260.08","14.98","6bd05ea5-44eb-46de-a7f2-cd540b4ca715",""
"3628615a-04d4-4f74-a36c-2df350955ecb","2025-11-01T00:00:00+00:00","20251101001","2d80a4e2-7063-4002-bb90-12bd16746c3a","1","410","蝦皮","","已完成","2026-04-23T07:37:48.563128+00:00","308.33","101.67","6bd05ea5-44eb-46de-a7f2-cd540b4ca715",""
"36a7662e-f3a2-428a-8eb8-1e85233254c7","2025-11-02T00:00:00+00:00","20251102002","4580ae23-9c31-4547-b940-2c6bc1ef8a77","1","471","蝦皮","","已完成","2026-04-23T07:37:48.563128+00:00","306.62","164.38","6bd05ea5-44eb-46de-a7f2-cd540b4ca715",""
"3deb7864-7a32-4932-964c-ca3394a71313","2025-11-23T00:00:00+00:00","20251123005","4580ae23-9c31-4547-b940-2c6bc1ef8a77","1","600","蝦皮","","已完成","2026-04-23T07:37:48.563128+00:00","400","200","6bd05ea5-44eb-46de-a7f2-cd540b4ca715",""
"14920e42-0323-4117-bf24-d235113c91e4","2025-11-16T00:00:00+00:00","20251116011","4580ae23-9c31-4547-b940-2c6bc1ef8a77","1","479","蝦皮","","已完成","2026-04-23T07:37:48.563128+00:00","261","218","6bd05ea5-44eb-46de-a7f2-cd540b4ca715",""
"014e9697-b4bf-49ab-a8d9-1f30b0367c37","2025-11-28T00:00:00+00:00","20251128006","13a5ef17-86ea-4659-96d4-0d4b67389437","1","2210","蝦皮","","已完成","2026-04-23T07:37:48.563128+00:00","636","1574","6bd05ea5-44eb-46de-a7f2-cd540b4ca715",""
"3c916455-d48d-49d4-8ac8-6bbf07ef0423","2025-11-29T00:00:00+00:00","20251129002","13a5ef17-86ea-4659-96d4-0d4b67389437","1","2210","蝦皮","","已完成","2026-04-23T07:37:48.563128+00:00","733","1477","6bd05ea5-44eb-46de-a7f2-cd540b4ca715",""
"6e47f0ca-f9cf-4907-b9e2-87597ab83b1c","2026-04-18T00:00:00+00:00","20260418004","a24c6b57-5c26-4bb8-b408-3cecac3e0af2","1","320","脆","","已完成","2026-04-23T14:59:14.638239+00:00","113.83","206.17","6bd05ea5-44eb-46de-a7f2-cd540b4ca715",""
"d8f18983-4b47-4a90-aa5f-d1c260d787cf","2025-11-30T00:00:00+00:00","20251130004","6cbc22a9-8bbf-4f20-b344-6cfb89174684","1","286","蝦皮","","已完成","2026-04-23T07:37:48.563128+00:00","205.1","80.9","6bd05ea5-44eb-46de-a7f2-cd540b4ca715",""
"4ce4f05f-8058-4b87-89ae-178664c50821","2025-11-11T00:00:00+00:00","20251111002","ec22c4d3-700e-4b48-b8b2-5fb448e5c713","1","795","蝦皮","","已完成","2026-04-23T07:37:48.563128+00:00","516","279","6bd05ea5-44eb-46de-a7f2-cd540b4ca715",""
"f8c1986c-5ca2-4929-a6a8-43a5ee2eebc3","2025-11-30T00:00:00+00:00","20251130007","1047bac0-fec4-43f0-8205-00f485f3b3f6","1","461","蝦皮","","已完成","2026-04-23T07:37:48.563128+00:00","296.62","164.38","6bd05ea5-44eb-46de-a7f2-cd540b4ca715",""
"817fdd1c-9404-4338-95b3-2843ed848d8f","2025-11-28T00:00:00+00:00","20251128007","93c4a1e1-2c21-43a2-b735-88d64d96c50b","1","401","蝦皮","","已完成","2026-04-23T07:37:48.563128+00:00","125","276","6bd05ea5-44eb-46de-a7f2-cd540b4ca715",""
"438182b5-0bed-4b33-ab81-67a163c5e386","2026-05-06T00:00:00+00:00","20260506006","5caa41f6-5c34-4c85-a435-7ef99413fde7","1","590","蝦皮"," (平台手續費: 91.48)","已出貨","2026-05-07T17:51:52.2247+00:00","309.02","189.5","6bd05ea5-44eb-46de-a7f2-cd540b4ca715","91.48"
"3457e14d-4a02-4afb-a6be-217861e625bf","2025-11-30T00:00:00+00:00","20251130008","19950d68-ffe2-41d3-91e7-a7f542da55e0","1","405","蝦皮","","已完成","2026-04-23T07:37:48.563128+00:00","111.33","293.67","6bd05ea5-44eb-46de-a7f2-cd540b4ca715",""
"6d4ed63e-83aa-4c01-8f1e-7b3a898d8066","2025-12-01T00:00:00+00:00","20251201003","13a5ef17-86ea-4659-96d4-0d4b67389437","1","2000","蝦皮","","已完成","2026-04-23T07:41:26.12012+00:00","603","1397","6bd05ea5-44eb-46de-a7f2-cd540b4ca715",""
"bbc03c59-2fe8-4795-b085-6050c19d40b2","2025-12-03T00:00:00+00:00","20251203001","1047bac0-fec4-43f0-8205-00f485f3b3f6","1","461","蝦皮","","已完成","2026-04-23T07:41:26.12012+00:00","296.62","164.38","6bd05ea5-44eb-46de-a7f2-cd540b4ca715",""
"c4f3faa9-244c-48ed-b0ac-c1b96e83518c","2025-11-29T00:00:00+00:00","20251129003","a1827b36-e7eb-40ff-a912-3038ed39c058","1","1405","蝦皮","","已完成","2026-04-23T07:37:48.563128+00:00","785","620","6bd05ea5-44eb-46de-a7f2-cd540b4ca715",""
"8b038a3c-7a87-4ea1-a552-175094837fe9","2025-11-29T00:00:00+00:00","20251129009","3a0a3cc8-3890-458a-a8b7-d3cc9b03c498","1","420","蝦皮","","已完成","2026-04-23T07:37:48.563128+00:00","137.33","282.67","6bd05ea5-44eb-46de-a7f2-cd540b4ca715",""
"d9a9ff3c-1f54-4145-809d-cbaa33efb2cd","2025-12-02T00:00:00+00:00","20251202002","b452eb6d-32f7-40fc-b60d-97b1ae53b09d","1","1433","蝦皮","","已完成","2026-04-23T07:41:26.12012+00:00","581","852","6bd05ea5-44eb-46de-a7f2-cd540b4ca715",""
"a1c8ddc5-b313-47b2-b7ea-abd98645e38e","2025-11-30T00:00:00+00:00","20251130005","4b2020d3-7362-4b41-8efd-3c3584311d95","4","1216","蝦皮","","已完成","2026-04-23T07:37:48.563128+00:00","527.5","172.13","6bd05ea5-44eb-46de-a7f2-cd540b4ca715",""
"dbb3b5ad-77c7-4827-a570-29125a75cbf6","2026-03-16T00:00:00+00:00","20260316002","3a0a3cc8-3890-458a-a8b7-d3cc9b03c498","1","425","賣貨便","","已完成","2026-04-23T15:13:32.082966+00:00","158.33","266.67","6bd05ea5-44eb-46de-a7f2-cd540b4ca715",""
"bc39b89f-21eb-42cc-862a-e460819bfe20","2025-12-05T00:00:00+00:00","20251205006","7925d030-2be0-4dc4-a01c-7a5ca5885db7","1","924","蝦皮","","已完成","2026-04-23T07:41:26.12012+00:00","519","405","6bd05ea5-44eb-46de-a7f2-cd540b4ca715",""
"e82c6106-e289-49bb-8a30-f25cd0bc2d0b","2025-12-12T00:00:00+00:00","20251212002","ec22c4d3-700e-4b48-b8b2-5fb448e5c713","1","778","蝦皮","","已完成","2026-04-23T07:41:26.12012+00:00","388.5","389.5","6bd05ea5-44eb-46de-a7f2-cd540b4ca715",""
"bf6f55f7-0a68-4c9a-8973-9a08a8839761","2025-12-13T00:00:00+00:00","20251213003","a1827b36-e7eb-40ff-a912-3038ed39c058","1","650","蝦皮","","已完成","2026-04-23T07:41:26.12012+00:00","106","544","6bd05ea5-44eb-46de-a7f2-cd540b4ca715",""
"7012ffac-7512-4b92-9063-da27d3871b25","2025-12-05T00:00:00+00:00","20251205009","ec22c4d3-700e-4b48-b8b2-5fb448e5c713","1","750","蝦皮","","已完成","2026-04-23T07:41:26.12012+00:00","439","311","6bd05ea5-44eb-46de-a7f2-cd540b4ca715",""
"575d74e7-67e3-454f-bbe8-39511a63b4a2","2025-12-11T00:00:00+00:00","20251211005","13a5ef17-86ea-4659-96d4-0d4b67389437","1","2000","蝦皮","","已完成","2026-04-23T07:41:26.12012+00:00","523","1477","6bd05ea5-44eb-46de-a7f2-cd540b4ca715",""
"465ab2e0-a4b1-4825-87be-13ef197bc79f","2025-12-08T00:00:00+00:00","20251208004","b745b7a5-1951-4240-b576-3f45208ab795","1","1016","蝦皮","","已完成","2026-04-23T07:41:26.12012+00:00","601","415","6bd05ea5-44eb-46de-a7f2-cd540b4ca715",""
"2c55cfc1-b1b6-4904-80ab-88e4dfcb7ce6","2025-11-28T00:00:00+00:00","20251128003","4580ae23-9c31-4547-b940-2c6bc1ef8a77","1","600","蝦皮","","已完成","2026-04-23T07:37:48.563128+00:00","400","200","6bd05ea5-44eb-46de-a7f2-cd540b4ca715",""
"711a71d1-ac1f-4c46-acfb-442885d0c360","2025-11-28T00:00:00+00:00","20251128001","4580ae23-9c31-4547-b940-2c6bc1ef8a77","1","480","蝦皮","","已完成","2026-04-23T07:37:48.563128+00:00","310","170","6bd05ea5-44eb-46de-a7f2-cd540b4ca715",""
"67bb848c-0056-407f-a209-440a2783df52","2025-12-11T00:00:00+00:00","20251211001","4580ae23-9c31-4547-b940-2c6bc1ef8a77","1","600","蝦皮","","已完成","2026-04-23T07:41:26.12012+00:00","400","200","6bd05ea5-44eb-46de-a7f2-cd540b4ca715",""
"d42ae687-9995-4c75-b72c-2793e20ed72a","2025-12-01T00:00:00+00:00","20251201002","ec22c4d3-700e-4b48-b8b2-5fb448e5c713","2","1588","蝦皮","","已完成","2026-04-23T07:41:26.12012+00:00","900","344","6bd05ea5-44eb-46de-a7f2-cd540b4ca715",""
"50c3b523-7520-4d0a-93f6-7347fb6c1e6b","2026-05-13T00:00:00+00:00","20260513006","42687ef1-23ac-4ac9-8a31-fec0072b8a69","1","1800","蝦皮"," (平台手續費: 206)","已出貨","2026-05-20T14:47:45.897346+00:00","806","788","6bd05ea5-44eb-46de-a7f2-cd540b4ca715","206"
"c23179bf-c3f4-46a0-aa26-0fd5aa2b85c7","2025-11-15T00:00:00+00:00","20251115001","1047bac0-fec4-43f0-8205-00f485f3b3f6","1","461","蝦皮","","已完成","2026-04-23T07:37:48.563128+00:00","296.62","164.38","6bd05ea5-44eb-46de-a7f2-cd540b4ca715",""
"ffb85f4b-7777-4d98-bf0c-175232409d9a","2025-11-30T00:00:00+00:00","20251130002","ec22c4d3-700e-4b48-b8b2-5fb448e5c713","1","795","蝦皮","","已完成","2026-04-23T07:37:48.563128+00:00","452","343","6bd05ea5-44eb-46de-a7f2-cd540b4ca715",""
"2d85dc12-df65-47d2-8608-fd75fe119cf5","2025-12-05T00:00:00+00:00","20251205007","ec22c4d3-700e-4b48-b8b2-5fb448e5c713","1","795","蝦皮","","已完成","2026-04-23T07:41:26.12012+00:00","450","345","6bd05ea5-44eb-46de-a7f2-cd540b4ca715",""
"2ccb7431-3805-44a3-8518-c24f203b1767","2025-11-08T00:00:00+00:00","20251108001","ec22c4d3-700e-4b48-b8b2-5fb448e5c713","2","3178","蝦皮","","已完成","2026-04-23T07:37:48.563128+00:00","2512","333","6bd05ea5-44eb-46de-a7f2-cd540b4ca715",""
"b67b0567-b0d6-4813-acbe-5aede4b857a6","2025-12-12T00:00:00+00:00","20251212003","3a0a3cc8-3890-458a-a8b7-d3cc9b03c498","4","1736","蝦皮","","已完成","2026-04-23T07:41:26.12012+00:00","747.48","247.13","6bd05ea5-44eb-46de-a7f2-cd540b4ca715",""
"ef6f4fa5-955e-4b61-be18-b3ab953931d4","2025-11-29T00:00:00+00:00","20251129008","ec22c4d3-700e-4b48-b8b2-5fb448e5c713","1","795","蝦皮","","已完成","2026-04-23T07:37:48.563128+00:00","431","364","6bd05ea5-44eb-46de-a7f2-cd540b4ca715",""
"69d173ee-10d9-495b-bb71-8948ffcebe50","2025-12-06T00:00:00+00:00","20251206005","ec22c4d3-700e-4b48-b8b2-5fb448e5c713","1","750","蝦皮","","已完成","2026-04-23T07:41:26.12012+00:00","361","389","6bd05ea5-44eb-46de-a7f2-cd540b4ca715",""